[INFO] [1790743988.882013599] [exploration]: 探索节点已启动
[INFO] [1790743988.941695425] [exploration]: v=+0.20 w=+0.00 | 直行 d=1.90
[INFO] [1790743989.140692695] [exploration]: v=+0.20 w=+0.00 | 直行 d=1.89
[INFO] [1790743989.241650037] [exploration]: v=+0.20 w=+0.00 | 直行 d=1.88
[INFO] [1790743989.340118221] [exploration]: v=+0.20 w=+0.00 | 直行 d=1.85
[INFO] [1790743989.441457507] [exploration]: v=+0.20 w=+0.00 | 直行 d=1.83
[INFO] [1790743989.541804114] [exploration]: v=+0.20 w=+0.00 | 直行 d=1.80
[INFO] [1790743989.641526356] [exploration]: v=+0.20 w=+0.00 | 直行 d=1.79
[INFO] [1790743989.740724433] [exploration]: v=+0.20 w=+0.00 | 直行 d=1.77
[INFO] [1790743989.943645949] [exploration]: v=+0.20 w=+0.00 | 直行 d=1.74
[INFO] [1790743990.042487477] [exploration]: v=+0.20 w=+0.00 | 直行 d=1.71
[INFO] [1790743990.141356632] [exploration]: v=+0.20 w=+0.00 | 直行 d=1.70
[INFO] [1790743990.241695411] [exploration]: v=+0.20 w=+0.00 | 直行 d=1.68
[INFO] [1790743990.341790050] [exploration]: v=+0.20 w=+0.00 | 直行 d=1.65
[INFO] [1790743990.441532222] [exploration]: v=+0.20 w=+0.00 | 直行 d=1.63
[INFO] [1790743990.541227944] [exploration]: v=+0.20 w=+0.00 | 直行 d=1.62
[INFO] [1790743990.642249732] [exploration]: v=+0.20 w=+0.00 | 直行 d=1.59
[INFO] [1790743990.742533485] [exploration]: v=+0.20 w=+0.00 | 直行 d=1.57
[INFO] [1790743990.843890376] [exploration]: v=+0.20 w=+0.00 | 直行 d=1.55
[INFO] [1790743990.943864182] [exploration]: v=+0.20 w=+0.00 | 直行 d=1.53
[INFO] [1790743991.042845605] [exploration]: v=+0.20 w=+0.00 | 直行 d=1.52
[INFO] [1790743991.143092369] [exploration]: v=+0.20 w=+0.00 | 直行 d=1.49
[INFO] [1790743991.243909973] [exploration]: v=+0.20 w=+0.00 | 直行 d=1.48
[INFO] [1790743991.344007876] [exploration]: v=+0.20 w=+0.00 | 直行 d=1.45
[INFO] [1790743991.444056795] [exploration]: v=+0.20 w=+0.00 | 直行 d=1.43
[INFO] [1790743991.543905639] [exploration]: v=+0.20 w=+0.00 | 直行 d=1.42
[INFO] [1790743991.644881385] [exploration]: v=+0.20 w=+0.00 | 直行 d=1.40
[INFO] [1790743991.743850315] [exploration]: v=+0.20 w=+0.00 | 直行 d=1.37
[INFO] [1790743991.843570880] [exploration]: v=+0.20 w=+0.00 | 直行 d=1.36
[INFO] [1790743991.944163747] [exploration]: v=+0.20 w=+0.00 | 直行 d=1.34
[INFO] [1790743992.044957381] [exploration]: v=+0.20 w=+0.00 | 直行 d=1.32
[INFO] [1790743992.144024734] [exploration]: v=+0.20 w=+0.00 | 直行 d=1.29
[INFO] [1790743992.244525965] [exploration]: v=+0.20 w=+0.00 | 直行 d=1.27
[INFO] [1790743992.344807212] [exploration]: v=+0.20 w=+0.00 | 直行 d=1.25
[INFO] [1790743992.444999808] [exploration]: v=+0.20 w=+0.00 | 直行 d=1.24
[INFO] [1790743992.545552527] [exploration]: v=+0.20 w=+0.00 | 直行 d=1.22
[INFO] [1790743992.645089046] [exploration]: v=+0.20 w=+0.00 | 直行 d=1.19
[INFO] [1790743992.745622088] [exploration]: v=+0.20 w=+0.00 | 直行 d=1.18
[INFO] [1790743992.846039222] [exploration]: v=+0.20 w=+0.00 | 直行 d=1.15
[INFO] [1790743992.947326107] [exploration]: v=+0.20 w=+0.00 | 直行 d=1.13
[INFO] [1790743993.046459056] [exploration]: v=+0.20 w=+0.00 | 直行 d=1.11
[INFO] [1790743993.146594236] [exploration]: v=+0.20 w=+0.00 | 直行 d=1.10
[INFO] [1790743993.246459476] [exploration]: v=+0.20 w=+0.00 | 直行 d=1.07
[INFO] [1790743993.346966119] [exploration]: v=+0.20 w=+0.00 | 直行 d=1.06
[INFO] [1790743993.446692732] [exploration]: v=+0.20 w=+0.00 | 直行 d=1.05
[INFO] [1790743993.546666095] [exploration]: v=+0.20 w=+0.00 | 直行 d=1.00
[INFO] [1790743993.646911920] [exploration]: v=+0.20 w=+0.00 | 直行 d=0.99
[INFO] [1790743993.746481159] [exploration]: v=+0.20 w=+0.00 | 直行 d=0.98
[INFO] [1790743993.846768764] [exploration]: v=+0.20 w=+0.00 | 直行 d=0.96
[INFO] [1790743993.947656745] [exploration]: v=+0.20 w=+0.00 | 直行 d=0.94
[INFO] [1790743994.047113360] [exploration]: v=+0.20 w=+0.00 | 直行 d=0.93
[INFO] [1790743994.148113260] [exploration]: v=+0.20 w=+0.00 | 直行 d=0.91
[INFO] [1790743994.247757210] [exploration]: v=+0.20 w=+0.00 | 直行 d=0.87
[INFO] [1790743994.348052863] [exploration]: v=+0.20 w=+0.00 | 直行 d=0.86
[INFO] [1790743994.448023483] [exploration]: v=+0.20 w=+0.00 | 直行 d=0.84
[INFO] [1790743994.548242754] [exploration]: v=+0.20 w=+0.00 | 直行 d=0.81
[INFO] [1790743994.648482890] [exploration]: v=+0.09 w=+0.00 | 减速 d=0.79
[INFO] [1790743994.747777204] [exploration]: v=+0.00 w=+0.50 | 转向，由于危险 d=0.13
[INFO] [1790743994.847490655] [exploration]: v=+0.00 w=+0.50 | 转向中 front=0.77 目标>0.8
[INFO] [1790743994.947815546] [exploration]: v=+0.00 w=+0.50 | 转向中 front=0.15 目标>0.8
[INFO] [1790743995.047958884] [exploration]: v=+0.00 w=+0.50 | 转向中 front=0.14 目标>0.8
[INFO] [1790743995.147442101] [exploration]: v=+0.00 w=+0.50 | 转向中 front=0.78 目标>0.8
[INFO] [1790743995.247869659] [exploration]: v=+0.00 w=+0.50 | 转向中 front=0.14 目标>0.8
[INFO] [1790743995.348011994] [exploration]: v=+0.00 w=+0.50 | 转向中 front=0.15 目标>0.8
[INFO] [1790743995.449421291] [exploration]: v=+0.00 w=+0.50 | 转向中 front=0.78 目标>0.8
[INFO] [1790743995.549177393] [exploration]: v=+0.00 w=+0.50 | 转向中 front=0.79 目标>0.8
[INFO] [1790743995.848949540] [exploration]: v=+0.00 w=+0.50 | 转向中 front=0.78 目标>0.8
[INFO] [1790743995.950113198] [exploration]: v=+0.00 w=+0.00 | 转向完成，停稳 front=0.80
[INFO] [1790743996.049802470] [exploration]: v=+0.20 w=+0.00 | 直行 d=0.80
[INFO] [1790743996.150826818] [exploration]: v=+0.09 w=+0.00 | 减速 d=0.80
[INFO] [1790743996.251736719] [exploration]: v=+0.00 w=+0.50 | 转向，由于危险 d=0.14
[INFO] [1790743996.351402425] [exploration]: v=+0.00 w=+0.50 | 转向中 front=0.13 目标>0.8
[INFO] [1790743996.450590804] [exploration]: v=+0.00 w=+0.50 | 转向中 front=0.14 目标>0.8
[INFO] [1790743996.650516409] [exploration]: v=+0.00 w=+0.00 | 转向完成，停稳 front=0.82
[INFO] [1790743996.751602635] [exploration]: v=+0.00 w=+0.50 | 转向，由于危险 d=0.40
[INFO] [1790743996.850279891] [exploration]: v=+0.00 w=+0.50 | 转向中 front=0.14 目标>0.8
[INFO] [1790743996.950470360] [exploration]: v=+0.00 w=+0.00 | 转向完成，停稳 front=0.87
[INFO] [1790743997.051650491] [exploration]: v=+0.20 w=+0.00 | 直行 d=0.88
[INFO] [1790743997.152469947] [exploration]: v=+0.20 w=+0.00 | 直行 d=0.89
[INFO] [1790743997.253095931] [exploration]: v=+0.00 w=-0.50 | 转向，由于危险 d=0.13
[INFO] [1790743997.352195270] [exploration]: v=+0.00 w=-0.50 | 转向中 front=0.14 目标>0.8
[INFO] [1790743997.452538561] [exploration]: v=+0.00 w=+0.00 | 转向完成，停稳 front=0.87
[INFO] [1790743997.551921011] [exploration]: v=+0.20 w=+0.00 | 直行 d=0.84
[INFO] [1790743997.652734182] [exploration]: v=+0.00 w=-0.50 | 转向，由于危险 d=0.14
[INFO] [1790743997.751556302] [exploration]: v=+0.00 w=+0.00 | 转向完成，停稳 front=0.84
[INFO] [1790743997.852792427] [exploration]: v=+0.00 w=-0.50 | 转向，由于危险 d=0.13
[INFO] [1790743997.953555137] [exploration]: v=+0.00 w=-0.50 | 转向中 front=0.13 目标>0.8
[INFO] [1790743998.153179711] [exploration]: v=+0.00 w=-0.50 | 转向中 front=0.14 目标>0.8
[INFO] [1790743998.253484594] [exploration]: v=+0.00 w=-0.50 | 转向中 front=0.75 目标>0.8
[INFO] [1790743998.353355721] [exploration]: v=+0.00 w=-0.50 | 转向中 front=0.74 目标>0.8
[INFO] [1790743998.454549550] [exploration]: v=+0.00 w=-0.50 | 转向中 front=0.73 目标>0.8
[INFO] [1790743998.554814823] [exploration]: v=+0.00 w=-0.50 | 转向中 front=0.72 目标>0.8
[INFO] [1790743998.655029045] [exploration]: v=+0.00 w=-0.50 | 转向中 front=0.71 目标>0.8
[INFO] [1790743998.955093624] [exploration]: v=+0.00 w=-0.50 | 转向中 front=0.72 目标>0.8
[INFO] [1790743999.055378556] [exploration]: v=+0.00 w=-0.50 | 转向中 front=0.71 目标>0.8
[INFO] [1790743999.156156696] [exploration]: v=+0.00 w=-0.50 | 转向中 front=0.70 目标>0.8
[INFO] [1790743999.255703445] [exploration]: v=+0.00 w=-0.50 | 转向中 front=0.72 目标>0.8
[INFO] [1790743999.357489905] [exploration]: v=+0.00 w=-0.50 | 转向中 front=0.71 目标>0.8
[INFO] [1790743999.657354243] [exploration]: v=+0.00 w=-0.50 | 转向中 front=0.79 目标>0.8
[INFO] [1790743999.755846968] [exploration]: v=+0.00 w=+0.00 | 转向完成，停稳 front=1.31
[INFO] [1790743999.857947477] [exploration]: v=+0.20 w=+0.00 | 直行 d=1.65
[INFO] [1790743999.957910403] [exploration]: v=+0.20 w=+0.00 | 直行 d=1.63
[INFO] [1790744000.057295876] [exploration]: v=+0.20 w=+0.00 | 直行 d=1.67
[INFO] [1790744000.256986328] [exploration]: v=+0.20 w=+0.00 | 直行 d=1.65
[INFO] [1790744000.457668582] [exploration]: v=+0.20 w=+0.00 | 直行 d=1.64
[INFO] [1790744000.558073799] [exploration]: v=+0.20 w=+0.00 | 直行 d=1.62
[INFO] [1790744000.758519795] [exploration]: v=+0.20 w=+0.00 | 直行 d=1.66
[INFO] [1790744000.857639316] [exploration]: v=+0.20 w=+0.00 | 直行 d=1.64
[INFO] [1790744001.058244865] [exploration]: v=+0.20 w=+0.00 | 直行 d=1.65
[INFO] [1790744001.160028116] [exploration]: v=+0.20 w=+0.00 | 直行 d=1.62
[INFO] [1790744001.258728314] [exploration]: v=+0.20 w=+0.00 | 直行 d=1.64
[INFO] [1790744001.358280080] [exploration]: v=+0.20 w=+0.00 | 直行 d=1.62
[INFO] [1790744001.560008030] [exploration]: v=+0.20 w=+0.00 | 直行 d=1.59
[INFO] [1790744001.660590580] [exploration]: v=+0.20 w=+0.00 | 直行 d=1.60
[INFO] [1790744001.759299536] [exploration]: v=+0.20 w=+0.00 | 直行 d=1.57
[INFO] [1790744001.958692642] [exploration]: v=+0.20 w=+0.00 | 直行 d=1.55
[INFO] [1790744002.059259282] [exploration]: v=+0.20 w=+0.00 | 直行 d=1.54
[INFO] [1790744002.259562953] [exploration]: v=+0.20 w=+0.00 | 直行 d=1.53
[INFO] [1790744002.460409134] [exploration]: v=+0.20 w=+0.00 | 直行 d=1.49
[INFO] [1790744002.560396553] [exploration]: v=+0.20 w=+0.00 | 直行 d=1.51
[INFO] [1790744002.662417221] [exploration]: v=+0.20 w=+0.00 | 直行 d=1.50
[INFO] [1790744002.762288553] [exploration]: v=+0.20 w=+0.00 | 直行 d=1.48
[INFO] [1790744002.861197263] [exploration]: v=+0.20 w=+0.00 | 直行 d=1.46
[INFO] [1790744002.960505559] [exploration]: v=+0.20 w=+0.00 | 直行 d=1.48
[INFO] [1790744003.062572912] [exploration]: v=+0.20 w=+0.00 | 直行 d=1.46
[INFO] [1790744003.162864160] [exploration]: v=+0.20 w=+0.00 | 直行 d=1.43
[INFO] [1790744003.261736592] [exploration]: v=+0.20 w=+0.00 | 直行 d=1.44
[INFO] [1790744003.362301819] [exploration]: v=+0.20 w=+0.00 | 直行 d=1.45
[INFO] [1790744003.462093819] [exploration]: v=+0.20 w=+0.00 | 直行 d=1.40
[INFO] [1790744003.562683975] [exploration]: v=+0.20 w=+0.00 | 直行 d=1.41
[INFO] [1790744003.661983636] [exploration]: v=+0.20 w=+0.00 | 直行 d=1.38
[INFO] [1790744003.862752447] [exploration]: v=+0.20 w=+0.00 | 直行 d=1.37
[INFO] [1790744003.963619902] [exploration]: v=+0.20 w=+0.00 | 直行 d=1.38
[INFO] [1790744004.063155733] [exploration]: v=+0.20 w=+0.00 | 直行 d=1.35
[INFO] [1790744004.163979216] [exploration]: v=+0.20 w=+0.00 | 直行 d=1.34
[INFO] [1790744004.363212827] [exploration]: v=+0.20 w=+0.00 | 直行 d=1.33
[INFO] [1790744004.463104566] [exploration]: v=+0.20 w=+0.00 | 直行 d=1.30
[INFO] [1790744004.564277175] [exploration]: v=+0.20 w=+0.00 | 直行 d=1.31
[INFO] [1790744004.663645100] [exploration]: v=+0.20 w=+0.00 | 直行 d=1.28
[INFO] [1790744004.864340322] [exploration]: v=+0.20 w=+0.00 | 直行 d=1.26
[INFO] [1790744004.965235883] [exploration]: v=+0.20 w=+0.00 | 直行 d=1.27
[INFO] [1790744005.065845552] [exploration]: v=+0.20 w=+0.00 | 直行 d=1.28
[INFO] [1790744005.165912987] [exploration]: v=+0.20 w=+0.00 | 直行 d=1.26
[INFO] [1790744005.264897376] [exploration]: v=+0.20 w=+0.00 | 直行 d=1.24
[INFO] [1790744005.366666006] [exploration]: v=+0.20 w=+0.00 | 直行 d=1.22
[INFO] [1790744005.566169330] [exploration]: v=+0.20 w=+0.00 | 直行 d=1.21
[INFO] [1790744005.665547393] [exploration]: v=+0.20 w=+0.00 | 直行 d=1.20
[INFO] [1790744005.865209381] [exploration]: v=+0.20 w=+0.00 | 直行 d=1.21
[INFO] [1790744005.965079680] [exploration]: v=+0.20 w=+0.00 | 直行 d=1.16
[INFO] [1790744006.064775228] [exploration]: v=+0.20 w=+0.00 | 直行 d=1.15
[INFO] [1790744006.266902753] [exploration]: v=+0.20 w=+0.00 | 直行 d=1.13
[INFO] [1790744006.365299720] [exploration]: v=+0.20 w=+0.00 | 直行 d=1.12
[INFO] [1790744006.465057090] [exploration]: v=+0.20 w=+0.00 | 直行 d=1.11
[INFO] [1790744006.666627357] [exploration]: v=+0.20 w=+0.00 | 直行 d=1.10
[INFO] [1790744006.766687730] [exploration]: v=+0.20 w=+0.00 | 直行 d=1.09
[INFO] [1790744006.867460212] [exploration]: v=+0.20 w=+0.00 | 直行 d=1.08
[INFO] [1790744007.067292650] [exploration]: v=+0.20 w=+0.00 | 直行 d=1.07
[INFO] [1790744007.166988459] [exploration]: v=+0.20 w=+0.00 | 直行 d=1.06
[INFO] [1790744007.267910893] [exploration]: v=+0.20 w=+0.00 | 直行 d=1.09
[INFO] [1790744007.368616284] [exploration]: v=+0.20 w=+0.00 | 直行 d=1.08
[INFO] [1790744007.468552654] [exploration]: v=+0.20 w=+0.00 | 直行 d=1.06
[INFO] [1790744007.669471466] [exploration]: v=+0.20 w=+0.00 | 直行 d=1.04
[INFO] [1790744007.868337592] [exploration]: v=+0.20 w=+0.00 | 直行 d=1.02
[INFO] [1790744008.069142862] [exploration]: v=+0.20 w=+0.00 | 直行 d=1.00
[INFO] [1790744008.169729179] [exploration]: v=+0.20 w=+0.00 | 直行 d=0.98
[INFO] [1790744008.369171634] [exploration]: v=+0.20 w=+0.00 | 直行 d=0.96
[INFO] [1790744008.469385872] [exploration]: v=+0.20 w=+0.00 | 直行 d=0.98
[INFO] [1790744008.570687555] [exploration]: v=+0.20 w=+0.00 | 直行 d=0.96
[INFO] [1790744008.670790296] [exploration]: v=+0.20 w=+0.00 | 直行 d=0.93
[INFO] [1790744008.770150400] [exploration]: v=+0.20 w=+0.00 | 直行 d=0.92
[INFO] [1790744008.870205190] [exploration]: v=+0.20 w=+0.00 | 直行 d=0.94
[INFO] [1790744008.970069878] [exploration]: v=+0.20 w=+0.00 | 直行 d=0.90
[INFO] [1790744009.069997846] [exploration]: v=+0.20 w=+0.00 | 直行 d=0.91
[INFO] [1790744009.169710247] [exploration]: v=+0.20 w=+0.00 | 直行 d=0.89
[INFO] [1790744009.370450715] [exploration]: v=+0.20 w=+0.00 | 直行 d=0.87
[INFO] [1790744009.471638984] [exploration]: v=+0.20 w=+0.00 | 直行 d=0.85
[INFO] [1790744009.571304423] [exploration]: v=+0.20 w=+0.00 | 直行 d=0.84
[INFO] [1790744009.670990415] [exploration]: v=+0.20 w=+0.00 | 直行 d=0.83
[INFO] [1790744009.971343890] [exploration]: v=+0.09 w=+0.00 | 减速 d=0.79
[INFO] [1790744010.072736427] [exploration]: v=+0.00 w=-0.50 | 转向，由于危险 d=0.14
[INFO] [1790744010.173841619] [exploration]: v=+0.00 w=-0.50 | 转向中 front=0.14 目标>0.8
[INFO] [1790744010.272411568] [exploration]: v=+0.00 w=-0.50 | 转向中 front=0.13 目标>0.8
[INFO] [1790744010.372041443] [exploration]: v=+0.00 w=-0.50 | 转向中 front=0.61 目标>0.8
[INFO] [1790744010.471824096] [exploration]: v=+0.00 w=-0.50 | 转向中 front=0.62 目标>0.8
[INFO] [1790744010.572577944] [exploration]: v=+0.00 w=-0.50 | 转向中 front=0.14 目标>0.8
[INFO] [1790744010.672163487] [exploration]: v=+0.00 w=-0.50 | 转向中 front=0.54 目标>0.8
[INFO] [1790744010.772231053] [exploration]: v=+0.00 w=-0.50 | 转向中 front=0.50 目标>0.8
[INFO] [1790744010.872833232] [exploration]: v=+0.00 w=-0.50 | 转向中 front=0.48 目标>0.8
[INFO] [1790744010.972124714] [exploration]: v=+0.00 w=-0.50 | 转向中 front=0.47 目标>0.8
[INFO] [1790744011.072854707] [exploration]: v=+0.00 w=-0.50 | 转向中 front=0.43 目标>0.8
[INFO] [1790744011.173921255] [exploration]: v=+0.00 w=-0.50 | 转向中 front=0.42 目标>0.8
[INFO] [1790744011.273750164] [exploration]: v=+0.00 w=-0.50 | 转向中 front=0.39 目标>0.8
[INFO] [1790744011.473780218] [exploration]: v=+0.00 w=-0.50 | 转向中 front=0.37 目标>0.8
[INFO] [1790744011.573686730] [exploration]: v=+0.00 w=-0.50 | 转向中 front=0.36 目标>0.8
[INFO] [1790744011.673556904] [exploration]: v=+0.00 w=-0.50 | 转向中 front=0.35 目标>0.8
[INFO] [1790744011.772260078] [exploration]: v=+0.00 w=-0.50 | 转向中 front=0.34 目标>0.8
[INFO] [1790744011.975769497] [exploration]: v=+0.00 w=-0.50 | 转向中 front=0.33 目标>0.8
[INFO] [1790744012.074502608] [exploration]: v=+0.00 w=-0.50 | 转向中 front=0.32 目标>0.8
[INFO] [1790744012.374396244] [exploration]: v=+0.00 w=-0.50 | 转向中 front=0.31 目标>0.8
[INFO] [1790744012.674837587] [exploration]: v=+0.00 w=-0.50 | 转向中 front=0.30 目标>0.8
[INFO] [1790744013.075879659] [exploration]: v=+0.00 w=-0.50 | 转向中 front=0.31 目标>0.8
[INFO] [1790744013.176277579] [exploration]: v=+0.00 w=-0.50 | 转向中 front=0.30 目标>0.8
[INFO] [1790744013.275523954] [exploration]: v=+0.00 w=-0.50 | 转向中 front=0.31 目标>0.8
[INFO] [1790744013.476559218] [exploration]: v=+0.00 w=-0.50 | 转向中 front=0.30 目标>0.8
[INFO] [1790744013.576634474] [exploration]: v=+0.00 w=-0.50 | 转向中 front=0.31 目标>0.8
[INFO] [1790744013.776166002] [exploration]: v=+0.00 w=-0.50 | 转向中 front=0.32 目标>0.8
[INFO] [1790744014.076572432] [exploration]: v=+0.00 w=-0.50 | 转向中 front=0.33 目标>0.8
[INFO] [1790744014.176847798] [exploration]: v=+0.00 w=-0.50 | 转向中 front=0.34 目标>0.8
[INFO] [1790744014.277353083] [exploration]: v=+0.00 w=-0.50 | 转向中 front=0.35 目标>0.8
[INFO] [1790744014.377427325] [exploration]: v=+0.00 w=-0.50 | 转向中 front=0.36 目标>0.8
[INFO] [1790744014.477396214] [exploration]: v=+0.00 w=-0.50 | 转向中 front=0.37 目标>0.8
[INFO] [1790744014.577236875] [exploration]: v=+0.00 w=-0.50 | 转向中 front=0.38 目标>0.8
[INFO] [1790744014.677572713] [exploration]: v=+0.00 w=-0.50 | 转向中 front=0.40 目标>0.8
[INFO] [1790744014.777985701] [exploration]: v=+0.00 w=-0.50 | 转向中 front=0.42 目标>0.8
[INFO] [1790744014.878092853] [exploration]: v=+0.00 w=-0.50 | 转向中 front=0.45 目标>0.8
[INFO] [1790744014.978096027] [exploration]: v=+0.00 w=-0.50 | 转向中 front=0.46 目标>0.8
[INFO] [1790744015.078895985] [exploration]: v=+0.00 w=-0.50 | 转向中 front=0.49 目标>0.8
[INFO] [1790744015.177810388] [exploration]: v=+0.00 w=-0.50 | 转向中 front=0.51 目标>0.8
[INFO] [1790744015.278472898] [exploration]: v=+0.00 w=-0.50 | 转向中 front=0.54 目标>0.8
[INFO] [1790744015.378630095] [exploration]: v=+0.00 w=-0.50 | 转向中 front=0.59 目标>0.8
[INFO] [1790744015.479751198] [exploration]: v=+0.00 w=-0.50 | 转向中 front=0.63 目标>0.8
[INFO] [1790744015.579365264] [exploration]: v=+0.00 w=-0.50 | 转向中 front=0.67 目标>0.8
[INFO] [1790744015.679170604] [exploration]: v=+0.00 w=-0.50 | 转向中 front=0.72 目标>0.8
[INFO] [1790744015.779480826] [exploration]: v=+0.00 w=+0.00 | 转向完成，停稳 front=0.80
[INFO] [1790744015.879486990] [exploration]: v=+0.20 w=+0.00 | 直行 d=0.88
[INFO] [1790744015.980224964] [exploration]: v=+0.20 w=+0.00 | 直行 d=0.85
[INFO] [1790744016.080260929] [exploration]: v=+0.20 w=+0.00 | 直行 d=0.87
[INFO] [1790744016.181258254] [exploration]: v=+0.20 w=+0.00 | 直行 d=0.88
[INFO] [1790744016.280173816] [exploration]: v=+0.20 w=+0.00 | 直行 d=0.85
[INFO] [1790744016.480422067] [exploration]: v=+0.20 w=+0.00 | 直行 d=0.84
[INFO] [1790744016.580885368] [exploration]: v=+0.20 w=+0.00 | 直行 d=0.85
[INFO] [1790744016.680394606] [exploration]: v=+0.20 w=+0.00 | 直行 d=0.83
[INFO] [1790744016.881201546] [exploration]: v=+0.20 w=+0.00 | 直行 d=0.81
[INFO] [1790744016.981102782] [exploration]: v=+0.20 w=+0.00 | 直行 d=0.83
[INFO] [1790744017.082478273] [exploration]: v=+0.20 w=+0.00 | 直行 d=0.81
[INFO] [1790744017.180645538] [exploration]: v=+0.20 w=+0.00 | 直行 d=0.80
[INFO] [1790744017.282191109] [exploration]: v=+0.08 w=+0.00 | 减速 d=0.78
[INFO] [1790744017.382537752] [exploration]: v=+0.00 w=-0.50 | 转向，由于危险 d=0.13
[INFO] [1790744017.483046304] [exploration]: v=+0.00 w=+0.00 | 转向完成，停稳 front=0.93
[INFO] [1790744017.582535320] [exploration]: v=+0.20 w=+0.00 | 直行 d=0.89
[INFO] [1790744017.683242375] [exploration]: v=+0.00 w=-0.50 | 转向，由于危险 d=0.13
[INFO] [1790744017.782739127] [exploration]: v=+0.00 w=-0.50 | 转向中 front=0.16 目标>0.8
[INFO] [1790744017.883909693] [exploration]: v=+0.00 w=+0.00 | 转向完成，停稳 front=0.85
[INFO] [1790744017.982782698] [exploration]: v=+0.00 w=-0.50 | 转向，由于危险 d=0.12
[INFO] [1790744018.082492849] [exploration]: v=+0.00 w=+0.00 | 转向完成，停稳 front=1.01
[INFO] [1790744018.183197730] [exploration]: v=+0.00 w=-0.50 | 转向，由于危险 d=0.12
[INFO] [1790744018.281785519] [exploration]: v=+0.00 w=-0.50 | 转向中 front=0.14 目标>0.8
[INFO] [1790744018.382810319] [exploration]: v=+0.00 w=+0.00 | 转向完成，停稳 front=3.50
[INFO] [1790744018.483253754] [exploration]: v=+0.20 w=+0.00 | 开阔（有效回波太少）
[INFO] [1790744020.987810419] [exploration]: v=+0.20 w=+0.00 | 直行 d=3.49
[INFO] [1790744021.087782745] [exploration]: v=+0.20 w=+0.00 | 直行 d=3.46
[INFO] [1790744021.188473199] [exploration]: v=+0.20 w=+0.00 | 直行 d=3.43
[INFO] [1790744021.389103891] [exploration]: v=+0.20 w=+0.00 | 直行 d=3.40
[INFO] [1790744021.490822957] [exploration]: v=+0.20 w=+0.00 | 直行 d=3.39
[INFO] [1790744021.589877194] [exploration]: v=+0.20 w=+0.00 | 直行 d=3.35
[INFO] [1790744021.789380680] [exploration]: v=+0.20 w=+0.00 | 直行 d=3.33
[INFO] [1790744021.889801945] [exploration]: v=+0.20 w=+0.00 | 直行 d=3.31
[INFO] [1790744021.990948381] [exploration]: v=+0.20 w=+0.00 | 直行 d=3.30
[INFO] [1790744022.090895584] [exploration]: v=+0.20 w=+0.00 | 直行 d=3.28
[INFO] [1790744022.191108541] [exploration]: v=+0.20 w=+0.00 | 直行 d=3.26
[INFO] [1790744022.291638035] [exploration]: v=+0.20 w=+0.00 | 直行 d=3.23
[INFO] [1790744022.390289761] [exploration]: v=+0.20 w=+0.00 | 直行 d=3.21
[INFO] [1790744022.491494714] [exploration]: v=+0.20 w=+0.00 | 直行 d=3.18
[INFO] [1790744022.591296071] [exploration]: v=+0.20 w=+0.00 | 直行 d=3.17
[INFO] [1790744022.691282543] [exploration]: v=+0.20 w=+0.00 | 直行 d=3.14
[INFO] [1790744022.791775735] [exploration]: v=+0.20 w=+0.00 | 直行 d=3.15
[INFO] [1790744022.893413626] [exploration]: v=+0.20 w=+0.00 | 直行 d=3.11
[INFO] [1790744022.992531205] [exploration]: v=+0.20 w=+0.00 | 直行 d=3.09
[INFO] [1790744023.192003007] [exploration]: v=+0.20 w=+0.00 | 直行 d=3.08
[INFO] [1790744023.292108506] [exploration]: v=+0.20 w=+0.00 | 直行 d=3.04
[INFO] [1790744023.392890295] [exploration]: v=+0.20 w=+0.00 | 直行 d=3.03
[INFO] [1790744023.493062747] [exploration]: v=+0.20 w=+0.00 | 直行 d=2.98
[INFO] [1790744023.592934785] [exploration]: v=+0.20 w=+0.00 | 直行 d=2.97
[INFO] [1790744023.693223598] [exploration]: v=+0.20 w=+0.00 | 直行 d=2.96
[INFO] [1790744023.794308258] [exploration]: v=+0.20 w=+0.00 | 直行 d=3.04
[INFO] [1790744023.994884623] [exploration]: v=+0.20 w=+0.00 | 直行 d=3.16
[INFO] [1790744024.095155363] [exploration]: v=+0.20 w=+0.00 | 直行 d=3.15
[INFO] [1790744024.194188444] [exploration]: v=+0.20 w=+0.00 | 直行 d=3.38
[INFO] [1790744024.294528005] [exploration]: v=+0.20 w=+0.00 | 直行 d=3.37
[INFO] [1790744024.394237304] [exploration]: v=+0.20 w=+0.00 | 直行 d=3.35
[INFO] [1790744024.494898244] [exploration]: v=+0.20 w=+0.00 | 直行 d=3.34
[INFO] [1790744024.595089169] [exploration]: v=+0.20 w=+0.00 | 直行 d=3.32
[INFO] [1790744024.695202103] [exploration]: v=+0.20 w=+0.00 | 直行 d=3.30
[INFO] [1790744024.794360915] [exploration]: v=+0.20 w=+0.00 | 直行 d=3.28
[INFO] [1790744024.896467126] [exploration]: v=+0.20 w=+0.00 | 直行 d=3.26
[INFO] [1790744024.995122236] [exploration]: v=+0.20 w=+0.00 | 直行 d=3.24
[INFO] [1790744025.095320704] [exploration]: v=+0.20 w=+0.00 | 直行 d=3.22
[INFO] [1790744025.195511447] [exploration]: v=+0.20 w=+0.00 | 直行 d=3.20
[INFO] [1790744025.296284084] [exploration]: v=+0.20 w=+0.00 | 直行 d=3.17
[INFO] [1790744025.497025940] [exploration]: v=+0.20 w=+0.00 | 直行 d=3.15
[INFO] [1790744025.597539158] [exploration]: v=+0.20 w=+0.00 | 直行 d=3.12
[INFO] [1790744025.696144640] [exploration]: v=+0.20 w=+0.00 | 直行 d=3.10
[INFO] [1790744025.796145945] [exploration]: v=+0.20 w=+0.00 | 直行 d=3.08
[INFO] [1790744025.896483464] [exploration]: v=+0.20 w=+0.00 | 直行 d=3.07
[INFO] [1790744025.996353028] [exploration]: v=+0.20 w=+0.00 | 直行 d=3.05
[INFO] [1790744026.095943570] [exploration]: v=+0.20 w=+0.00 | 直行 d=3.02
[INFO] [1790744026.197815088] [exploration]: v=+0.20 w=+0.00 | 直行 d=3.00
[INFO] [1790744026.298166333] [exploration]: v=+0.20 w=+0.00 | 直行 d=2.98
[INFO] [1790744026.398003209] [exploration]: v=+0.20 w=+0.00 | 直行 d=2.97
[INFO] [1790744026.497569646] [exploration]: v=+0.20 w=+0.00 | 直行 d=2.95
[INFO] [1790744026.597791042] [exploration]: v=+0.20 w=+0.00 | 直行 d=2.93
[INFO] [1790744026.698799077] [exploration]: v=+0.20 w=+0.00 | 直行 d=2.91
[INFO] [1790744026.798044581] [exploration]: v=+0.20 w=+0.00 | 直行 d=2.89
[INFO] [1790744026.898874004] [exploration]: v=+0.20 w=+0.00 | 直行 d=2.86
[INFO] [1790744026.997314503] [exploration]: v=+0.20 w=+0.00 | 直行 d=2.85
[INFO] [1790744027.097872886] [exploration]: v=+0.20 w=+0.00 | 直行 d=2.83
[INFO] [1790744027.197736670] [exploration]: v=+0.20 w=+0.00 | 直行 d=2.81
[INFO] [1790744027.298473756] [exploration]: v=+0.20 w=+0.00 | 直行 d=2.79
[INFO] [1790744027.398347152] [exploration]: v=+0.20 w=+0.00 | 直行 d=2.77
[INFO] [1790744027.497952692] [exploration]: v=+0.20 w=+0.00 | 直行 d=2.74
[INFO] [1790744027.698886136] [exploration]: v=+0.20 w=+0.00 | 直行 d=2.71
[INFO] [1790744027.798688991] [exploration]: v=+0.20 w=+0.00 | 直行 d=2.69
[INFO] [1790744027.898938977] [exploration]: v=+0.20 w=+0.00 | 直行 d=2.67
[INFO] [1790744027.999304552] [exploration]: v=+0.20 w=+0.00 | 直行 d=2.65
[INFO] [1790744028.099460930] [exploration]: v=+0.20 w=+0.00 | 直行 d=2.63
[INFO] [1790744028.200696782] [exploration]: v=+0.20 w=+0.00 | 直行 d=2.61
[INFO] [1790744028.299593796] [exploration]: v=+0.20 w=+0.00 | 直行 d=2.60
[INFO] [1790744028.399260704] [exploration]: v=+0.20 w=+0.00 | 直行 d=2.57
[INFO] [1790744028.499161380] [exploration]: v=+0.20 w=+0.00 | 直行 d=2.55
[INFO] [1790744028.599662994] [exploration]: v=+0.20 w=+0.00 | 直行 d=2.54
[INFO] [1790744028.699978772] [exploration]: v=+0.20 w=+0.00 | 直行 d=2.51
[INFO] [1790744028.799774454] [exploration]: v=+0.20 w=+0.00 | 直行 d=2.49
[INFO] [1790744028.900275898] [exploration]: v=+0.20 w=+0.00 | 直行 d=2.47
[INFO] [1790744029.002609713] [exploration]: v=+0.20 w=+0.00 | 直行 d=2.45
[INFO] [1790744029.101959356] [exploration]: v=+0.20 w=+0.00 | 直行 d=2.43
[INFO] [1790744029.201174271] [exploration]: v=+0.20 w=+0.00 | 直行 d=2.41
[INFO] [1790744029.300662558] [exploration]: v=+0.20 w=+0.00 | 直行 d=2.39
[INFO] [1790744029.401519073] [exploration]: v=+0.20 w=+0.00 | 直行 d=2.37
[INFO] [1790744029.500809358] [exploration]: v=+0.20 w=+0.00 | 直行 d=2.36
[INFO] [1790744029.600397938] [exploration]: v=+0.20 w=+0.00 | 直行 d=2.33
[INFO] [1790744029.701336354] [exploration]: v=+0.20 w=+0.00 | 直行 d=2.31
[INFO] [1790744029.801200480] [exploration]: v=+0.20 w=+0.00 | 直行 d=2.29
[INFO] [1790744029.902078115] [exploration]: v=+0.20 w=+0.00 | 直行 d=2.27
[INFO] [1790744030.000874840] [exploration]: v=+0.20 w=+0.00 | 直行 d=2.25
[INFO] [1790744030.101326867] [exploration]: v=+0.20 w=+0.00 | 直行 d=2.23
[INFO] [1790744030.201317895] [exploration]: v=+0.20 w=+0.00 | 直行 d=2.21
[INFO] [1790744030.300931170] [exploration]: v=+0.20 w=+0.00 | 直行 d=2.19
[INFO] [1790744030.401226124] [exploration]: v=+0.20 w=+0.00 | 直行 d=2.17
[INFO] [1790744030.502060847] [exploration]: v=+0.20 w=+0.00 | 直行 d=2.15
[INFO] [1790744030.603027015] [exploration]: v=+0.20 w=+0.00 | 直行 d=2.13
[INFO] [1790744030.702676470] [exploration]: v=+0.20 w=+0.00 | 直行 d=2.12
[INFO] [1790744030.801888976] [exploration]: v=+0.20 w=+0.00 | 直行 d=2.10
[INFO] [1790744030.902513239] [exploration]: v=+0.20 w=+0.00 | 直行 d=2.07
[INFO] [1790744031.002312141] [exploration]: v=+0.20 w=+0.00 | 直行 d=2.05
[INFO] [1790744031.111137543] [exploration]: v=+0.20 w=+0.00 | 直行 d=2.03
[INFO] [1790744031.204984299] [exploration]: v=+0.20 w=+0.00 | 直行 d=2.01
[INFO] [1790744031.304221351] [exploration]: v=+0.20 w=+0.00 | 直行 d=2.00
[INFO] [1790744031.404020856] [exploration]: v=+0.20 w=+0.00 | 直行 d=1.97
[INFO] [1790744031.503295054] [exploration]: v=+0.20 w=+0.00 | 直行 d=1.95
[INFO] [1790744031.603158411] [exploration]: v=+0.20 w=+0.00 | 直行 d=1.94
[INFO] [1790744031.702712767] [exploration]: v=+0.20 w=+0.00 | 直行 d=1.91
[INFO] [1790744031.803761141] [exploration]: v=+0.20 w=+0.00 | 直行 d=1.89
[INFO] [1790744031.904793753] [exploration]: v=+0.20 w=+0.00 | 直行 d=1.87
[INFO] [1790744032.003959114] [exploration]: v=+0.20 w=+0.00 | 直行 d=1.85
[INFO] [1790744032.105434519] [exploration]: v=+0.20 w=+0.00 | 直行 d=1.83
[INFO] [1790744032.205180874] [exploration]: v=+0.20 w=+0.00 | 直行 d=1.82
[INFO] [1790744032.304565415] [exploration]: v=+0.20 w=+0.00 | 直行 d=1.79
[INFO] [1790744032.404027215] [exploration]: v=+0.20 w=+0.00 | 直行 d=1.78
[INFO] [1790744032.503979051] [exploration]: v=+0.20 w=+0.00 | 直行 d=1.75
[INFO] [1790744032.605550167] [exploration]: v=+0.20 w=+0.00 | 直行 d=1.74
[INFO] [1790744032.705907409] [exploration]: v=+0.20 w=+0.00 | 直行 d=1.71
[INFO] [1790744032.805142126] [exploration]: v=+0.20 w=+0.00 | 直行 d=1.70
[INFO] [1790744032.905740868] [exploration]: v=+0.20 w=+0.00 | 直行 d=1.68
[INFO] [1790744033.004902520] [exploration]: v=+0.20 w=+0.00 | 直行 d=1.65
[INFO] [1790744033.105432650] [exploration]: v=+0.20 w=+0.00 | 直行 d=1.63
[INFO] [1790744033.206095216] [exploration]: v=+0.20 w=+0.00 | 直行 d=1.61
[INFO] [1790744033.305716728] [exploration]: v=+0.20 w=+0.00 | 直行 d=1.60
[INFO] [1790744033.405760142] [exploration]: v=+0.20 w=+0.00 | 直行 d=1.58
[INFO] [1790744033.505434912] [exploration]: v=+0.20 w=+0.00 | 直行 d=1.55
[INFO] [1790744033.605731009] [exploration]: v=+0.20 w=+0.00 | 直行 d=1.53
[INFO] [1790744033.707090597] [exploration]: v=+0.20 w=+0.00 | 直行 d=1.51
[INFO] [1790744033.807970112] [exploration]: v=+0.20 w=+0.00 | 直行 d=1.50
[INFO] [1790744033.908405422] [exploration]: v=+0.20 w=+0.00 | 直行 d=1.48
[INFO] [1790744034.008797356] [exploration]: v=+0.20 w=+0.00 | 直行 d=1.46
[INFO] [1790744034.108252335] [exploration]: v=+0.20 w=+0.00 | 直行 d=1.44
[INFO] [1790744034.208145022] [exploration]: v=+0.20 w=+0.00 | 直行 d=1.42
[INFO] [1790744034.307857540] [exploration]: v=+0.20 w=+0.00 | 直行 d=1.40
[INFO] [1790744034.408415197] [exploration]: v=+0.20 w=+0.00 | 直行 d=1.37
[INFO] [1790744034.508490835] [exploration]: v=+0.20 w=+0.00 | 直行 d=1.36
[INFO] [1790744034.609015940] [exploration]: v=+0.20 w=+0.00 | 直行 d=1.34
[INFO] [1790744034.709834419] [exploration]: v=+0.20 w=+0.00 | 直行 d=1.32
[INFO] [1790744034.809568770] [exploration]: v=+0.20 w=+0.00 | 直行 d=1.29
[INFO] [1790744034.909157220] [exploration]: v=+0.20 w=+0.00 | 直行 d=1.28
[INFO] [1790744035.009008067] [exploration]: v=+0.20 w=+0.00 | 直行 d=1.26
[INFO] [1790744035.109963021] [exploration]: v=+0.20 w=+0.00 | 直行 d=1.24
[INFO] [1790744035.209767198] [exploration]: v=+0.20 w=+0.00 | 直行 d=1.22
[INFO] [1790744035.309858763] [exploration]: v=+0.20 w=+0.00 | 直行 d=1.19
[INFO] [1790744035.410511796] [exploration]: v=+0.20 w=+0.00 | 直行 d=1.18
[INFO] [1790744035.511821521] [exploration]: v=+0.20 w=+0.00 | 直行 d=1.16
[INFO] [1790744035.611495933] [exploration]: v=+0.20 w=+0.00 | 直行 d=1.14
[INFO] [1790744035.711085400] [exploration]: v=+0.20 w=+0.00 | 直行 d=1.11
[INFO] [1790744035.811519306] [exploration]: v=+0.20 w=+0.00 | 直行 d=1.09
[INFO] [1790744035.912327479] [exploration]: v=+0.20 w=+0.00 | 直行 d=1.07
[INFO] [1790744036.011742303] [exploration]: v=+0.20 w=+0.00 | 直行 d=1.06
[INFO] [1790744036.111071176] [exploration]: v=+0.20 w=+0.00 | 直行 d=1.04
[INFO] [1790744036.211298241] [exploration]: v=+0.20 w=+0.00 | 直行 d=1.02
[INFO] [1790744036.311543203] [exploration]: v=+0.20 w=+0.00 | 直行 d=1.00
[INFO] [1790744036.412550746] [exploration]: v=+0.20 w=+0.00 | 直行 d=0.98
[INFO] [1790744036.512453958] [exploration]: v=+0.20 w=+0.00 | 直行 d=0.95
[INFO] [1790744036.612651626] [exploration]: v=+0.20 w=+0.00 | 直行 d=0.94
[INFO] [1790744036.712644777] [exploration]: v=+0.20 w=+0.00 | 直行 d=0.92
[INFO] [1790744036.812060887] [exploration]: v=+0.20 w=+0.00 | 直行 d=0.90
[INFO] [1790744036.912035207] [exploration]: v=+0.20 w=+0.00 | 直行 d=0.88
[INFO] [1790744037.011712325] [exploration]: v=+0.20 w=+0.00 | 直行 d=0.86
[INFO] [1790744037.112458774] [exploration]: v=+0.20 w=+0.00 | 直行 d=0.84
[INFO] [1790744037.212729145] [exploration]: v=+0.20 w=+0.00 | 直行 d=0.82
[INFO] [1790744037.313255623] [exploration]: v=+0.09 w=+0.00 | 减速 d=0.80
[INFO] [1790744037.413262020] [exploration]: v=+0.00 w=+0.50 | 转向，由于危险 d=0.15
[INFO] [1790744037.514263814] [exploration]: v=+0.00 w=+0.50 | 转向中 front=0.14 目标>0.8
[INFO] [1790744037.714656179] [exploration]: v=+0.00 w=+0.50 | 转向中 front=0.76 目标>0.8
[INFO] [1790744037.816002405] [exploration]: v=+0.00 w=+0.50 | 转向中 front=0.13 目标>0.8
[INFO] [1790744038.017236096] [exploration]: v=+0.00 w=+0.50 | 转向中 front=0.76 目标>0.8
[INFO] [1790744038.116030799] [exploration]: v=+0.00 w=+0.50 | 转向中 front=0.77 目标>0.8
[INFO] [1790744038.217177569] [exploration]: v=+0.00 w=+0.50 | 转向中 front=0.14 目标>0.8
[INFO] [1790744038.316139872] [exploration]: v=+0.00 w=+0.50 | 转向中 front=0.78 目标>0.8
[INFO] [1790744038.516211180] [exploration]: v=+0.00 w=+0.50 | 转向中 front=0.79 目标>0.8
[INFO] [1790744038.615955111] [exploration]: v=+0.00 w=+0.00 | 转向完成，停稳 front=0.80
[INFO] [1790744038.715827842] [exploration]: v=+0.20 w=+0.00 | 直行 d=0.81
[INFO] [1790744038.815319633] [exploration]: v=+0.09 w=+0.00 | 减速 d=0.79
[INFO] [1790744039.016399705] [exploration]: v=+0.08 w=+0.00 | 减速 d=0.78
[INFO] [1790744039.115753716] [exploration]: v=+0.08 w=+0.00 | 减速 d=0.77
[INFO] [1790744039.316963800] [exploration]: v=+0.08 w=+0.00 | 减速 d=0.75
[INFO] [1790744039.418101457] [exploration]: v=+0.08 w=+0.00 | 减速 d=0.76
[INFO] [1790744039.517480367] [exploration]: v=+0.07 w=+0.00 | 减速 d=0.74
[INFO] [1790744039.617148311] [exploration]: v=+0.07 w=+0.00 | 减速 d=0.73
[INFO] [1790744039.717333166] [exploration]: v=+0.07 w=+0.00 | 减速 d=0.74
[INFO] [1790744039.817540231] [exploration]: v=+0.07 w=+0.00 | 减速 d=0.72
[INFO] [1790744040.017494334] [exploration]: v=+0.07 w=+0.00 | 减速 d=0.71
[INFO] [1790744040.117566283] [exploration]: v=+0.07 w=+0.00 | 减速 d=0.70
[INFO] [1790744040.218927897] [exploration]: v=+0.07 w=+0.00 | 减速 d=0.71
[INFO] [1790744040.318726391] [exploration]: v=+0.06 w=+0.00 | 减速 d=0.69
[INFO] [1790744040.518173087] [exploration]: v=+0.06 w=+0.00 | 减速 d=0.68
[INFO] [1790744040.618793068] [exploration]: v=+0.06 w=+0.00 | 减速 d=0.67
[INFO] [1790744040.819003168] [exploration]: v=+0.06 w=+0.00 | 减速 d=0.66
[INFO] [1790744041.019080212] [exploration]: v=+0.05 w=+0.00 | 减速 d=0.64
[INFO] [1790744041.119417402] [exploration]: v=+0.05 w=+0.00 | 减速 d=0.65
[INFO] [1790744041.220021118] [exploration]: v=+0.05 w=+0.00 | 减速 d=0.64
[INFO] [1790744041.321047126] [exploration]: v=+0.05 w=+0.00 | 减速 d=0.63
[INFO] [1790744041.620626184] [exploration]: v=+0.05 w=+0.00 | 减速 d=0.62
[INFO] [1790744041.820446781] [exploration]: v=+0.05 w=+0.00 | 减速 d=0.61
[INFO] [1790744042.120908278] [exploration]: v=+0.05 w=+0.00 | 减速 d=0.60
[INFO] [1790744042.221553117] [exploration]: v=+0.05 w=+0.00 | 减速 d=0.59
[INFO] [1790744042.321796845] [exploration]: v=+0.05 w=+0.00 | 减速 d=0.60
[INFO] [1790744042.521512818] [exploration]: v=+0.05 w=+0.00 | 减速 d=0.59
[INFO] [1790744042.621568304] [exploration]: v=+0.05 w=+0.00 | 减速 d=0.58
[INFO] [1790744042.720937362] [exploration]: v=+0.05 w=+0.00 | 减速 d=0.57
[INFO] [1790744042.821333066] [exploration]: v=+0.05 w=+0.00 | 减速 d=0.58
[INFO] [1790744042.922503939] [exploration]: v=+0.05 w=+0.00 | 减速 d=0.56
[INFO] [1790744043.022995586] [exploration]: v=+0.05 w=+0.00 | 减速 d=0.57
[INFO] [1790744043.122339474] [exploration]: v=+0.05 w=+0.00 | 减速 d=0.56
[INFO] [1790744043.222300749] [exploration]: v=+0.05 w=+0.00 | 减速 d=0.55
[INFO] [1790744043.323786543] [exploration]: v=+0.05 w=+0.00 | 减速 d=0.56
[INFO] [1790744043.422708517] [exploration]: v=+0.05 w=+0.00 | 减速 d=0.54
[INFO] [1790744043.622300527] [exploration]: v=+0.05 w=+0.00 | 减速 d=0.53
[INFO] [1790744043.923605763] [exploration]: v=+0.05 w=+0.00 | 减速 d=0.52
[INFO] [1790744044.123511653] [exploration]: v=+0.05 w=+0.00 | 减速 d=0.51
[INFO] [1790744044.323123147] [exploration]: v=+0.05 w=+0.00 | 减速 d=0.50
[INFO] [1790744044.423701275] [exploration]: v=+0.05 w=+0.00 | 减速 d=0.49
[INFO] [1790744044.824938394] [exploration]: v=+0.05 w=+0.00 | 减速 d=0.48
[INFO] [1790744045.024799338] [exploration]: v=+0.05 w=+0.00 | 减速 d=0.46
[INFO] [1790744045.324956150] [exploration]: v=+0.05 w=+0.00 | 减速 d=0.45
[INFO] [1790744045.525830963] [exploration]: v=+0.05 w=+0.00 | 减速 d=0.44
[INFO] [1790744045.826611069] [exploration]: v=+0.05 w=+0.00 | 减速 d=0.43
[INFO] [1790744046.126580578] [exploration]: v=+0.05 w=+0.00 | 减速 d=0.42
[INFO] [1790744046.226737033] [exploration]: v=+0.05 w=+0.00 | 减速 d=0.41
[INFO] [1790744046.327006475] [exploration]: v=+0.00 w=+0.50 | 转向，由于危险 d=0.40
[INFO] [1790744046.427461864] [exploration]: v=+0.00 w=+0.50 | 转向中 front=0.14 目标>0.8
[INFO] [1790744046.727019560] [exploration]: v=+0.00 w=+0.50 | 转向中 front=0.40 目标>0.8
[INFO] [1790744046.826609878] [exploration]: v=+0.00 w=+0.50 | 转向中 front=0.13 目标>0.8
[INFO] [1790744047.027709677] [exploration]: v=+0.00 w=+0.50 | 转向中 front=0.14 目标>0.8
[INFO] [1790744047.127956848] [exploration]: v=+0.00 w=+0.00 | 转向完成，停稳 front=0.87
[INFO] [1790744047.228731594] [exploration]: v=+0.00 w=+0.50 | 转向，由于危险 d=0.14
[INFO] [1790744047.328601660] [exploration]: v=+0.00 w=+0.00 | 转向完成，停稳 front=0.87
[INFO] [1790744047.429197972] [exploration]: v=+0.00 w=+0.50 | 转向，由于危险 d=0.14
[INFO] [1790744047.528312132] [exploration]: v=+0.00 w=+0.50 | 转向中 front=0.14 目标>0.8
[INFO] [1790744047.629388383] [exploration]: v=+0.00 w=+0.00 | 转向完成，停稳 front=0.87
[INFO] [1790744047.729352604] [exploration]: v=+0.00 w=+0.50 | 转向，由于危险 d=0.15
[INFO] [1790744047.830077493] [exploration]: v=+0.00 w=+0.00 | 转向完成，停稳 front=0.88
[INFO] [1790744047.930012477] [exploration]: v=+0.00 w=+0.50 | 转向，由于危险 d=0.14
[INFO] [1790744048.029574387] [exploration]: v=+0.00 w=+0.50 | 转向中 front=0.13 目标>0.8
[INFO] [1790744048.130268783] [exploration]: v=+0.00 w=+0.00 | 转向完成，停稳 front=0.86
[INFO] [1790744048.230132151] [exploration]: v=+0.00 w=+0.50 | 转向，由于危险 d=0.40
[INFO] [1790744048.330252938] [exploration]: v=+0.00 w=+0.00 | 转向完成，停稳 front=0.87
[INFO] [1790744048.430531810] [exploration]: v=+0.20 w=+0.00 | 直行 d=0.87
[INFO] [1790744048.530983278] [exploration]: v=+0.00 w=+0.50 | 转向，由于危险 d=0.15
[INFO] [1790744048.631848850] [exploration]: v=+0.00 w=+0.00 | 转向完成，停稳 front=1.26
[INFO] [1790744048.731790902] [exploration]: v=+0.20 w=+0.00 | 直行 d=1.29
[INFO] [1790744048.831673818] [exploration]: v=+0.20 w=+0.00 | 直行 d=1.30
[INFO] [1790744048.930976910] [exploration]: v=+0.00 w=+0.50 | 转向，由于危险 d=0.15
[INFO] [1790744049.031324612] [exploration]: v=+0.00 w=+0.50 | 转向中 front=0.13 目标>0.8
[INFO] [1790744049.230707063] [exploration]: v=+0.00 w=+0.50 | 转向中 front=0.15 目标>0.8
[INFO] [1790744049.332044666] [exploration]: v=+0.00 w=+0.50 | 转向中 front=0.14 目标>0.8
[INFO] [1790744049.431506226] [exploration]: v=+0.00 w=+0.50 | 转向中 front=0.16 目标>0.8
[INFO] [1790744049.531328326] [exploration]: v=+0.00 w=+0.50 | 转向中 front=0.14 目标>0.8
[INFO] [1790744049.632040722] [exploration]: v=+0.00 w=+0.50 | 转向中 front=0.13 目标>0.8
[INFO] [1790744049.834076012] [exploration]: v=+0.00 w=+0.00 | 转向完成，停稳 front=2.88
[INFO] [1790744049.932753382] [exploration]: v=+0.20 w=+0.00 | 直行 d=2.89
[INFO] [1790744050.034604771] [exploration]: v=+0.20 w=+0.00 | 直行 d=2.88
[INFO] [1790744050.133588721] [exploration]: v=+0.20 w=+0.00 | 直行 d=2.87
[INFO] [1790744050.233701587] [exploration]: v=+0.20 w=+0.00 | 直行 d=2.85
[INFO] [1790744050.333411332] [exploration]: v=+0.20 w=+0.00 | 直行 d=2.83
[INFO] [1790744050.433577392] [exploration]: v=+0.20 w=+0.00 | 直行 d=2.81
[INFO] [1790744050.534009767] [exploration]: v=+0.20 w=+0.00 | 直行 d=2.79
[INFO] [1790744050.634412973] [exploration]: v=+0.20 w=+0.00 | 直行 d=2.77
[INFO] [1790744050.733905921] [exploration]: v=+0.20 w=+0.00 | 直行 d=2.75
[INFO] [1790744050.835005284] [exploration]: v=+0.20 w=+0.00 | 直行 d=2.72
[INFO] [1790744050.934594608] [exploration]: v=+0.20 w=+0.00 | 直行 d=2.71
[INFO] [1790744051.034721463] [exploration]: v=+0.20 w=+0.00 | 直行 d=2.69
[INFO] [1790744051.134289956] [exploration]: v=+0.20 w=+0.00 | 直行 d=2.67
[INFO] [1790744051.235654705] [exploration]: v=+0.20 w=+0.00 | 直行 d=2.65
[INFO] [1790744051.335007637] [exploration]: v=+0.20 w=+0.00 | 直行 d=2.62
[INFO] [1790744051.434622024] [exploration]: v=+0.20 w=+0.00 | 直行 d=2.61
[INFO] [1790744051.534775917] [exploration]: v=+0.20 w=+0.00 | 直行 d=2.59
[INFO] [1790744051.635990041] [exploration]: v=+0.20 w=+0.00 | 直行 d=2.57
[INFO] [1790744051.736197683] [exploration]: v=+0.20 w=+0.00 | 直行 d=2.55
[INFO] [1790744051.836477263] [exploration]: v=+0.20 w=+0.00 | 直行 d=2.53
[INFO] [1790744051.936296013] [exploration]: v=+0.20 w=+0.00 | 直行 d=2.51
[INFO] [1790744052.037266148] [exploration]: v=+0.20 w=+0.00 | 直行 d=2.49
[INFO] [1790744052.137881762] [exploration]: v=+0.20 w=+0.00 | 直行 d=2.46
[INFO] [1790744052.236658121] [exploration]: v=+0.20 w=+0.00 | 直行 d=2.44
[INFO] [1790744052.336487837] [exploration]: v=+0.20 w=+0.00 | 直行 d=2.43
[INFO] [1790744052.436805484] [exploration]: v=+0.20 w=+0.00 | 直行 d=2.41
[INFO] [1790744052.538831944] [exploration]: v=+0.20 w=+0.00 | 直行 d=2.38
[INFO] [1790744052.638345041] [exploration]: v=+0.20 w=+0.00 | 直行 d=2.37
[INFO] [1790744052.738137690] [exploration]: v=+0.20 w=+0.00 | 直行 d=2.35
[INFO] [1790744052.838336030] [exploration]: v=+0.20 w=+0.00 | 直行 d=2.33
[INFO] [1790744052.937968328] [exploration]: v=+0.20 w=+0.00 | 直行 d=2.31
[INFO] [1790744053.039176366] [exploration]: v=+0.20 w=+0.00 | 直行 d=2.29
[INFO] [1790744053.138329952] [exploration]: v=+0.20 w=+0.00 | 直行 d=2.27
[INFO] [1790744053.240582341] [exploration]: v=+0.20 w=+0.00 | 直行 d=2.25
[INFO] [1790744053.340479890] [exploration]: v=+0.20 w=+0.00 | 直行 d=2.23
[INFO] [1790744053.439453515] [exploration]: v=+0.20 w=+0.00 | 直行 d=2.21
[INFO] [1790744053.539426912] [exploration]: v=+0.20 w=+0.00 | 直行 d=2.18
[INFO] [1790744053.639599891] [exploration]: v=+0.20 w=+0.00 | 直行 d=2.16
[INFO] [1790744053.739288825] [exploration]: v=+0.20 w=+0.00 | 直行 d=2.15
[INFO] [1790744053.840030281] [exploration]: v=+0.20 w=+0.00 | 直行 d=2.13
[INFO] [1790744053.940686663] [exploration]: v=+0.20 w=+0.00 | 直行 d=2.11
[INFO] [1790744054.040518999] [exploration]: v=+0.20 w=+0.00 | 直行 d=2.09
[INFO] [1790744054.141037377] [exploration]: v=+0.20 w=+0.00 | 直行 d=2.07
[INFO] [1790744054.240038289] [exploration]: v=+0.20 w=+0.00 | 直行 d=2.05
[INFO] [1790744054.339138747] [exploration]: v=+0.20 w=+0.00 | 直行 d=2.03
[INFO] [1790744054.441345263] [exploration]: v=+0.20 w=+0.00 | 直行 d=2.00
[INFO] [1790744054.541420570] [exploration]: v=+0.20 w=+0.00 | 直行 d=1.98
[INFO] [1790744054.640723763] [exploration]: v=+0.20 w=+0.00 | 直行 d=1.96
[INFO] [1790744054.740955648] [exploration]: v=+0.20 w=+0.00 | 直行 d=1.95
[INFO] [1790744054.839953525] [exploration]: v=+0.20 w=+0.00 | 直行 d=1.93
[INFO] [1790744054.940250294] [exploration]: v=+0.20 w=+0.00 | 直行 d=1.90
[INFO] [1790744055.039893747] [exploration]: v=+0.20 w=+0.00 | 直行 d=1.89
[INFO] [1790744055.139741370] [exploration]: v=+0.20 w=+0.00 | 直行 d=1.87
[INFO] [1790744055.241119976] [exploration]: v=+0.20 w=+0.00 | 直行 d=1.85
[INFO] [1790744055.341301840] [exploration]: v=+0.20 w=+0.00 | 直行 d=1.83
[INFO] [1790744055.441439078] [exploration]: v=+0.20 w=+0.00 | 直行 d=1.81
[INFO] [1790744055.542696321] [exploration]: v=+0.20 w=+0.00 | 直行 d=1.79
[INFO] [1790744055.642316476] [exploration]: v=+0.20 w=+0.00 | 直行 d=1.77
[INFO] [1790744055.742649915] [exploration]: v=+0.20 w=+0.00 | 直行 d=1.75
[INFO] [1790744055.841893056] [exploration]: v=+0.20 w=+0.00 | 直行 d=1.73
[INFO] [1790744055.942452890] [exploration]: v=+0.20 w=+0.00 | 直行 d=1.70
[INFO] [1790744056.042515825] [exploration]: v=+0.20 w=+0.00 | 直行 d=1.69
[INFO] [1790744056.142700100] [exploration]: v=+0.20 w=+0.00 | 直行 d=1.66
[INFO] [1790744056.242900465] [exploration]: v=+0.20 w=+0.00 | 直行 d=1.65
[INFO] [1790744056.343974154] [exploration]: v=+0.20 w=+0.00 | 直行 d=1.63
[INFO] [1790744056.444766048] [exploration]: v=+0.20 w=+0.00 | 直行 d=1.61
[INFO] [1790744056.543174621] [exploration]: v=+0.20 w=+0.00 | 直行 d=1.58
[INFO] [1790744056.643536333] [exploration]: v=+0.20 w=+0.00 | 直行 d=1.56
[INFO] [1790744056.743953443] [exploration]: v=+0.20 w=+0.00 | 直行 d=1.55
[INFO] [1790744056.845464583] [exploration]: v=+0.20 w=+0.00 | 直行 d=1.52
[INFO] [1790744056.944779040] [exploration]: v=+0.20 w=+0.00 | 直行 d=1.50
[INFO] [1790744057.044050696] [exploration]: v=+0.20 w=+0.00 | 直行 d=1.49
[INFO] [1790744057.143925943] [exploration]: v=+0.20 w=+0.00 | 直行 d=1.47
[INFO] [1790744057.245811122] [exploration]: v=+0.20 w=+0.00 | 直行 d=1.45
[INFO] [1790744057.345436425] [exploration]: v=+0.20 w=+0.00 | 直行 d=1.43
[INFO] [1790744057.447279973] [exploration]: v=+0.20 w=+0.00 | 直行 d=1.40
[INFO] [1790744057.546807527] [exploration]: v=+0.20 w=+0.00 | 直行 d=1.38
[INFO] [1790744057.645718938] [exploration]: v=+0.20 w=+0.00 | 直行 d=1.36
[INFO] [1790744057.746540904] [exploration]: v=+0.20 w=+0.00 | 直行 d=1.34
[INFO] [1790744057.846637120] [exploration]: v=+0.20 w=+0.00 | 直行 d=1.32
[INFO] [1790744057.945200747] [exploration]: v=+0.20 w=+0.00 | 直行 d=1.31
[INFO] [1790744058.046743745] [exploration]: v=+0.20 w=+0.00 | 直行 d=1.29
[INFO] [1790744058.146821404] [exploration]: v=+0.20 w=+0.00 | 直行 d=1.26
[INFO] [1790744058.247020369] [exploration]: v=+0.20 w=+0.00 | 直行 d=1.24
[INFO] [1790744058.348784412] [exploration]: v=+0.20 w=+0.00 | 直行 d=1.22
[INFO] [1790744058.447847939] [exploration]: v=+0.20 w=+0.00 | 直行 d=1.20
[INFO] [1790744058.547823068] [exploration]: v=+0.20 w=+0.00 | 直行 d=1.18
[INFO] [1790744058.647630663] [exploration]: v=+0.20 w=+0.00 | 直行 d=1.17
[INFO] [1790744058.747446330] [exploration]: v=+0.20 w=+0.00 | 直行 d=1.14
[INFO] [1790744058.848161420] [exploration]: v=+0.20 w=+0.00 | 直行 d=1.12
[INFO] [1790744058.948814716] [exploration]: v=+0.20 w=+0.00 | 直行 d=1.11
[INFO] [1790744059.047226781] [exploration]: v=+0.20 w=+0.00 | 直行 d=1.08
[INFO] [1790744059.148638057] [exploration]: v=+0.20 w=+0.00 | 直行 d=1.07
[INFO] [1790744059.249255059] [exploration]: v=+0.20 w=+0.00 | 直行 d=1.05
[INFO] [1790744059.349577912] [exploration]: v=+0.20 w=+0.00 | 直行 d=1.02
[INFO] [1790744059.449740905] [exploration]: v=+0.20 w=+0.00 | 直行 d=1.01
[INFO] [1790744059.550441249] [exploration]: v=+0.20 w=+0.00 | 直行 d=0.98
[INFO] [1790744059.649345666] [exploration]: v=+0.20 w=+0.00 | 直行 d=0.96
[INFO] [1790744059.749689178] [exploration]: v=+0.20 w=+0.00 | 直行 d=0.95
[INFO] [1790744059.849461402] [exploration]: v=+0.20 w=+0.00 | 直行 d=0.92
[INFO] [1790744059.949939086] [exploration]: v=+0.20 w=+0.00 | 直行 d=0.90
[INFO] [1790744060.050323013] [exploration]: v=+0.20 w=+0.00 | 直行 d=0.88
[INFO] [1790744060.150012337] [exploration]: v=+0.20 w=+0.00 | 直行 d=0.86
[INFO] [1790744060.251165001] [exploration]: v=+0.20 w=+0.00 | 直行 d=0.84
[INFO] [1790744060.350036381] [exploration]: v=+0.20 w=+0.00 | 直行 d=0.82
[INFO] [1790744060.450578948] [exploration]: v=+0.20 w=+0.00 | 直行 d=0.80
[INFO] [1790744060.549955645] [exploration]: v=+0.08 w=+0.00 | 减速 d=0.78
[INFO] [1790744060.650278813] [exploration]: v=+0.08 w=+0.00 | 减速 d=0.76
[INFO] [1790744060.749892725] [exploration]: v=+0.08 w=+0.00 | 减速 d=0.75
[INFO] [1790744060.852462615] [exploration]: v=+0.00 w=-0.50 | 转向，由于危险 d=0.15
[INFO] [1790744060.951952123] [exploration]: v=+0.00 w=-0.50 | 转向中 front=0.15 目标>0.8
[INFO] [1790744061.050843916] [exploration]: v=+0.00 w=-0.50 | 转向中 front=0.13 目标>0.8
[INFO] [1790744061.151115934] [exploration]: v=+0.00 w=-0.50 | 转向中 front=0.73 目标>0.8
[INFO] [1790744061.251508253] [exploration]: v=+0.00 w=-0.50 | 转向中 front=0.14 目标>0.8
[INFO] [1790744061.452209488] [exploration]: v=+0.00 w=-0.50 | 转向中 front=0.73 目标>0.8
[INFO] [1790744061.552004228] [exploration]: v=+0.00 w=-0.50 | 转向中 front=0.14 目标>0.8
[INFO] [1790744061.652057668] [exploration]: v=+0.00 w=-0.50 | 转向中 front=0.15 目标>0.8
[INFO] [1790744061.752807451] [exploration]: v=+0.00 w=-0.50 | 转向中 front=0.76 目标>0.8
[INFO] [1790744062.054620553] [exploration]: v=+0.00 w=-0.50 | 转向中 front=0.79 目标>0.8
[INFO] [1790744062.153144203] [exploration]: v=+0.00 w=-0.50 | 转向中 front=0.80 目标>0.8
[INFO] [1790744062.253073056] [exploration]: v=+0.00 w=+0.00 | 转向完成，停稳 front=0.82
[INFO] [1790744062.353045550] [exploration]: v=+0.20 w=+0.00 | 直行 d=0.82
[INFO] [1790744062.453545002] [exploration]: v=+0.20 w=+0.00 | 直行 d=0.80
[INFO] [1790744062.554675008] [exploration]: v=+0.20 w=+0.00 | 直行 d=0.81
[INFO] [1790744062.654951362] [exploration]: v=+0.09 w=+0.00 | 减速 d=0.79
[INFO] [1790744062.855051579] [exploration]: v=+0.00 w=-0.50 | 转向，由于危险 d=0.14
[INFO] [1790744062.954634075] [exploration]: v=+0.00 w=-0.50 | 转向中 front=0.76 目标>0.8
[INFO] [1790744063.053281141] [exploration]: v=+0.00 w=-0.50 | 转向中 front=0.13 目标>0.8
[INFO] [1790744063.153650602] [exploration]: v=+0.00 w=-0.50 | 转向中 front=0.78 目标>0.8
[INFO] [1790744063.254716233] [exploration]: v=+0.00 w=-0.50 | 转向中 front=0.14 目标>0.8
[INFO] [1790744063.356120286] [exploration]: v=+0.00 w=+0.00 | 转向完成，停稳 front=0.81
[INFO] [1790744063.454715935] [exploration]: v=+0.20 w=+0.00 | 直行 d=0.86
[INFO] [1790744063.556408359] [exploration]: v=+0.20 w=+0.00 | 直行 d=0.87
[INFO] [1790744063.655643518] [exploration]: v=+0.20 w=+0.00 | 直行 d=0.86
[INFO] [1790744063.755472452] [exploration]: v=+0.20 w=+0.00 | 直行 d=0.84
[INFO] [1790744063.855092938] [exploration]: v=+0.20 w=+0.00 | 直行 d=0.81
[INFO] [1790744064.057253546] [exploration]: v=+0.09 w=+0.00 | 减速 d=0.80
[INFO] [1790744064.156929322] [exploration]: v=+0.00 w=-0.50 | 转向，由于危险 d=0.13
[INFO] [1790744064.256386695] [exploration]: v=+0.00 w=-0.50 | 转向中 front=0.75 目标>0.8
[INFO] [1790744064.357088622] [exploration]: v=+0.00 w=-0.50 | 转向中 front=0.13 目标>0.8
[INFO] [1790744064.556570069] [exploration]: v=+0.00 w=+0.00 | 转向完成，停稳 front=0.84
[INFO] [1790744064.657213579] [exploration]: v=+0.00 w=-0.50 | 转向，由于危险 d=0.14
[INFO] [1790744064.757911862] [exploration]: v=+0.00 w=-0.50 | 转向中 front=0.14 目标>0.8
[INFO] [1790744064.857920912] [exploration]: v=+0.00 w=+0.00 | 转向完成，停稳 front=0.97
[INFO] [1790744064.956640064] [exploration]: v=+0.20 w=+0.00 | 直行 d=0.99
[INFO] [1790744065.056906632] [exploration]: v=+0.20 w=+0.00 | 直行 d=1.00
[INFO] [1790744065.157278463] [exploration]: v=+0.20 w=+0.00 | 直行 d=0.98
[INFO] [1790744065.257632172] [exploration]: v=+0.20 w=+0.00 | 直行 d=0.95
[INFO] [1790744065.358828607] [exploration]: v=+0.20 w=+0.00 | 直行 d=0.96
[INFO] [1790744065.458174637] [exploration]: v=+0.20 w=+0.00 | 直行 d=0.95
[INFO] [1790744065.558948365] [exploration]: v=+0.20 w=+0.00 | 直行 d=0.93
[INFO] [1790744065.658840051] [exploration]: v=+0.20 w=+0.00 | 直行 d=0.92
[INFO] [1790744065.758701446] [exploration]: v=+0.20 w=+0.00 | 直行 d=0.89
[INFO] [1790744065.858935082] [exploration]: v=+0.20 w=+0.00 | 直行 d=0.88
[INFO] [1790744065.959636146] [exploration]: v=+0.20 w=+0.00 | 直行 d=0.87
[INFO] [1790744066.059621486] [exploration]: v=+0.20 w=+0.00 | 直行 d=0.86
[INFO] [1790744066.159063256] [exploration]: v=+0.20 w=+0.00 | 直行 d=0.84
[INFO] [1790744066.259830256] [exploration]: v=+0.20 w=+0.00 | 直行 d=0.83
[INFO] [1790744066.361126267] [exploration]: v=+0.09 w=+0.00 | 减速 d=0.80
[INFO] [1790744066.461438628] [exploration]: v=+0.00 w=-0.50 | 转向，由于危险 d=0.14
[INFO] [1790744066.560194798] [exploration]: v=+0.00 w=-0.50 | 转向中 front=0.13 目标>0.8
[INFO] [1790744066.660464223] [exploration]: v=+0.00 w=-0.50 | 转向中 front=0.78 目标>0.8
[INFO] [1790744066.761295686] [exploration]: v=+0.00 w=-0.50 | 转向中 front=0.15 目标>0.8
[INFO] [1790744066.860802884] [exploration]: v=+0.00 w=+0.00 | 转向完成，停稳 front=0.88
[INFO] [1790744066.960530314] [exploration]: v=+0.00 w=-0.50 | 转向，由于危险 d=0.14
[INFO] [1790744067.059767497] [exploration]: v=+0.00 w=-0.50 | 转向中 front=0.13 目标>0.8
[INFO] [1790744067.159775939] [exploration]: v=+0.00 w=+0.00 | 转向完成，停稳 front=1.14
[INFO] [1790744067.260732168] [exploration]: v=+0.20 w=+0.00 | 直行 d=1.25
[INFO] [1790744067.461160440] [exploration]: v=+0.20 w=+0.00 | 直行 d=1.23
[INFO] [1790744067.662196105] [exploration]: v=+0.20 w=+0.00 | 直行 d=1.22
[INFO] [1790744067.762235873] [exploration]: v=+0.20 w=+0.00 | 直行 d=1.21
[INFO] [1790744067.863837714] [exploration]: v=+0.20 w=+0.00 | 直行 d=1.19
[INFO] [1790744068.062468225] [exploration]: v=+0.20 w=+0.00 | 直行 d=1.17
[INFO] [1790744068.262677949] [exploration]: v=+0.20 w=+0.00 | 直行 d=1.16
[INFO] [1790744068.362965431] [exploration]: v=+0.20 w=+0.00 | 直行 d=1.13
[INFO] [1790744068.463142839] [exploration]: v=+0.20 w=+0.00 | 直行 d=1.15
[INFO] [1790744068.564510549] [exploration]: v=+0.20 w=+0.00 | 直行 d=1.14
[INFO] [1790744068.663789140] [exploration]: v=+0.20 w=+0.00 | 直行 d=1.10
[INFO] [1790744068.864633037] [exploration]: v=+0.20 w=+0.00 | 直行 d=1.09
[INFO] [1790744068.963803148] [exploration]: v=+0.20 w=+0.00 | 直行 d=1.08
[INFO] [1790744069.062779803] [exploration]: v=+0.20 w=+0.00 | 直行 d=1.07
[INFO] [1790744069.164357795] [exploration]: v=+0.20 w=+0.00 | 直行 d=1.06
[INFO] [1790744069.263997421] [exploration]: v=+0.20 w=+0.00 | 直行 d=1.04
[INFO] [1790744069.563963203] [exploration]: v=+0.20 w=+0.00 | 直行 d=1.02
[INFO] [1790744069.665155559] [exploration]: v=+0.20 w=+0.00 | 直行 d=0.99
[INFO] [1790744069.766251570] [exploration]: v=+0.20 w=+0.00 | 直行 d=1.00
[INFO] [1790744069.865874415] [exploration]: v=+0.20 w=+0.00 | 直行 d=1.01
[INFO] [1790744069.964745133] [exploration]: v=+0.20 w=+0.00 | 直行 d=0.98
[INFO] [1790744070.065060148] [exploration]: v=+0.20 w=+0.00 | 直行 d=0.95
[INFO] [1790744070.165377210] [exploration]: v=+0.20 w=+0.00 | 直行 d=0.96
[INFO] [1790744070.266268468] [exploration]: v=+0.20 w=+0.00 | 直行 d=0.94
[INFO] [1790744070.366378411] [exploration]: v=+0.20 w=+0.00 | 直行 d=0.93
[INFO] [1790744070.666175904] [exploration]: v=+0.20 w=+0.00 | 直行 d=0.90
[INFO] [1790744070.766118228] [exploration]: v=+0.20 w=+0.00 | 直行 d=0.91
[INFO] [1790744070.867854779] [exploration]: v=+0.20 w=+0.00 | 直行 d=0.89
[INFO] [1790744070.967436520] [exploration]: v=+0.20 w=+0.00 | 直行 d=0.87
[INFO] [1790744071.169929337] [exploration]: v=+0.20 w=+0.00 | 直行 d=0.86
[INFO] [1790744071.368270000] [exploration]: v=+0.20 w=+0.00 | 直行 d=0.83
[INFO] [1790744071.569477706] [exploration]: v=+0.20 w=+0.00 | 直行 d=0.82
[INFO] [1790744071.669246132] [exploration]: v=+0.20 w=+0.00 | 直行 d=0.81
[INFO] [1790744071.769862653] [exploration]: v=+0.20 w=+0.00 | 直行 d=0.80
[INFO] [1790744071.869183781] [exploration]: v=+0.08 w=+0.00 | 减速 d=0.78
[INFO] [1790744071.969660037] [exploration]: v=+0.08 w=+0.00 | 减速 d=0.77
[INFO] [1790744072.069225446] [exploration]: v=+0.08 w=+0.00 | 减速 d=0.76
[INFO] [1790744072.169418105] [exploration]: v=+0.08 w=+0.00 | 减速 d=0.77
[INFO] [1790744072.269947666] [exploration]: v=+0.00 w=-0.50 | 转向，由于危险 d=0.14
[INFO] [1790744072.369183053] [exploration]: v=+0.00 w=-0.50 | 转向中 front=0.14 目标>0.8
[INFO] [1790744072.469210684] [exploration]: v=+0.00 w=-0.50 | 转向中 front=0.74 目标>0.8
[INFO] [1790744072.570590182] [exploration]: v=+0.00 w=+0.00 | 转向完成，停稳 front=0.98
[INFO] [1790744072.670922239] [exploration]: v=+0.20 w=+0.00 | 直行 d=1.02
[INFO] [1790744072.770978986] [exploration]: v=+0.00 w=-0.50 | 转向，由于危险 d=0.40
[INFO] [1790744072.871988789] [exploration]: v=+0.00 w=-0.50 | 转向中 front=0.14 目标>0.8
[INFO] [1790744072.971492227] [exploration]: v=+0.00 w=+0.00 | 转向完成，停稳 front=1.00
[INFO] [1790744073.071450461] [exploration]: v=+0.20 w=+0.00 | 直行 d=0.90
[INFO] [1790744073.173120905] [exploration]: v=+0.20 w=+0.00 | 直行 d=1.05
[INFO] [1790744073.271578959] [exploration]: v=+0.20 w=+0.00 | 直行 d=1.15
[INFO] [1790744073.371855219] [exploration]: v=+0.00 w=-0.50 | 转向，由于危险 d=0.13
[INFO] [1790744073.471204335] [exploration]: v=+0.00 w=-0.50 | 转向中 front=0.14 目标>0.8
[INFO] [1790744073.571626040] [exploration]: v=+0.00 w=+0.00 | 转向完成，停稳 front=1.07
[INFO] [1790744073.671925814] [exploration]: v=+0.00 w=-0.50 | 转向，由于危险 d=0.40
[INFO] [1790744073.773192398] [exploration]: v=+0.00 w=+0.00 | 转向完成，停稳 front=1.10
[INFO] [1790744073.872694971] [exploration]: v=+0.20 w=+0.00 | 直行 d=1.10
[INFO] [1790744073.972651515] [exploration]: v=+0.00 w=-0.50 | 转向，由于危险 d=0.13
[INFO] [1790744074.072832952] [exploration]: v=+0.00 w=-0.50 | 转向中 front=0.14 目标>0.8
[INFO] [1790744074.173080985] [exploration]: v=+0.00 w=+0.00 | 转向完成，停稳 front=1.09
[INFO] [1790744074.272415118] [exploration]: v=+0.00 w=-0.50 | 转向，由于危险 d=0.40
[INFO] [1790744074.373022662] [exploration]: v=+0.00 w=-0.50 | 转向中 front=0.13 目标>0.8
[INFO] [1790744074.473902709] [exploration]: v=+0.00 w=+0.00 | 转向完成，停稳 front=0.99
[INFO] [1790744074.573401213] [exploration]: v=+0.20 w=+0.00 | 直行 d=1.08
[INFO] [1790744074.674252267] [exploration]: v=+0.20 w=+0.00 | 直行 d=1.09
[INFO] [1790744074.774414890] [exploration]: v=+0.00 w=-0.50 | 转向，由于危险 d=0.14
[INFO] [1790744074.874055731] [exploration]: v=+0.00 w=-0.50 | 转向中 front=0.15 目标>0.8
[INFO] [1790744074.974627090] [exploration]: v=+0.00 w=+0.00 | 转向完成，停稳 front=1.05
[INFO] [1790744075.074146621] [exploration]: v=+0.00 w=-0.50 | 转向，由于危险 d=0.16
[INFO] [1790744075.174118393] [exploration]: v=+0.00 w=-0.50 | 转向中 front=0.14 目标>0.8
[INFO] [1790744075.275255536] [exploration]: v=+0.00 w=+0.00 | 转向完成，停稳 front=1.04
[INFO] [1790744075.375831523] [exploration]: v=+0.00 w=-0.50 | 转向，由于危险 d=0.13
[INFO] [1790744075.474209191] [exploration]: v=+0.00 w=-0.50 | 转向中 front=0.13 目标>0.8
[INFO] [1790744075.574975762] [exploration]: v=+0.00 w=+0.00 | 转向完成，停稳 front=1.08
[INFO] [1790744075.676185423] [exploration]: v=+0.20 w=+0.00 | 直行 d=1.09
[INFO] [1790744075.775574761] [exploration]: v=+0.20 w=+0.00 | 直行 d=1.08
[INFO] [1790744075.875532878] [exploration]: v=+0.20 w=+0.00 | 直行 d=1.06
[INFO] [1790744075.976404806] [exploration]: v=+0.20 w=+0.00 | 直行 d=1.05
[INFO] [1790744076.075475319] [exploration]: v=+0.20 w=+0.00 | 直行 d=1.03
[INFO] [1790744076.175008160] [exploration]: v=+0.20 w=+0.00 | 直行 d=1.01
[INFO] [1790744076.276173286] [exploration]: v=+0.20 w=+0.00 | 直行 d=0.99
[INFO] [1790744076.376705890] [exploration]: v=+0.20 w=+0.00 | 直行 d=0.97
[INFO] [1790744076.476486569] [exploration]: v=+0.20 w=+0.00 | 直行 d=0.96
[INFO] [1790744076.575980640] [exploration]: v=+0.20 w=+0.00 | 直行 d=0.93
[INFO] [1790744076.676624234] [exploration]: v=+0.20 w=+0.00 | 直行 d=0.91
[INFO] [1790744076.877198472] [exploration]: v=+0.20 w=+0.00 | 直行 d=0.88
[INFO] [1790744076.977032720] [exploration]: v=+0.20 w=+0.00 | 直行 d=0.87
[INFO] [1790744077.076323819] [exploration]: v=+0.20 w=+0.00 | 直行 d=0.85
[INFO] [1790744077.177300662] [exploration]: v=+0.20 w=+0.00 | 直行 d=0.82
[INFO] [1790744077.277599621] [exploration]: v=+0.20 w=+0.00 | 直行 d=0.81
[INFO] [1790744077.379396356] [exploration]: v=+0.08 w=+0.00 | 减速 d=0.78
[INFO] [1790744077.478568670] [exploration]: v=+0.00 w=-0.50 | 转向，由于危险 d=0.14
[INFO] [1790744077.579043060] [exploration]: v=+0.00 w=-0.50 | 转向中 front=0.13 目标>0.8
[INFO] [1790744077.679337947] [exploration]: v=+0.00 w=-0.50 | 转向中 front=0.75 目标>0.8
[INFO] [1790744077.778347952] [exploration]: v=+0.00 w=-0.50 | 转向中 front=0.14 目标>0.8
[INFO] [1790744077.878767680] [exploration]: v=+0.00 w=-0.50 | 转向中 front=0.13 目标>0.8
[INFO] [1790744078.079743010] [exploration]: v=+0.00 w=-0.50 | 转向中 front=0.79 目标>0.8
[INFO] [1790744078.179285016] [exploration]: v=+0.00 w=+0.00 | 转向完成，停稳 front=0.84
[INFO] [1790744078.279929680] [exploration]: v=+0.20 w=+0.00 | 直行 d=0.85
[INFO] [1790744078.381251168] [exploration]: v=+0.20 w=+0.00 | 直行 d=0.86
[INFO] [1790744078.479303957] [exploration]: v=+0.20 w=+0.00 | 直行 d=0.85
[INFO] [1790744078.579828836] [exploration]: v=+0.20 w=+0.00 | 直行 d=0.84
[INFO] [1790744078.680936593] [exploration]: v=+0.20 w=+0.00 | 直行 d=0.81
[INFO] [1790744078.780792669] [exploration]: v=+0.09 w=+0.00 | 减速 d=0.80
[INFO] [1790744078.880253714] [exploration]: v=+0.00 w=-0.50 | 转向，由于危险 d=0.16
[INFO] [1790744078.980632531] [exploration]: v=+0.00 w=-0.50 | 转向中 front=0.13 目标>0.8
[INFO] [1790744079.080648171] [exploration]: v=+0.00 w=-0.50 | 转向中 front=0.14 目标>0.8
[INFO] [1790744079.380472442] [exploration]: v=+0.00 w=-0.50 | 转向中 front=0.13 目标>0.8
[INFO] [1790744079.480205841] [exploration]: v=+0.00 w=-0.50 | 转向中 front=0.15 目标>0.8
[INFO] [1790744079.581093253] [exploration]: v=+0.00 w=+0.00 | 转向完成，停稳 front=0.97
[INFO] [1790744079.681322802] [exploration]: v=+0.20 w=+0.00 | 直行 d=0.97
[INFO] [1790744079.782089795] [exploration]: v=+0.20 w=+0.00 | 直行 d=0.99
[INFO] [1790744079.881816312] [exploration]: v=+0.20 w=+0.00 | 直行 d=0.97
[INFO] [1790744079.981597669] [exploration]: v=+0.20 w=+0.00 | 直行 d=0.96
[INFO] [1790744080.182791407] [exploration]: v=+0.20 w=+0.00 | 直行 d=0.94
[INFO] [1790744080.282762580] [exploration]: v=+0.20 w=+0.00 | 直行 d=0.93
[INFO] [1790744080.383158720] [exploration]: v=+0.20 w=+0.00 | 直行 d=0.90
[INFO] [1790744080.482758219] [exploration]: v=+0.20 w=+0.00 | 直行 d=0.89
[INFO] [1790744080.582185585] [exploration]: v=+0.20 w=+0.00 | 直行 d=0.86
[INFO] [1790744080.683646416] [exploration]: v=+0.20 w=+0.00 | 直行 d=0.87
[INFO] [1790744080.782857473] [exploration]: v=+0.20 w=+0.00 | 直行 d=0.84
[INFO] [1790744080.882814809] [exploration]: v=+0.20 w=+0.00 | 直行 d=0.81
[INFO] [1790744080.982759197] [exploration]: v=+0.20 w=+0.00 | 直行 d=0.82
[INFO] [1790744081.082713349] [exploration]: v=+0.20 w=+0.00 | 直行 d=0.80
[INFO] [1790744081.182906492] [exploration]: v=+0.08 w=+0.00 | 减速 d=0.79
[INFO] [1790744081.283248443] [exploration]: v=+0.00 w=-0.50 | 转向，由于危险 d=0.14
[INFO] [1790744081.383143743] [exploration]: v=+0.00 w=-0.50 | 转向中 front=0.13 目标>0.8
[INFO] [1790744081.483616692] [exploration]: v=+0.00 w=-0.50 | 转向中 front=0.78 目标>0.8
[INFO] [1790744081.584157784] [exploration]: v=+0.00 w=-0.50 | 转向中 front=0.14 目标>0.8
[INFO] [1790744081.684342011] [exploration]: v=+0.00 w=+0.00 | 转向完成，停稳 front=0.88
[INFO] [1790744081.784431667] [exploration]: v=+0.20 w=+0.00 | 直行 d=0.87
[INFO] [1790744081.886108237] [exploration]: v=+0.20 w=+0.00 | 直行 d=0.93
[INFO] [1790744082.086123847] [exploration]: v=+0.20 w=+0.00 | 直行 d=0.91
[INFO] [1790744082.185337307] [exploration]: v=+0.20 w=+0.00 | 直行 d=0.90
[INFO] [1790744082.285118549] [exploration]: v=+0.20 w=+0.00 | 直行 d=0.88
[INFO] [1790744082.587230575] [exploration]: v=+0.20 w=+0.00 | 直行 d=0.84
[INFO] [1790744082.686372716] [exploration]: v=+0.20 w=+0.00 | 直行 d=0.83
[INFO] [1790744082.786594923] [exploration]: v=+0.20 w=+0.00 | 直行 d=0.82
[INFO] [1790744082.888021643] [exploration]: v=+0.20 w=+0.00 | 直行 d=0.83
[INFO] [1790744082.987430344] [exploration]: v=+0.09 w=+0.00 | 减速 d=0.79
[INFO] [1790744083.188068397] [exploration]: v=+0.08 w=+0.00 | 减速 d=0.77
[INFO] [1790744083.388013029] [exploration]: v=+0.07 w=+0.00 | 减速 d=0.74
[INFO] [1790744083.488357472] [exploration]: v=+0.08 w=+0.00 | 减速 d=0.76
[INFO] [1790744083.588855762] [exploration]: v=+0.08 w=+0.00 | 减速 d=0.75
[INFO] [1790744083.689160417] [exploration]: v=+0.07 w=+0.00 | 减速 d=0.74
[INFO] [1790744083.789677625] [exploration]: v=+0.08 w=+0.00 | 减速 d=0.75
[INFO] [1790744083.890382010] [exploration]: v=+0.07 w=+0.00 | 减速 d=0.73
[INFO] [1790744084.089743408] [exploration]: v=+0.07 w=+0.00 | 减速 d=0.74
[INFO] [1790744084.289827916] [exploration]: v=+0.07 w=+0.00 | 减速 d=0.71
[INFO] [1790744084.390683185] [exploration]: v=+0.07 w=+0.00 | 减速 d=0.73
[INFO] [1790744084.490394506] [exploration]: v=+0.07 w=+0.00 | 减速 d=0.70
[INFO] [1790744084.590056846] [exploration]: v=+0.07 w=+0.00 | 减速 d=0.72
[INFO] [1790744084.691697041] [exploration]: v=+0.07 w=+0.00 | 减速 d=0.71
[INFO] [1790744084.791182959] [exploration]: v=+0.06 w=+0.00 | 减速 d=0.69
[INFO] [1790744085.191213544] [exploration]: v=+0.06 w=+0.00 | 减速 d=0.68
[INFO] [1790744085.291777025] [exploration]: v=+0.06 w=+0.00 | 减速 d=0.67
[INFO] [1790744085.691722554] [exploration]: v=+0.06 w=+0.00 | 减速 d=0.66
[INFO] [1790744085.791381991] [exploration]: v=+0.06 w=+0.00 | 减速 d=0.67
[INFO] [1790744085.891232539] [exploration]: v=+0.06 w=+0.00 | 减速 d=0.66
[INFO] [1790744085.992058796] [exploration]: v=+0.05 w=+0.00 | 减速 d=0.65
[INFO] [1790744086.092956436] [exploration]: v=+0.05 w=+0.00 | 减速 d=0.64
[INFO] [1790744086.193737918] [exploration]: v=+0.06 w=+0.00 | 减速 d=0.65
[INFO] [1790744086.295031831] [exploration]: v=+0.05 w=+0.00 | 减速 d=0.62
[INFO] [1790744086.493356361] [exploration]: v=+0.05 w=+0.00 | 减速 d=0.63
[INFO] [1790744086.593215727] [exploration]: v=+0.05 w=+0.00 | 减速 d=0.62
[INFO] [1790744086.894621740] [exploration]: v=+0.05 w=+0.00 | 减速 d=0.63
[INFO] [1790744086.993939414] [exploration]: v=+0.05 w=+0.00 | 减速 d=0.61
[INFO] [1790744087.094995413] [exploration]: v=+0.05 w=+0.00 | 减速 d=0.60
[INFO] [1790744087.194508579] [exploration]: v=+0.05 w=+0.00 | 减速 d=0.59
[INFO] [1790744087.294102492] [exploration]: v=+0.05 w=+0.00 | 减速 d=0.60
[INFO] [1790744087.494526909] [exploration]: v=+0.05 w=+0.00 | 减速 d=0.59
[INFO] [1790744087.594575822] [exploration]: v=+0.05 w=+0.00 | 减速 d=0.58
[INFO] [1790744087.695725595] [exploration]: v=+0.05 w=+0.00 | 减速 d=0.60
[INFO] [1790744087.796292515] [exploration]: v=+0.05 w=+0.00 | 减速 d=0.61
[INFO] [1790744087.895762403] [exploration]: v=+0.05 w=+0.00 | 减速 d=0.59
[INFO] [1790744087.997687954] [exploration]: v=+0.05 w=+0.00 | 减速 d=0.58
[INFO] [1790744088.095978906] [exploration]: v=+0.05 w=+0.00 | 减速 d=0.57
[INFO] [1790744088.296619654] [exploration]: v=+0.05 w=+0.00 | 减速 d=0.56
[INFO] [1790744088.396603708] [exploration]: v=+0.05 w=+0.00 | 减速 d=0.57
[INFO] [1790744088.497616294] [exploration]: v=+0.05 w=+0.00 | 减速 d=0.55
[INFO] [1790744088.597919669] [exploration]: v=+0.05 w=+0.00 | 减速 d=0.54
[INFO] [1790744088.698709124] [exploration]: v=+0.05 w=+0.00 | 减速 d=0.56
[INFO] [1790744088.797641125] [exploration]: v=+0.05 w=+0.00 | 减速 d=0.55
[INFO] [1790744088.897615886] [exploration]: v=+0.05 w=+0.00 | 减速 d=0.54
[INFO] [1790744088.997351105] [exploration]: v=+0.05 w=+0.00 | 减速 d=0.55
[INFO] [1790744089.096444220] [exploration]: v=+0.05 w=+0.00 | 减速 d=0.54
[INFO] [1790744089.297754870] [exploration]: v=+0.05 w=+0.00 | 减速 d=0.53
[INFO] [1790744089.397836836] [exploration]: v=+0.05 w=+0.00 | 减速 d=0.52
[INFO] [1790744089.499218715] [exploration]: v=+0.05 w=+0.00 | 减速 d=0.53
[INFO] [1790744089.698645078] [exploration]: v=+0.05 w=+0.00 | 减速 d=0.52
[INFO] [1790744089.798736244] [exploration]: v=+0.05 w=+0.00 | 减速 d=0.53
[INFO] [1790744089.900487152] [exploration]: v=+0.05 w=+0.00 | 减速 d=0.52
[INFO] [1790744089.999271505] [exploration]: v=+0.05 w=+0.00 | 减速 d=0.51
[INFO] [1790744090.099247118] [exploration]: v=+0.05 w=+0.00 | 减速 d=0.52
[INFO] [1790744090.199306954] [exploration]: v=+0.05 w=+0.00 | 减速 d=0.51
[INFO] [1790744090.299788110] [exploration]: v=+0.05 w=+0.00 | 减速 d=0.49
[INFO] [1790744090.499347287] [exploration]: v=+0.05 w=+0.00 | 减速 d=0.50
[INFO] [1790744090.601556252] [exploration]: v=+0.05 w=+0.00 | 减速 d=0.51
[INFO] [1790744090.700722019] [exploration]: v=+0.05 w=+0.00 | 减速 d=0.50
[INFO] [1790744090.800798137] [exploration]: v=+0.05 w=+0.00 | 减速 d=0.49
[INFO] [1790744090.900499545] [exploration]: v=+0.05 w=+0.00 | 减速 d=0.47
[INFO] [1790744091.000544586] [exploration]: v=+0.05 w=+0.00 | 减速 d=0.48
[INFO] [1790744091.401448887] [exploration]: v=+0.05 w=+0.00 | 减速 d=0.47
[INFO] [1790744091.601963248] [exploration]: v=+0.05 w=+0.00 | 减速 d=0.46
[INFO] [1790744091.702281401] [exploration]: v=+0.05 w=+0.00 | 减速 d=0.45
[INFO] [1790744092.002596430] [exploration]: v=+0.05 w=+0.00 | 减速 d=0.44
[INFO] [1790744092.102268021] [exploration]: v=+0.05 w=+0.00 | 减速 d=0.45
[INFO] [1790744092.302743560] [exploration]: v=+0.05 w=+0.00 | 减速 d=0.44
[INFO] [1790744092.404162760] [exploration]: v=+0.05 w=+0.00 | 减速 d=0.43
[INFO] [1790744092.603749349] [exploration]: v=+0.05 w=+0.00 | 减速 d=0.42
[INFO] [1790744092.803269599] [exploration]: v=+0.00 w=-0.50 | 转向，由于危险 d=0.40
[INFO] [1790744092.903657973] [exploration]: v=+0.00 w=-0.50 | 转向中 front=0.14 目标>0.8
[INFO] [1790744093.002750396] [exploration]: v=+0.00 w=-0.50 | 转向中 front=0.13 目标>0.8
[INFO] [1790744093.103603576] [exploration]: v=+0.00 w=-0.50 | 转向中 front=0.49 目标>0.8
[INFO] [1790744093.203123874] [exploration]: v=+0.00 w=-0.50 | 转向中 front=0.54 目标>0.8
[INFO] [1790744093.304310174] [exploration]: v=+0.00 w=-0.50 | 转向中 front=0.13 目标>0.8
[INFO] [1790744093.404562009] [exploration]: v=+0.00 w=-0.50 | 转向中 front=0.66 目标>0.8
[INFO] [1790744093.505529541] [exploration]: v=+0.00 w=-0.50 | 转向中 front=0.78 目标>0.8
[INFO] [1790744093.605271129] [exploration]: v=+0.00 w=+0.00 | 转向完成，停稳 front=0.89
[INFO] [1790744093.705630313] [exploration]: v=+0.20 w=+0.00 | 直行 d=0.92
[INFO] [1790744093.806116292] [exploration]: v=+0.20 w=+0.00 | 直行 d=1.07
[INFO] [1790744093.906205444] [exploration]: v=+0.20 w=+0.00 | 直行 d=1.10
[INFO] [1790744094.006277596] [exploration]: v=+0.20 w=+0.00 | 直行 d=0.93
[INFO] [1790744094.106662942] [exploration]: v=+0.20 w=+0.00 | 直行 d=0.95
[INFO] [1790744094.206161018] [exploration]: v=+0.20 w=+0.00 | 直行 d=0.91
[INFO] [1790744094.306478190] [exploration]: v=+0.20 w=+0.00 | 直行 d=0.93
[INFO] [1790744094.407737718] [exploration]: v=+0.00 w=-0.50 | 转向，由于危险 d=0.14
[INFO] [1790744094.506410463] [exploration]: v=+0.00 w=-0.50 | 转向中 front=0.13 目标>0.8
[INFO] [1790744094.606021839] [exploration]: v=+0.00 w=+0.00 | 转向完成，停稳 front=1.10
[INFO] [1790744094.706424029] [exploration]: v=+0.20 w=+0.00 | 直行 d=1.00
[INFO] [1790744094.806940150] [exploration]: v=+0.20 w=+0.00 | 直行 d=1.14
[INFO] [1790744094.907352568] [exploration]: v=+0.20 w=+0.00 | 直行 d=0.96
[INFO] [1790744095.007381137] [exploration]: v=+0.20 w=+0.00 | 直行 d=0.95
[INFO] [1790744095.106847162] [exploration]: v=+0.20 w=+0.00 | 直行 d=0.96
[INFO] [1790744095.207307641] [exploration]: v=+0.20 w=+0.00 | 直行 d=0.97
[INFO] [1790744095.408166240] [exploration]: v=+0.20 w=+0.00 | 直行 d=0.98
[INFO] [1790744095.507904993] [exploration]: v=+0.20 w=+0.00 | 直行 d=0.96
[INFO] [1790744095.608581197] [exploration]: v=+0.20 w=+0.00 | 直行 d=0.97
[INFO] [1790744095.708416509] [exploration]: v=+0.20 w=+0.00 | 直行 d=0.98
[INFO] [1790744095.808104897] [exploration]: v=+0.20 w=+0.00 | 直行 d=0.97
[INFO] [1790744095.908084398] [exploration]: v=+0.20 w=+0.00 | 直行 d=0.98
[INFO] [1790744096.008688995] [exploration]: v=+0.20 w=+0.00 | 直行 d=0.97
[INFO] [1790744096.309211856] [exploration]: v=+0.20 w=+0.00 | 直行 d=0.98
[INFO] [1790744096.409596958] [exploration]: v=+0.20 w=+0.00 | 直行 d=0.97
[INFO] [1790744096.509282309] [exploration]: v=+0.20 w=+0.00 | 直行 d=0.99
[INFO] [1790744096.609421043] [exploration]: v=+0.20 w=+0.00 | 直行 d=0.97
[INFO] [1790744096.711039614] [exploration]: v=+0.20 w=+0.00 | 直行 d=0.99
[INFO] [1790744096.810425925] [exploration]: v=+0.20 w=+0.00 | 直行 d=0.98
[INFO] [1790744096.909164150] [exploration]: v=+0.20 w=+0.00 | 直行 d=1.00
[INFO] [1790744097.010224963] [exploration]: v=+0.20 w=+0.00 | 直行 d=0.97
[INFO] [1790744097.110137467] [exploration]: v=+0.20 w=+0.00 | 直行 d=1.01
[INFO] [1790744097.210680231] [exploration]: v=+0.20 w=+0.00 | 直行 d=0.99
[INFO] [1790744097.311080669] [exploration]: v=+0.20 w=+0.00 | 直行 d=1.00
[INFO] [1790744097.511652163] [exploration]: v=+0.20 w=+0.00 | 直行 d=0.99
[INFO] [1790744097.711962444] [exploration]: v=+0.20 w=+0.00 | 直行 d=1.16
[INFO] [1790744097.912813068] [exploration]: v=+0.20 w=+0.00 | 直行 d=1.17
[INFO] [1790744098.012412655] [exploration]: v=+0.20 w=+0.00 | 直行 d=1.28
[INFO] [1790744098.112592507] [exploration]: v=+0.20 w=+0.00 | 直行 d=1.29
[INFO] [1790744098.313052503] [exploration]: v=+0.20 w=+0.00 | 直行 d=1.28
[INFO] [1790744098.513385853] [exploration]: v=+0.20 w=+0.00 | 直行 d=1.31
[INFO] [1790744098.613879169] [exploration]: v=+0.20 w=+0.00 | 直行 d=1.30
[INFO] [1790744098.714420293] [exploration]: v=+0.20 w=+0.00 | 直行 d=1.28
[INFO] [1790744098.814070322] [exploration]: v=+0.20 w=+0.00 | 直行 d=1.31
[INFO] [1790744098.913466123] [exploration]: v=+0.20 w=+0.00 | 直行 d=1.30
[INFO] [1790744099.213077450] [exploration]: v=+0.20 w=+0.00 | 直行 d=1.32
[INFO] [1790744099.313116928] [exploration]: v=+0.20 w=+0.00 | 直行 d=1.30
[INFO] [1790744099.413505899] [exploration]: v=+0.20 w=+0.00 | 直行 d=1.31
[INFO] [1790744099.513379673] [exploration]: v=+0.20 w=+0.00 | 直行 d=1.30
[INFO] [1790744099.714065293] [exploration]: v=+0.20 w=+0.00 | 直行 d=1.32
[INFO] [1790744099.816017760] [exploration]: v=+0.20 w=+0.00 | 直行 d=1.31
[INFO] [1790744099.915001407] [exploration]: v=+0.20 w=+0.00 | 直行 d=1.32
[INFO] [1790744100.014085254] [exploration]: v=+0.20 w=+0.00 | 直行 d=1.31
[INFO] [1790744100.115433647] [exploration]: v=+0.20 w=+0.00 | 直行 d=1.32
[INFO] [1790744100.215506560] [exploration]: v=+0.20 w=+0.00 | 直行 d=1.31
[INFO] [1790744100.315655095] [exploration]: v=+0.20 w=+0.00 | 直行 d=1.33
[INFO] [1790744100.715969725] [exploration]: v=+0.20 w=+0.00 | 直行 d=1.34
[INFO] [1790744101.115870308] [exploration]: v=+0.20 w=+0.00 | 直行 d=1.35
[INFO] [1790744101.418904031] [exploration]: v=+0.20 w=+0.00 | 直行 d=1.34
[INFO] [1790744101.517998152] [exploration]: v=+0.20 w=+0.00 | 直行 d=1.35
[INFO] [1790744101.616258651] [exploration]: v=+0.20 w=+0.00 | 直行 d=1.34
[INFO] [1790744101.819970755] [exploration]: v=+0.20 w=+0.00 | 直行 d=1.36
[INFO] [1790744101.918814315] [exploration]: v=+0.20 w=+0.00 | 直行 d=1.34
[INFO] [1790744102.018305347] [exploration]: v=+0.20 w=+0.00 | 直行 d=1.35
[INFO] [1790744102.118228577] [exploration]: v=+0.20 w=+0.00 | 直行 d=1.36
[INFO] [1790744102.318794170] [exploration]: v=+0.20 w=+0.00 | 直行 d=1.35
[INFO] [1790744102.419592588] [exploration]: v=+0.20 w=+0.00 | 直行 d=1.38
[INFO] [1790744102.519580802] [exploration]: v=+0.20 w=+0.00 | 直行 d=1.37
[INFO] [1790744102.719771102] [exploration]: v=+0.20 w=+0.00 | 直行 d=1.36
[INFO] [1790744102.919773234] [exploration]: v=+0.20 w=+0.00 | 直行 d=1.38
[INFO] [1790744103.019913449] [exploration]: v=+0.20 w=+0.00 | 直行 d=1.37
[INFO] [1790744103.119831113] [exploration]: v=+0.20 w=+0.00 | 直行 d=1.38
[INFO] [1790744103.219740620] [exploration]: v=+0.20 w=+0.00 | 直行 d=1.37
[INFO] [1790744103.320889523] [exploration]: v=+0.20 w=+0.00 | 直行 d=1.36
[INFO] [1790744103.420393337] [exploration]: v=+0.20 w=+0.00 | 直行 d=1.37
[INFO] [1790744103.519842304] [exploration]: v=+0.20 w=+0.00 | 直行 d=1.38
[INFO] [1790744103.621318700] [exploration]: v=+0.20 w=+0.00 | 直行 d=1.40
[INFO] [1790744103.721196440] [exploration]: v=+0.20 w=+0.00 | 直行 d=1.39
[INFO] [1790744103.821384293] [exploration]: v=+0.20 w=+0.00 | 直行 d=1.38
[INFO] [1790744103.921999015] [exploration]: v=+0.20 w=+0.00 | 直行 d=1.37
[INFO] [1790744104.022701938] [exploration]: v=+0.20 w=+0.00 | 直行 d=1.38
[INFO] [1790744104.322322108] [exploration]: v=+0.20 w=+0.00 | 直行 d=1.39
[INFO] [1790744104.423386996] [exploration]: v=+0.20 w=+0.00 | 直行 d=1.38
[INFO] [1790744104.522300001] [exploration]: v=+0.20 w=+0.00 | 直行 d=1.41
[INFO] [1790744104.722683377] [exploration]: v=+0.20 w=+0.00 | 直行 d=1.40
[INFO] [1790744104.923188289] [exploration]: v=+0.20 w=+0.00 | 直行 d=1.39
[INFO] [1790744105.023131726] [exploration]: v=+0.20 w=+0.00 | 直行 d=1.40
[INFO] [1790744105.122841050] [exploration]: v=+0.20 w=+0.00 | 直行 d=1.41
[INFO] [1790744105.222525217] [exploration]: v=+0.20 w=+0.00 | 直行 d=1.42
[INFO] [1790744105.323683065] [exploration]: v=+0.20 w=+0.00 | 直行 d=1.41
[INFO] [1790744105.524876475] [exploration]: v=+0.20 w=+0.00 | 直行 d=1.39
[INFO] [1790744105.624010297] [exploration]: v=+0.20 w=+0.00 | 直行 d=1.42
[INFO] [1790744105.724588997] [exploration]: v=+0.20 w=+0.00 | 直行 d=1.41
[INFO] [1790744105.824218272] [exploration]: v=+0.20 w=+0.00 | 直行 d=1.42
[INFO] [1790744106.026445534] [exploration]: v=+0.20 w=+0.00 | 直行 d=1.40
[INFO] [1790744106.126048785] [exploration]: v=+0.20 w=+0.00 | 直行 d=1.43
[INFO] [1790744106.225989867] [exploration]: v=+0.20 w=+0.00 | 直行 d=1.44
[INFO] [1790744106.325747375] [exploration]: v=+0.20 w=+0.00 | 直行 d=1.42
[INFO] [1790744106.425681813] [exploration]: v=+0.20 w=+0.00 | 直行 d=1.43
[INFO] [1790744106.525288369] [exploration]: v=+0.20 w=+0.00 | 直行 d=1.44
[INFO] [1790744106.725818561] [exploration]: v=+0.20 w=+0.00 | 直行 d=1.42
[INFO] [1790744106.825315658] [exploration]: v=+0.20 w=+0.00 | 直行 d=1.44
[INFO] [1790744106.924397650] [exploration]: v=+0.20 w=+0.00 | 直行 d=1.43
[INFO] [1790744107.025760789] [exploration]: v=+0.20 w=+0.00 | 直行 d=1.42
[INFO] [1790744107.127949090] [exploration]: v=+0.20 w=+0.00 | 直行 d=1.44
[INFO] [1790744107.425907947] [exploration]: v=+0.20 w=+0.00 | 直行 d=1.43
[INFO] [1790744107.525942008] [exploration]: v=+0.20 w=+0.00 | 直行 d=1.44
[INFO] [1790744107.727557663] [exploration]: v=+0.20 w=+0.00 | 直行 d=1.43
[INFO] [1790744107.827827139] [exploration]: v=+0.20 w=+0.00 | 直行 d=1.45
[INFO] [1790744107.927173394] [exploration]: v=+0.20 w=+0.00 | 直行 d=1.43
[INFO] [1790744108.027788846] [exploration]: v=+0.20 w=+0.00 | 直行 d=1.40
[INFO] [1790744108.127817090] [exploration]: v=+0.20 w=+0.00 | 直行 d=1.38
[INFO] [1790744108.228569526] [exploration]: v=+0.20 w=+0.00 | 直行 d=1.36
[INFO] [1790744108.328593219] [exploration]: v=+0.20 w=+0.00 | 直行 d=1.34
[INFO] [1790744108.428181075] [exploration]: v=+0.20 w=+0.00 | 直行 d=1.33
[INFO] [1790744108.528063292] [exploration]: v=+0.20 w=+0.00 | 直行 d=1.30
[INFO] [1790744108.629274641] [exploration]: v=+0.20 w=+0.00 | 直行 d=1.29
[INFO] [1790744108.729044882] [exploration]: v=+0.20 w=+0.00 | 直行 d=1.27
[INFO] [1790744108.828940985] [exploration]: v=+0.20 w=+0.00 | 直行 d=1.25
[INFO] [1790744108.928746267] [exploration]: v=+0.20 w=+0.00 | 直行 d=1.23
[INFO] [1790744109.029684141] [exploration]: v=+0.20 w=+0.00 | 直行 d=1.21
[INFO] [1790744109.129449527] [exploration]: v=+0.20 w=+0.00 | 直行 d=1.20
[INFO] [1790744109.229343500] [exploration]: v=+0.20 w=+0.00 | 直行 d=1.17
[INFO] [1790744109.329005007] [exploration]: v=+0.20 w=+0.00 | 直行 d=1.16
[INFO] [1790744109.429022242] [exploration]: v=+0.20 w=+0.00 | 直行 d=1.13
[INFO] [1790744109.529802797] [exploration]: v=+0.20 w=+0.00 | 直行 d=1.11
[INFO] [1790744109.629359898] [exploration]: v=+0.20 w=+0.00 | 直行 d=1.10
[INFO] [1790744109.730060803] [exploration]: v=+0.20 w=+0.00 | 直行 d=1.07
[INFO] [1790744109.831182054] [exploration]: v=+0.20 w=+0.00 | 直行 d=1.05
[INFO] [1790744109.931552765] [exploration]: v=+0.20 w=+0.00 | 直行 d=1.04
[INFO] [1790744110.030534215] [exploration]: v=+0.20 w=+0.00 | 直行 d=1.01
[INFO] [1790744110.130895220] [exploration]: v=+0.20 w=+0.00 | 直行 d=1.00
[INFO] [1790744110.231867967] [exploration]: v=+0.20 w=+0.00 | 直行 d=0.97
[INFO] [1790744110.331710851] [exploration]: v=+0.20 w=+0.00 | 直行 d=0.95
[INFO] [1790744110.431310651] [exploration]: v=+0.20 w=+0.00 | 直行 d=0.92
[INFO] [1790744110.531117504] [exploration]: v=+0.20 w=+0.00 | 直行 d=0.91
[INFO] [1790744110.633505554] [exploration]: v=+0.20 w=+0.00 | 直行 d=0.89
[INFO] [1790744110.732179882] [exploration]: v=+0.20 w=+0.00 | 直行 d=0.87
[INFO] [1790744110.832769457] [exploration]: v=+0.20 w=+0.00 | 直行 d=0.85
[INFO] [1790744110.932574212] [exploration]: v=+0.20 w=+0.00 | 直行 d=0.83
[INFO] [1790744111.032319767] [exploration]: v=+0.20 w=+0.00 | 直行 d=0.81
[INFO] [1790744111.131836192] [exploration]: v=+0.09 w=+0.00 | 减速 d=0.80
[INFO] [1790744111.231673998] [exploration]: v=+0.00 w=-0.50 | 转向，由于危险 d=0.13
[INFO] [1790744111.331711599] [exploration]: v=+0.00 w=-0.50 | 转向中 front=0.76 目标>0.8
[INFO] [1790744111.632878841] [exploration]: v=+0.00 w=-0.50 | 转向中 front=0.75 目标>0.8
[INFO] [1790744111.732953241] [exploration]: v=+0.00 w=-0.50 | 转向中 front=0.13 目标>0.8
[INFO] [1790744111.833879552] [exploration]: v=+0.00 w=-0.50 | 转向中 front=0.77 目标>0.8
[INFO] [1790744111.933651353] [exploration]: v=+0.00 w=-0.50 | 转向中 front=0.78 目标>0.8
[INFO] [1790744112.034054625] [exploration]: v=+0.00 w=-0.50 | 转向中 front=0.77 目标>0.8
[INFO] [1790744112.134489460] [exploration]: v=+0.00 w=-0.50 | 转向中 front=0.78 目标>0.8
[INFO] [1790744112.234052212] [exploration]: v=+0.00 w=-0.50 | 转向中 front=0.79 目标>0.8
[INFO] [1790744112.333892703] [exploration]: v=+0.00 w=-0.50 | 转向中 front=0.80 目标>0.8
[INFO] [1790744112.434046904] [exploration]: v=+0.00 w=+0.00 | 转向完成，停稳 front=0.81
[INFO] [1790744112.535792064] [exploration]: v=+0.20 w=+0.00 | 直行 d=0.81
[INFO] [1790744112.735479305] [exploration]: v=+0.09 w=+0.00 | 减速 d=0.80
[INFO] [1790744112.835138704] [exploration]: v=+0.00 w=-0.50 | 转向，由于危险 d=0.13
[INFO] [1790744112.935286916] [exploration]: v=+0.00 w=-0.50 | 转向中 front=0.77 目标>0.8
[INFO] [1790744113.135782134] [exploration]: v=+0.00 w=-0.50 | 转向中 front=0.79 目标>0.8
[INFO] [1790744113.238713133] [exploration]: v=+0.00 w=-0.50 | 转向中 front=0.14 目标>0.8
[INFO] [1790744113.337568238] [exploration]: v=+0.00 w=+0.00 | 转向完成，停稳 front=0.84
[INFO] [1790744113.437618826] [exploration]: v=+0.20 w=+0.00 | 直行 d=0.85
[INFO] [1790744113.537656830] [exploration]: v=+0.20 w=+0.00 | 直行 d=0.84
[INFO] [1790744113.637707135] [exploration]: v=+0.20 w=+0.00 | 直行 d=0.83
[INFO] [1790744113.837912664] [exploration]: v=+0.20 w=+0.00 | 直行 d=0.81
[INFO] [1790744113.937239287] [exploration]: v=+0.08 w=+0.00 | 减速 d=0.78
[INFO] [1790744114.138018646] [exploration]: v=+0.08 w=+0.00 | 减速 d=0.75
[INFO] [1790744114.337782932] [exploration]: v=+0.08 w=+0.00 | 减速 d=0.74
[INFO] [1790744114.437773734] [exploration]: v=+0.00 w=-0.50 | 转向，由于危险 d=0.14
[INFO] [1790744114.538396735] [exploration]: v=+0.00 w=-0.50 | 转向中 front=0.74 目标>0.8
[INFO] [1790744114.637951310] [exploration]: v=+0.00 w=-0.50 | 转向中 front=0.14 目标>0.8
[INFO] [1790744114.737961981] [exploration]: v=+0.00 w=-0.50 | 转向中 front=0.79 目标>0.8
[INFO] [1790744114.838552473] [exploration]: v=+0.00 w=-0.50 | 转向中 front=0.13 目标>0.8
[INFO] [1790744115.039816289] [exploration]: v=+0.00 w=+0.00 | 转向完成，停稳 front=0.89
[INFO] [1790744115.139371760] [exploration]: v=+0.20 w=+0.00 | 直行 d=0.91
[INFO] [1790744115.339584208] [exploration]: v=+0.20 w=+0.00 | 直行 d=0.89
[INFO] [1790744115.439615174] [exploration]: v=+0.20 w=+0.00 | 直行 d=0.88
[INFO] [1790744115.740921524] [exploration]: v=+0.20 w=+0.00 | 直行 d=0.84
[INFO] [1790744115.840855876] [exploration]: v=+0.20 w=+0.00 | 直行 d=0.82
[INFO] [1790744115.940018303] [exploration]: v=+0.20 w=+0.00 | 直行 d=0.81
[INFO] [1790744116.141759567] [exploration]: v=+0.09 w=+0.00 | 减速 d=0.79
[INFO] [1790744116.241261109] [exploration]: v=+0.08 w=+0.00 | 减速 d=0.77
[INFO] [1790744116.342882791] [exploration]: v=+0.08 w=+0.00 | 减速 d=0.75
[INFO] [1790744116.541593309] [exploration]: v=+0.08 w=+0.00 | 减速 d=0.76
[INFO] [1790744116.641642413] [exploration]: v=+0.08 w=+0.00 | 减速 d=0.75
[INFO] [1790744116.741428073] [exploration]: v=+0.07 w=+0.00 | 减速 d=0.73
[INFO] [1790744116.841812674] [exploration]: v=+0.07 w=+0.00 | 减速 d=0.74
[INFO] [1790744116.942015766] [exploration]: v=+0.00 w=-0.50 | 转向，由于危险 d=0.15
[INFO] [1790744117.042266825] [exploration]: v=+0.00 w=-0.50 | 转向中 front=0.72 目标>0.8
[INFO] [1790744117.141414828] [exploration]: v=+0.00 w=-0.50 | 转向中 front=0.74 目标>0.8
[INFO] [1790744117.242090564] [exploration]: v=+0.00 w=-0.50 | 转向中 front=0.78 目标>0.8
[INFO] [1790744117.342078314] [exploration]: v=+0.00 w=-0.50 | 转向中 front=0.80 目标>0.8
[INFO] [1790744117.442915560] [exploration]: v=+0.00 w=+0.00 | 转向完成，停稳 front=0.90
[INFO] [1790744117.543154713] [exploration]: v=+0.20 w=+0.00 | 直行 d=0.96
[INFO] [1790744117.643411543] [exploration]: v=+0.00 w=-0.50 | 转向，由于危险 d=0.13
[INFO] [1790744117.743508800] [exploration]: v=+0.00 w=-0.50 | 转向中 front=0.16 目标>0.8
[INFO] [1790744117.844024383] [exploration]: v=+0.00 w=+0.00 | 转向完成，停稳 front=1.03
[INFO] [1790744117.944279314] [exploration]: v=+0.20 w=+0.00 | 直行 d=1.08
[INFO] [1790744118.044408441] [exploration]: v=+0.20 w=+0.00 | 直行 d=1.09
[INFO] [1790744118.144600906] [exploration]: v=+0.20 w=+0.00 | 直行 d=1.08
[INFO] [1790744118.244581871] [exploration]: v=+0.20 w=+0.00 | 直行 d=1.06
[INFO] [1790744118.344984705] [exploration]: v=+0.20 w=+0.00 | 直行 d=1.05
[INFO] [1790744118.545196006] [exploration]: v=+0.20 w=+0.00 | 直行 d=1.03
[INFO] [1790744118.645063207] [exploration]: v=+0.20 w=+0.00 | 直行 d=1.01
[INFO] [1790744118.846404971] [exploration]: v=+0.20 w=+0.00 | 直行 d=0.97
[INFO] [1790744118.946107000] [exploration]: v=+0.20 w=+0.00 | 直行 d=0.99
[INFO] [1790744119.046231792] [exploration]: v=+0.20 w=+0.00 | 直行 d=0.98
[INFO] [1790744119.145916973] [exploration]: v=+0.20 w=+0.00 | 直行 d=0.96
[INFO] [1790744119.247142832] [exploration]: v=+0.20 w=+0.00 | 直行 d=0.94
[INFO] [1790744119.446636664] [exploration]: v=+0.20 w=+0.00 | 直行 d=0.93
[INFO] [1790744119.546396162] [exploration]: v=+0.20 w=+0.00 | 直行 d=0.91
[INFO] [1790744119.646682703] [exploration]: v=+0.20 w=+0.00 | 直行 d=0.89
[INFO] [1790744119.748549998] [exploration]: v=+0.20 w=+0.00 | 直行 d=0.88
[INFO] [1790744119.847720735] [exploration]: v=+0.20 w=+0.00 | 直行 d=0.89
[INFO] [1790744119.947495921] [exploration]: v=+0.20 w=+0.00 | 直行 d=0.85
[INFO] [1790744120.047641068] [exploration]: v=+0.20 w=+0.00 | 直行 d=0.86
[INFO] [1790744120.147275444] [exploration]: v=+0.20 w=+0.00 | 直行 d=0.84
[INFO] [1790744120.247597432] [exploration]: v=+0.20 w=+0.00 | 直行 d=0.83
[INFO] [1790744120.347457197] [exploration]: v=+0.20 w=+0.00 | 直行 d=0.82
[INFO] [1790744120.447292639] [exploration]: v=+0.09 w=+0.00 | 减速 d=0.79
[INFO] [1790744120.548297180] [exploration]: v=+0.20 w=+0.00 | 直行 d=0.81
[INFO] [1790744120.647990730] [exploration]: v=+0.00 w=-0.50 | 转向，由于危险 d=0.40
[INFO] [1790744120.747986001] [exploration]: v=+0.00 w=-0.50 | 转向中 front=0.76 目标>0.8
[INFO] [1790744120.848140136] [exploration]: v=+0.00 w=-0.50 | 转向中 front=0.13 目标>0.8
[INFO] [1790744120.948497895] [exploration]: v=+0.00 w=+0.00 | 转向完成，停稳 front=0.82
[INFO] [1790744121.048861539] [exploration]: v=+0.20 w=+0.00 | 直行 d=0.88
[INFO] [1790744121.148060045] [exploration]: v=+0.00 w=-0.50 | 转向，由于危险 d=0.14
[INFO] [1790744121.249423882] [exploration]: v=+0.00 w=+0.00 | 转向完成，停稳 front=0.87
[INFO] [1790744121.349021697] [exploration]: v=+0.20 w=+0.00 | 直行 d=0.88
[INFO] [1790744121.448682912] [exploration]: v=+0.20 w=+0.00 | 直行 d=0.87
[INFO] [1790744121.549953153] [exploration]: v=+0.20 w=+0.00 | 直行 d=0.86
[INFO] [1790744121.649649790] [exploration]: v=+0.20 w=+0.00 | 直行 d=0.85
[INFO] [1790744121.750617334] [exploration]: v=+0.20 w=+0.00 | 直行 d=0.82
[INFO] [1790744121.850556609] [exploration]: v=+0.20 w=+0.00 | 直行 d=0.81
[INFO] [1790744121.951107405] [exploration]: v=+0.09 w=+0.00 | 减速 d=0.79
[INFO] [1790744122.050151970] [exploration]: v=+0.08 w=+0.00 | 减速 d=0.77
[INFO] [1790744122.150741887] [exploration]: v=+0.08 w=+0.00 | 减速 d=0.76
[INFO] [1790744122.251705937] [exploration]: v=+0.08 w=+0.00 | 减速 d=0.75
[INFO] [1790744122.451591734] [exploration]: v=+0.07 w=+0.00 | 减速 d=0.74
[INFO] [1790744122.552636671] [exploration]: v=+0.07 w=+0.00 | 减速 d=0.73
[INFO] [1790744122.653109079] [exploration]: v=+0.07 w=+0.00 | 减速 d=0.74
[INFO] [1790744122.752669970] [exploration]: v=+0.07 w=+0.00 | 减速 d=0.72
[INFO] [1790744122.952451694] [exploration]: v=+0.07 w=+0.00 | 减速 d=0.71
[INFO] [1790744123.052643458] [exploration]: v=+0.07 w=+0.00 | 减速 d=0.70
[INFO] [1790744123.252723289] [exploration]: v=+0.06 w=+0.00 | 减速 d=0.69
[INFO] [1790744123.453680264] [exploration]: v=+0.06 w=+0.00 | 减速 d=0.68
[INFO] [1790744123.653940671] [exploration]: v=+0.06 w=+0.00 | 减速 d=0.67
[INFO] [1790744123.753280086] [exploration]: v=+0.06 w=+0.00 | 减速 d=0.66
[INFO] [1790744123.853432197] [exploration]: v=+0.05 w=+0.00 | 减速 d=0.65
[INFO] [1790744124.054547895] [exploration]: v=+0.05 w=+0.00 | 减速 d=0.64
[INFO] [1790744124.155297659] [exploration]: v=+0.05 w=+0.00 | 减速 d=0.63
[INFO] [1790744124.355816440] [exploration]: v=+0.05 w=+0.00 | 减速 d=0.62
[INFO] [1790744124.655307641] [exploration]: v=+0.05 w=+0.00 | 减速 d=0.61
[INFO] [1790744124.855421574] [exploration]: v=+0.05 w=+0.00 | 减速 d=0.60
[INFO] [1790744124.957253085] [exploration]: v=+0.05 w=+0.00 | 减速 d=0.59
[INFO] [1790744125.255576118] [exploration]: v=+0.05 w=+0.00 | 减速 d=0.58
[INFO] [1790744125.456125119] [exploration]: v=+0.05 w=+0.00 | 减速 d=0.57
[INFO] [1790744125.757584850] [exploration]: v=+0.05 w=+0.00 | 减速 d=0.56
[INFO] [1790744125.958598411] [exploration]: v=+0.05 w=+0.00 | 减速 d=0.55
[INFO] [1790744126.157087497] [exploration]: v=+0.05 w=+0.00 | 减速 d=0.54
[INFO] [1790744126.358765454] [exploration]: v=+0.05 w=+0.00 | 减速 d=0.53
[INFO] [1790744126.557926059] [exploration]: v=+0.05 w=+0.00 | 减速 d=0.52
[INFO] [1790744126.658597217] [exploration]: v=+0.05 w=+0.00 | 减速 d=0.51
[INFO] [1790744126.959517668] [exploration]: v=+0.05 w=+0.00 | 减速 d=0.50
[INFO] [1790744127.161138844] [exploration]: v=+0.05 w=+0.00 | 减速 d=0.49
[INFO] [1790744127.260727747] [exploration]: v=+0.05 w=+0.00 | 减速 d=0.48
[INFO] [1790744127.460507676] [exploration]: v=+0.05 w=+0.00 | 减速 d=0.47
[INFO] [1790744127.661480343] [exploration]: v=+0.05 w=+0.00 | 减速 d=0.46
[INFO] [1790744127.859630953] [exploration]: v=+0.05 w=+0.00 | 减速 d=0.45
[INFO] [1790744128.160898311] [exploration]: v=+0.05 w=+0.00 | 减速 d=0.44
[INFO] [1790744128.261621595] [exploration]: v=+0.05 w=+0.00 | 减速 d=0.43
[INFO] [1790744128.461799047] [exploration]: v=+0.05 w=+0.00 | 减速 d=0.42
[INFO] [1790744128.762293511] [exploration]: v=+0.05 w=+0.00 | 减速 d=0.41
[INFO] [1790744128.962253513] [exploration]: v=+0.00 w=-0.50 | 转向，由于危险 d=0.40
[INFO] [1790744129.062194545] [exploration]: v=+0.00 w=-0.50 | 转向中 front=0.40 目标>0.8
[INFO] [1790744129.162316008] [exploration]: v=+0.00 w=-0.50 | 转向中 front=0.39 目标>0.8
[INFO] [1790744129.363030389] [exploration]: v=+0.00 w=-0.50 | 转向中 front=0.38 目标>0.8
[INFO] [1790744129.764630539] [exploration]: v=+0.00 w=-0.50 | 转向中 front=0.15 目标>0.8
[INFO] [1790744129.965169203] [exploration]: v=+0.00 w=-0.50 | 转向中 front=0.14 目标>0.8
[INFO] [1790744130.064100677] [exploration]: v=+0.00 w=-0.50 | 转向中 front=0.38 目标>0.8
[INFO] [1790744130.265140902] [exploration]: v=+0.00 w=-0.50 | 转向中 front=0.40 目标>0.8
[INFO] [1790744130.364721016] [exploration]: v=+0.00 w=-0.50 | 转向中 front=0.37 目标>0.8
[INFO] [1790744130.465594637] [exploration]: v=+0.00 w=-0.50 | 转向中 front=0.13 目标>0.8
[INFO] [1790744130.565712024] [exploration]: v=+0.00 w=-0.50 | 转向中 front=0.41 目标>0.8
[INFO] [1790744130.665128765] [exploration]: v=+0.00 w=-0.50 | 转向中 front=0.13 目标>0.8
[INFO] [1790744130.765173244] [exploration]: v=+0.00 w=-0.50 | 转向中 front=0.14 目标>0.8
[INFO] [1790744130.966114217] [exploration]: v=+0.00 w=-0.50 | 转向中 front=0.13 目标>0.8
[INFO] [1790744131.067198455] [exploration]: v=+0.00 w=-0.50 | 转向中 front=0.14 目标>0.8
[INFO] [1790744131.164507655] [exploration]: v=+0.00 w=-0.50 | 转向中 front=0.13 目标>0.8
[INFO] [1790744131.265486794] [exploration]: v=+0.00 w=-0.50 | 转向中 front=0.14 目标>0.8
[INFO] [1790744131.365435820] [exploration]: v=+0.00 w=-0.50 | 转向中 front=0.49 目标>0.8
[INFO] [1790744131.466031451] [exploration]: v=+0.00 w=-0.50 | 转向中 front=0.13 目标>0.8
[INFO] [1790744131.566363829] [exploration]: v=+0.00 w=-0.50 | 转向中 front=0.14 目标>0.8
[INFO] [1790744131.667053954] [exploration]: v=+0.00 w=-0.50 | 转向中 front=0.15 目标>0.8
[INFO] [1790744131.768755582] [exploration]: v=+0.00 w=-0.50 | 转向中 front=0.60 目标>0.8
[INFO] [1790744131.867661527] [exploration]: v=+0.00 w=-0.50 | 转向中 front=0.14 目标>0.8
[INFO] [1790744131.967477992] [exploration]: v=+0.00 w=-0.50 | 转向中 front=0.62 目标>0.8
[INFO] [1790744132.067271896] [exploration]: v=+0.00 w=-0.50 | 转向中 front=0.15 目标>0.8
[INFO] [1790744132.167464567] [exploration]: v=+0.00 w=-0.50 | 转向中 front=0.14 目标>0.8
[INFO] [1790744132.267775023] [exploration]: v=+0.00 w=-0.50 | 转向中 front=0.13 目标>0.8
[INFO] [1790744132.367833330] [exploration]: v=+0.00 w=+0.00 | 转向完成，停稳 front=0.88
[INFO] [1790744132.468259049] [exploration]: v=+0.00 w=-0.50 | 转向，由于危险 d=0.13
[INFO] [1790744132.568325785] [exploration]: v=+0.00 w=-0.50 | 转向中 front=0.13 目标>0.8
[INFO] [1790744132.668471482] [exploration]: v=+0.00 w=-0.50 | 转向中 front=0.14 目标>0.8
[INFO] [1790744132.768441694] [exploration]: v=+0.00 w=+0.00 | 转向完成，停稳 front=0.87
[INFO] [1790744132.868873452] [exploration]: v=+0.20 w=+0.00 | 直行 d=0.87
[INFO] [1790744132.968304194] [exploration]: v=+0.20 w=+0.00 | 直行 d=0.96
[INFO] [1790744133.068269640] [exploration]: v=+0.00 w=-0.50 | 转向，由于危险 d=0.40
[INFO] [1790744133.168943446] [exploration]: v=+0.00 w=+0.00 | 转向完成，停稳 front=1.58
[INFO] [1790744133.268105507] [exploration]: v=+0.20 w=+0.00 | 直行 d=1.55
[INFO] [1790744133.468705484] [exploration]: v=+0.20 w=+0.00 | 直行 d=1.53
[INFO] [1790744133.569481564] [exploration]: v=+0.00 w=-0.50 | 转向，由于危险 d=0.14
[INFO] [1790744133.669111399] [exploration]: v=+0.00 w=-0.50 | 转向中 front=0.13 目标>0.8
[INFO] [1790744133.770177915] [exploration]: v=+0.00 w=-0.50 | 转向中 front=0.14 目标>0.8
[INFO] [1790744133.869077561] [exploration]: v=+0.00 w=+0.00 | 转向完成，停稳 front=1.48
[INFO] [1790744133.969601079] [exploration]: v=+0.00 w=-0.50 | 转向，由于危险 d=0.16
[INFO] [1790744134.070031637] [exploration]: v=+0.00 w=-0.50 | 转向中 front=0.15 目标>0.8
[INFO] [1790744134.170184719] [exploration]: v=+0.00 w=-0.50 | 转向中 front=0.13 目标>0.8
[INFO] [1790744134.270465444] [exploration]: v=+0.00 w=-0.50 | 转向中 front=0.14 目标>0.8
[INFO] [1790744134.370198550] [exploration]: v=+0.00 w=-0.50 | 转向中 front=0.16 目标>0.8
[INFO] [1790744134.470640828] [exploration]: v=+0.00 w=-0.50 | 转向中 front=0.14 目标>0.8
[INFO] [1790744134.571036979] [exploration]: v=+0.00 w=+0.00 | 转向完成，停稳 front=1.13
[INFO] [1790744134.671538214] [exploration]: v=+0.20 w=+0.00 | 直行 d=1.09
[INFO] [1790744134.772823189] [exploration]: v=+0.20 w=+0.00 | 直行 d=1.12
[INFO] [1790744134.972523351] [exploration]: v=+0.20 w=+0.00 | 直行 d=1.10
[INFO] [1790744135.071671269] [exploration]: v=+0.00 w=-0.50 | 转向，由于危险 d=0.14
[INFO] [1790744135.171147415] [exploration]: v=+0.00 w=-0.50 | 转向中 front=0.13 目标>0.8
[INFO] [1790744135.272721488] [exploration]: v=+0.00 w=+0.00 | 转向完成，停稳 front=0.94
[INFO] [1790744135.372240313] [exploration]: v=+0.00 w=-0.50 | 转向，由于危险 d=0.13
[INFO] [1790744135.472171181] [exploration]: v=+0.00 w=+0.00 | 转向完成，停稳 front=0.98
[INFO] [1790744135.572466613] [exploration]: v=+0.00 w=-0.50 | 转向，由于危险 d=0.14
[INFO] [1790744135.673491805] [exploration]: v=+0.00 w=-0.50 | 转向中 front=0.14 目标>0.8
[INFO] [1790744135.771602619] [exploration]: v=+0.00 w=+0.00 | 转向完成，停稳 front=0.98
[INFO] [1790744135.872103235] [exploration]: v=+0.20 w=+0.00 | 直行 d=0.97
[INFO] [1790744136.073002116] [exploration]: v=+0.20 w=+0.00 | 直行 d=0.95
[INFO] [1790744136.273296016] [exploration]: v=+0.20 w=+0.00 | 直行 d=0.92
[INFO] [1790744136.374302776] [exploration]: v=+0.20 w=+0.00 | 直行 d=0.90
[INFO] [1790744136.474227136] [exploration]: v=+0.20 w=+0.00 | 直行 d=0.88
[INFO] [1790744136.573794003] [exploration]: v=+0.20 w=+0.00 | 直行 d=0.85
[INFO] [1790744136.674318295] [exploration]: v=+0.20 w=+0.00 | 直行 d=0.84
[INFO] [1790744136.774356454] [exploration]: v=+0.20 w=+0.00 | 直行 d=0.82
[INFO] [1790744136.875214581] [exploration]: v=+0.09 w=+0.00 | 减速 d=0.79
[INFO] [1790744136.975752793] [exploration]: v=+0.00 w=-0.50 | 转向，由于危险 d=0.13
[INFO] [1790744137.075445395] [exploration]: v=+0.00 w=-0.50 | 转向中 front=0.14 目标>0.8
[INFO] [1790744137.274608056] [exploration]: v=+0.00 w=-0.50 | 转向中 front=0.13 目标>0.8
[INFO] [1790744137.375702300] [exploration]: v=+0.00 w=-0.50 | 转向中 front=0.76 目标>0.8
[INFO] [1790744137.476267315] [exploration]: v=+0.00 w=-0.50 | 转向中 front=0.13 目标>0.8
[INFO] [1790744137.576940463] [exploration]: v=+0.00 w=-0.50 | 转向中 front=0.14 目标>0.8
[INFO] [1790744137.675318138] [exploration]: v=+0.00 w=-0.50 | 转向中 front=0.13 目标>0.8
[INFO] [1790744137.776793098] [exploration]: v=+0.00 w=-0.50 | 转向中 front=0.76 目标>0.8
[INFO] [1790744137.877061068] [exploration]: v=+0.00 w=-0.50 | 转向中 front=0.78 目标>0.8
[INFO] [1790744137.977386124] [exploration]: v=+0.00 w=-0.50 | 转向中 front=0.80 目标>0.8
[INFO] [1790744138.076639115] [exploration]: v=+0.00 w=+0.00 | 转向完成，停稳 front=0.83
[INFO] [1790744138.177439746] [exploration]: v=+0.20 w=+0.00 | 直行 d=1.59
[INFO] [1790744138.277821000] [exploration]: v=+0.20 w=+0.00 | 直行 d=1.61
[INFO] [1790744138.377760613] [exploration]: v=+0.20 w=+0.00 | 直行 d=1.60
[INFO] [1790744138.476860083] [exploration]: v=+0.20 w=+0.00 | 直行 d=1.59
[INFO] [1790744138.577035121] [exploration]: v=+0.20 w=+0.00 | 直行 d=1.57
[INFO] [1790744138.678122322] [exploration]: v=+0.20 w=+0.00 | 直行 d=1.56
[INFO] [1790744138.779343767] [exploration]: v=+0.20 w=+0.00 | 直行 d=1.54
[INFO] [1790744138.878188846] [exploration]: v=+0.20 w=+0.00 | 直行 d=1.52
[INFO] [1790744138.978343222] [exploration]: v=+0.20 w=+0.00 | 直行 d=1.51
[INFO] [1790744139.178189544] [exploration]: v=+0.20 w=+0.00 | 直行 d=1.49
[INFO] [1790744139.278077315] [exploration]: v=+0.20 w=+0.00 | 直行 d=1.46
[INFO] [1790744139.378548146] [exploration]: v=+0.20 w=+0.00 | 直行 d=1.43
[INFO] [1790744139.477723757] [exploration]: v=+0.20 w=+0.00 | 直行 d=1.42
[INFO] [1790744139.578176830] [exploration]: v=+0.20 w=+0.00 | 直行 d=1.41
[INFO] [1790744139.678476514] [exploration]: v=+0.20 w=+0.00 | 直行 d=1.39
[INFO] [1790744139.778916149] [exploration]: v=+0.20 w=+0.00 | 直行 d=1.37
[INFO] [1790744139.879938898] [exploration]: v=+0.20 w=+0.00 | 直行 d=1.35
[INFO] [1790744139.979686020] [exploration]: v=+0.20 w=+0.00 | 直行 d=1.34
[INFO] [1790744140.079320611] [exploration]: v=+0.20 w=+0.00 | 直行 d=1.32
[INFO] [1790744140.179631550] [exploration]: v=+0.20 w=+0.00 | 直行 d=1.31
[INFO] [1790744140.280722452] [exploration]: v=+0.20 w=+0.00 | 直行 d=1.27
[INFO] [1790744140.380563726] [exploration]: v=+0.20 w=+0.00 | 直行 d=1.26
[INFO] [1790744140.480223913] [exploration]: v=+0.20 w=+0.00 | 直行 d=1.25
[INFO] [1790744140.580189034] [exploration]: v=+0.20 w=+0.00 | 直行 d=1.23
[INFO] [1790744140.681177871] [exploration]: v=+0.20 w=+0.00 | 直行 d=1.20
[INFO] [1790744140.881466506] [exploration]: v=+0.20 w=+0.00 | 直行 d=1.17
[INFO] [1790744140.981345032] [exploration]: v=+0.20 w=+0.00 | 直行 d=1.15
[INFO] [1790744141.081342334] [exploration]: v=+0.20 w=+0.00 | 直行 d=1.13
[INFO] [1790744141.281444012] [exploration]: v=+0.20 w=+0.00 | 直行 d=1.10
[INFO] [1790744141.381624788] [exploration]: v=+0.20 w=+0.00 | 直行 d=1.09
[INFO] [1790744141.481788522] [exploration]: v=+0.20 w=+0.00 | 直行 d=1.07
[INFO] [1790744141.582263624] [exploration]: v=+0.20 w=+0.00 | 直行 d=1.04
[INFO] [1790744141.681705976] [exploration]: v=+0.20 w=+0.00 | 直行 d=1.03
[INFO] [1790744141.782691336] [exploration]: v=+0.20 w=+0.00 | 直行 d=1.01
[INFO] [1790744141.883327133] [exploration]: v=+0.20 w=+0.00 | 直行 d=0.98
[INFO] [1790744141.982952634] [exploration]: v=+0.20 w=+0.00 | 直行 d=0.97
[INFO] [1790744142.083846564] [exploration]: v=+0.20 w=+0.00 | 直行 d=0.94
[INFO] [1790744142.283681483] [exploration]: v=+0.20 w=+0.00 | 直行 d=0.92
[INFO] [1790744142.382818375] [exploration]: v=+0.20 w=+0.00 | 直行 d=0.90
[INFO] [1790744142.483124740] [exploration]: v=+0.20 w=+0.00 | 直行 d=0.88
[INFO] [1790744142.582928576] [exploration]: v=+0.20 w=+0.00 | 直行 d=0.87
[INFO] [1790744142.683970628] [exploration]: v=+0.20 w=+0.00 | 直行 d=0.84
[INFO] [1790744142.784166096] [exploration]: v=+0.20 w=+0.00 | 直行 d=0.83
[INFO] [1790744142.884326198] [exploration]: v=+0.20 w=+0.00 | 直行 d=0.80
[INFO] [1790744142.984864531] [exploration]: v=+0.09 w=+0.00 | 减速 d=0.79
[INFO] [1790744143.084432969] [exploration]: v=+0.00 w=-0.50 | 转向，由于危险 d=0.14
[INFO] [1790744143.185456689] [exploration]: v=+0.00 w=-0.50 | 转向中 front=0.14 目标>0.8
[INFO] [1790744143.288639108] [exploration]: v=+0.00 w=-0.50 | 转向中 front=0.75 目标>0.8
[INFO] [1790744143.386329395] [exploration]: v=+0.00 w=-0.50 | 转向中 front=0.74 目标>0.8
[INFO] [1790744143.486056299] [exploration]: v=+0.00 w=-0.50 | 转向中 front=0.15 目标>0.8
[INFO] [1790744143.584905739] [exploration]: v=+0.00 w=-0.50 | 转向中 front=0.72 目标>0.8
[INFO] [1790744143.885498389] [exploration]: v=+0.00 w=-0.50 | 转向中 front=0.71 目标>0.8
[INFO] [1790744144.387292797] [exploration]: v=+0.00 w=-0.50 | 转向中 front=0.70 目标>0.8
[INFO] [1790744144.588395334] [exploration]: v=+0.00 w=-0.50 | 转向中 front=0.71 目标>0.8
[INFO] [1790744144.787115815] [exploration]: v=+0.00 w=-0.50 | 转向中 front=0.70 目标>0.8
[INFO] [1790744144.987899693] [exploration]: v=+0.00 w=-0.50 | 转向中 front=0.71 目标>0.8
[INFO] [1790744145.087810611] [exploration]: v=+0.00 w=-0.50 | 转向中 front=0.72 目标>0.8
[INFO] [1790744145.189192690] [exploration]: v=+0.00 w=-0.50 | 转向中 front=0.74 目标>0.8
[INFO] [1790744145.390425855] [exploration]: v=+0.00 w=-0.50 | 转向中 front=0.75 目标>0.8
[INFO] [1790744145.489717893] [exploration]: v=+0.00 w=-0.50 | 转向中 front=0.77 目标>0.8
[INFO] [1790744145.589699028] [exploration]: v=+0.00 w=-0.50 | 转向中 front=0.78 目标>0.8
[INFO] [1790744145.690025422] [exploration]: v=+0.00 w=+0.00 | 转向完成，停稳 front=0.81
[INFO] [1790744145.789144099] [exploration]: v=+0.20 w=+0.00 | 直行 d=0.82
[INFO] [1790744145.990470070] [exploration]: v=+0.20 w=+0.00 | 直行 d=0.81
[INFO] [1790744146.091225771] [exploration]: v=+0.09 w=+0.00 | 减速 d=0.80
[INFO] [1790744146.190281558] [exploration]: v=+0.00 w=-0.50 | 转向，由于危险 d=0.14
[INFO] [1790744146.291137414] [exploration]: v=+0.00 w=-0.50 | 转向中 front=0.13 目标>0.8
[INFO] [1790744146.390848896] [exploration]: v=+0.00 w=-0.50 | 转向中 front=0.79 目标>0.8
[INFO] [1790744146.490759341] [exploration]: v=+0.00 w=-0.50 | 转向中 front=0.14 目标>0.8
[INFO] [1790744146.591406914] [exploration]: v=+0.00 w=+0.00 | 转向完成，停稳 front=0.83
[INFO] [1790744146.691727041] [exploration]: v=+0.20 w=+0.00 | 直行 d=0.87
[INFO] [1790744146.792693684] [exploration]: v=+0.00 w=-0.50 | 转向，由于危险 d=0.14
[INFO] [1790744146.891608532] [exploration]: v=+0.00 w=+0.00 | 转向完成，停稳 front=0.83
[INFO] [1790744146.991834518] [exploration]: v=+0.00 w=+0.50 | 转向，由于危险 d=0.14
[INFO] [1790744147.091036451] [exploration]: v=+0.00 w=+0.50 | 转向中 front=0.15 目标>0.8
[INFO] [1790744147.191278905] [exploration]: v=+0.00 w=+0.50 | 转向中 front=0.13 目标>0.8
[INFO] [1790744147.291263930] [exploration]: v=+0.00 w=+0.50 | 转向中 front=0.14 目标>0.8
[INFO] [1790744147.391923954] [exploration]: v=+0.00 w=+0.50 | 转向中 front=0.13 目标>0.8
[INFO] [1790744147.492873400] [exploration]: v=+0.00 w=+0.50 | 转向中 front=0.14 目标>0.8
[INFO] [1790744147.592519162] [exploration]: v=+0.00 w=+0.50 | 转向中 front=0.13 目标>0.8
[INFO] [1790744147.691869336] [exploration]: v=+0.00 w=+0.50 | 转向中 front=0.71 目标>0.8
[INFO] [1790744147.792667779] [exploration]: v=+0.00 w=+0.50 | 转向中 front=0.13 目标>0.8
[INFO] [1790744147.892247524] [exploration]: v=+0.00 w=+0.50 | 转向中 front=0.69 目标>0.8
[INFO] [1790744147.992695955] [exploration]: v=+0.00 w=+0.50 | 转向中 front=0.14 目标>0.8
[INFO] [1790744148.093510439] [exploration]: v=+0.00 w=+0.50 | 转向中 front=0.15 目标>0.8
[INFO] [1790744148.294242837] [exploration]: v=+0.00 w=+0.50 | 转向中 front=0.65 目标>0.8
[INFO] [1790744148.493964829] [exploration]: v=+0.00 w=+0.50 | 转向中 front=0.14 目标>0.8
[INFO] [1790744148.693623395] [exploration]: v=+0.00 w=+0.50 | 转向中 front=0.64 目标>0.8
[INFO] [1790744148.793289014] [exploration]: v=+0.00 w=+0.50 | 转向中 front=0.65 目标>0.8
[INFO] [1790744148.894980042] [exploration]: v=+0.00 w=+0.50 | 转向中 front=0.14 目标>0.8
[INFO] [1790744148.994359869] [exploration]: v=+0.00 w=+0.50 | 转向中 front=0.65 目标>0.8
[INFO] [1790744149.094976980] [exploration]: v=+0.00 w=+0.50 | 转向中 front=0.13 目标>0.8
[INFO] [1790744149.194988493] [exploration]: v=+0.00 w=+0.50 | 转向中 front=0.66 目标>0.8
[INFO] [1790744149.294318367] [exploration]: v=+0.00 w=+0.50 | 转向中 front=0.65 目标>0.8
[INFO] [1790744149.395543051] [exploration]: v=+0.00 w=+0.50 | 转向中 front=0.13 目标>0.8
[INFO] [1790744149.495701556] [exploration]: v=+0.00 w=+0.50 | 转向中 front=0.66 目标>0.8
[INFO] [1790744149.597343891] [exploration]: v=+0.00 w=+0.50 | 转向中 front=0.67 目标>0.8
[INFO] [1790744149.696255205] [exploration]: v=+0.00 w=+0.50 | 转向中 front=0.68 目标>0.8
[INFO] [1790744149.796275923] [exploration]: v=+0.00 w=+0.50 | 转向中 front=0.69 目标>0.8
[INFO] [1790744149.897058427] [exploration]: v=+0.00 w=+0.50 | 转向中 front=0.70 目标>0.8
[INFO] [1790744149.996461415] [exploration]: v=+0.00 w=+0.50 | 转向中 front=0.71 目标>0.8
[INFO] [1790744150.096930144] [exploration]: v=+0.00 w=+0.50 | 转向中 front=0.73 目标>0.8
[INFO] [1790744150.197875134] [exploration]: v=+0.00 w=+0.50 | 转向中 front=0.75 目标>0.8
[INFO] [1790744150.297159138] [exploration]: v=+0.00 w=+0.50 | 转向中 front=0.77 目标>0.8
[INFO] [1790744150.396682861] [exploration]: v=+0.00 w=+0.00 | 转向完成，停稳 front=0.81
[INFO] [1790744150.496902994] [exploration]: v=+0.20 w=+0.00 | 直行 d=0.81
[INFO] [1790744150.597276761] [exploration]: v=+0.20 w=+0.00 | 直行 d=0.82
[INFO] [1790744150.698700655] [exploration]: v=+0.20 w=+0.00 | 直行 d=0.81
[INFO] [1790744150.797143983] [exploration]: v=+0.09 w=+0.00 | 减速 d=0.79
[INFO] [1790744150.897623855] [exploration]: v=+0.00 w=-0.50 | 转向，由于危险 d=0.40
[INFO] [1790744150.997637837] [exploration]: v=+0.00 w=-0.50 | 转向中 front=0.14 目标>0.8
[INFO] [1790744151.098396192] [exploration]: v=+0.00 w=-0.50 | 转向中 front=0.73 目标>0.8
[INFO] [1790744151.197864404] [exploration]: v=+0.00 w=-0.50 | 转向中 front=0.15 目标>0.8
[INFO] [1790744151.297768604] [exploration]: v=+0.00 w=-0.50 | 转向中 front=0.71 目标>0.8
[INFO] [1790744151.398398847] [exploration]: v=+0.00 w=-0.50 | 转向中 front=0.16 目标>0.8
[INFO] [1790744151.498766448] [exploration]: v=+0.00 w=-0.50 | 转向中 front=0.14 目标>0.8
[INFO] [1790744151.598058192] [exploration]: v=+0.00 w=-0.50 | 转向中 front=0.66 目标>0.8
[INFO] [1790744151.698874867] [exploration]: v=+0.00 w=-0.50 | 转向中 front=0.65 目标>0.8
[INFO] [1790744151.799441471] [exploration]: v=+0.00 w=-0.50 | 转向中 front=0.64 目标>0.8
[INFO] [1790744151.899364906] [exploration]: v=+0.00 w=-0.50 | 转向中 front=0.63 目标>0.8
[INFO] [1790744152.000266139] [exploration]: v=+0.00 w=-0.50 | 转向中 front=0.62 目标>0.8
[INFO] [1790744152.200852369] [exploration]: v=+0.00 w=-0.50 | 转向中 front=0.61 目标>0.8
[INFO] [1790744153.001591052] [exploration]: v=+0.00 w=-0.50 | 转向中 front=0.62 目标>0.8
[INFO] [1790744153.101915361] [exploration]: v=+0.00 w=-0.50 | 转向中 front=0.61 目标>0.8
[INFO] [1790744153.300675047] [exploration]: v=+0.00 w=-0.50 | 转向中 front=0.62 目标>0.8
[INFO] [1790744153.601727749] [exploration]: v=+0.00 w=-0.50 | 转向中 front=0.65 目标>0.8
[INFO] [1790744153.802925051] [exploration]: v=+0.00 w=-0.50 | 转向中 front=0.66 目标>0.8
[INFO] [1790744153.902608823] [exploration]: v=+0.00 w=-0.50 | 转向中 front=0.67 目标>0.8
[INFO] [1790744154.001966267] [exploration]: v=+0.00 w=-0.50 | 转向中 front=0.69 目标>0.8
[INFO] [1790744154.102627343] [exploration]: v=+0.00 w=-0.50 | 转向中 front=0.72 目标>0.8
[INFO] [1790744154.203218205] [exploration]: v=+0.00 w=-0.50 | 转向中 front=0.75 目标>0.8
[INFO] [1790744154.304009457] [exploration]: v=+0.00 w=-0.50 | 转向中 front=0.78 目标>0.8
[INFO] [1790744154.403588042] [exploration]: v=+0.00 w=+0.00 | 转向完成，停稳 front=0.80
[INFO] [1790744154.504427378] [exploration]: v=+0.20 w=+0.00 | 直行 d=0.82
[INFO] [1790744154.704619464] [exploration]: v=+0.20 w=+0.00 | 直行 d=0.81
[INFO] [1790744154.805108104] [exploration]: v=+0.09 w=+0.00 | 减速 d=0.80
[INFO] [1790744154.906277670] [exploration]: v=+0.00 w=-0.50 | 转向，由于危险 d=0.13
[INFO] [1790744155.005607096] [exploration]: v=+0.00 w=-0.50 | 转向中 front=0.77 目标>0.8
[INFO] [1790744155.104073938] [exploration]: v=+0.00 w=-0.50 | 转向中 front=0.79 目标>0.8
[INFO] [1790744155.205340232] [exploration]: v=+0.00 w=-0.50 | 转向中 front=0.77 目标>0.8
[INFO] [1790744155.304804615] [exploration]: v=+0.00 w=-0.50 | 转向中 front=0.14 目标>0.8
[INFO] [1790744155.405077359] [exploration]: v=+0.00 w=+0.00 | 转向完成，停稳 front=0.88
[INFO] [1790744155.505362558] [exploration]: v=+0.20 w=+0.00 | 直行 d=0.99
[INFO] [1790744155.605798957] [exploration]: v=+0.20 w=+0.00 | 直行 d=0.96
[INFO] [1790744155.706395338] [exploration]: v=+0.20 w=+0.00 | 直行 d=0.97
[INFO] [1790744155.806219181] [exploration]: v=+0.20 w=+0.00 | 直行 d=0.94
[INFO] [1790744155.906489713] [exploration]: v=+0.20 w=+0.00 | 直行 d=0.93
[INFO] [1790744156.005786469] [exploration]: v=+0.20 w=+0.00 | 直行 d=0.91
[INFO] [1790744156.206181789] [exploration]: v=+0.20 w=+0.00 | 直行 d=0.88
[INFO] [1790744156.406327333] [exploration]: v=+0.20 w=+0.00 | 直行 d=0.86
[INFO] [1790744156.506821416] [exploration]: v=+0.20 w=+0.00 | 直行 d=0.84
[INFO] [1790744156.606159870] [exploration]: v=+0.20 w=+0.00 | 直行 d=0.83
[INFO] [1790744156.807908717] [exploration]: v=+0.20 w=+0.00 | 直行 d=0.81
[INFO] [1790744156.906991531] [exploration]: v=+0.09 w=+0.00 | 减速 d=0.79
[INFO] [1790744157.007318318] [exploration]: v=+0.08 w=+0.00 | 减速 d=0.76
[INFO] [1790744157.107429586] [exploration]: v=+0.08 w=+0.00 | 减速 d=0.77
[INFO] [1790744157.208019976] [exploration]: v=+0.00 w=-0.50 | 转向，由于危险 d=0.15
[INFO] [1790744157.307672203] [exploration]: v=+0.00 w=-0.50 | 转向中 front=0.79 目标>0.8
[INFO] [1790744157.408390876] [exploration]: v=+0.00 w=+0.00 | 转向完成，停稳 front=0.80
[INFO] [1790744157.507872946] [exploration]: v=+0.00 w=-0.50 | 转向，由于危险 d=0.14
[INFO] [1790744157.610245338] [exploration]: v=+0.00 w=-0.50 | 转向中 front=0.13 目标>0.8
[INFO] [1790744157.709229992] [exploration]: v=+0.00 w=+0.00 | 转向完成，停稳 front=0.82
[INFO] [1790744157.808826675] [exploration]: v=+0.20 w=+0.00 | 直行 d=0.82
[INFO] [1790744157.909904011] [exploration]: v=+0.20 w=+0.00 | 直行 d=0.80
[INFO] [1790744158.110359938] [exploration]: v=+0.08 w=+0.00 | 减速 d=0.77
[INFO] [1790744158.210803004] [exploration]: v=+0.00 w=-0.50 | 转向，由于危险 d=0.13
[INFO] [1790744158.310779409] [exploration]: v=+0.00 w=-0.50 | 转向中 front=0.75 目标>0.8
[INFO] [1790744158.410808571] [exploration]: v=+0.00 w=-0.50 | 转向中 front=0.14 目标>0.8
[INFO] [1790744158.512827661] [exploration]: v=+0.00 w=-0.50 | 转向中 front=0.74 目标>0.8
[INFO] [1790744158.711815199] [exploration]: v=+0.00 w=-0.50 | 转向中 front=0.13 目标>0.8
[INFO] [1790744158.811533270] [exploration]: v=+0.00 w=-0.50 | 转向中 front=0.14 目标>0.8
[INFO] [1790744158.912217584] [exploration]: v=+0.00 w=-0.50 | 转向中 front=0.75 目标>0.8
[INFO] [1790744159.512406810] [exploration]: v=+0.00 w=-0.50 | 转向中 front=0.76 目标>0.8
[INFO] [1790744159.612042868] [exploration]: v=+0.00 w=-0.50 | 转向中 front=0.77 目标>0.8
[INFO] [1790744159.713160015] [exploration]: v=+0.00 w=-0.50 | 转向中 front=0.78 目标>0.8
[INFO] [1790744159.813241639] [exploration]: v=+0.00 w=-0.50 | 转向中 front=0.80 目标>0.8
[INFO] [1790744159.913520476] [exploration]: v=+0.00 w=+0.00 | 转向完成，停稳 front=0.81
[INFO] [1790744160.013408142] [exploration]: v=+0.20 w=+0.00 | 直行 d=0.82
[INFO] [1790744160.214263457] [exploration]: v=+0.20 w=+0.00 | 直行 d=0.80
[INFO] [1790744160.315607386] [exploration]: v=+0.09 w=+0.00 | 减速 d=0.79
[INFO] [1790744160.414287736] [exploration]: v=+0.08 w=+0.00 | 减速 d=0.77
[INFO] [1790744160.514444801] [exploration]: v=+0.00 w=-0.50 | 转向，由于危险 d=0.14
[INFO] [1790744160.614453397] [exploration]: v=+0.00 w=-0.50 | 转向中 front=0.15 目标>0.8
[INFO] [1790744160.715356230] [exploration]: v=+0.00 w=-0.50 | 转向中 front=0.75 目标>0.8
[INFO] [1790744160.814402796] [exploration]: v=+0.00 w=-0.50 | 转向中 front=0.79 目标>0.8
[INFO] [1790744160.914791451] [exploration]: v=+0.00 w=+0.00 | 转向完成，停稳 front=0.81
[INFO] [1790744161.015444718] [exploration]: v=+0.00 w=-0.50 | 转向，由于危险 d=0.14
[INFO] [1790744161.116760271] [exploration]: v=+0.00 w=-0.50 | 转向中 front=0.14 目标>0.8
[INFO] [1790744161.215436196] [exploration]: v=+0.00 w=+0.00 | 转向完成，停稳 front=0.88
[INFO] [1790744161.315141104] [exploration]: v=+0.20 w=+0.00 | 直行 d=0.89
[INFO] [1790744161.515751519] [exploration]: v=+0.20 w=+0.00 | 直行 d=0.88
[INFO] [1790744161.615960694] [exploration]: v=+0.20 w=+0.00 | 直行 d=0.86
[INFO] [1790744161.716138521] [exploration]: v=+0.20 w=+0.00 | 直行 d=0.83
[INFO] [1790744161.816868081] [exploration]: v=+0.20 w=+0.00 | 直行 d=0.82
[INFO] [1790744162.017069438] [exploration]: v=+0.09 w=+0.00 | 减速 d=0.80
[INFO] [1790744162.118077886] [exploration]: v=+0.00 w=-0.50 | 转向，由于危险 d=0.14
[INFO] [1790744162.218494269] [exploration]: v=+0.00 w=-0.50 | 转向中 front=0.74 目标>0.8
[INFO] [1790744162.317305266] [exploration]: v=+0.00 w=-0.50 | 转向中 front=0.77 目标>0.8
[INFO] [1790744162.417449658] [exploration]: v=+0.00 w=-0.50 | 转向中 front=0.14 目标>0.8
[INFO] [1790744162.517258571] [exploration]: v=+0.00 w=-0.50 | 转向中 front=0.13 目标>0.8
[INFO] [1790744162.619854418] [exploration]: v=+0.00 w=+0.00 | 转向完成，停稳 front=0.91
[INFO] [1790744162.718388726] [exploration]: v=+0.00 w=-0.50 | 转向，由于危险 d=0.13
[INFO] [1790744162.818191385] [exploration]: v=+0.00 w=+0.00 | 转向完成，停稳 front=0.97
[INFO] [1790744162.919917760] [exploration]: v=+0.20 w=+0.00 | 直行 d=1.02
[INFO] [1790744163.018066741] [exploration]: v=+0.20 w=+0.00 | 直行 d=0.99
[INFO] [1790744163.118800069] [exploration]: v=+0.20 w=+0.00 | 直行 d=1.01
[INFO] [1790744163.219500214] [exploration]: v=+0.20 w=+0.00 | 直行 d=0.97
[INFO] [1790744163.318928644] [exploration]: v=+0.20 w=+0.00 | 直行 d=0.98
[INFO] [1790744163.419241933] [exploration]: v=+0.20 w=+0.00 | 直行 d=0.97
[INFO] [1790744163.519165515] [exploration]: v=+0.20 w=+0.00 | 直行 d=0.94
[INFO] [1790744163.719503553] [exploration]: v=+0.20 w=+0.00 | 直行 d=0.93
[INFO] [1790744163.819430508] [exploration]: v=+0.20 w=+0.00 | 直行 d=0.91
[INFO] [1790744163.920078663] [exploration]: v=+0.20 w=+0.00 | 直行 d=0.89
[INFO] [1790744164.019549329] [exploration]: v=+0.20 w=+0.00 | 直行 d=0.88
[INFO] [1790744164.120416579] [exploration]: v=+0.20 w=+0.00 | 直行 d=0.86
[INFO] [1790744164.221101458] [exploration]: v=+0.20 w=+0.00 | 直行 d=0.84
[INFO] [1790744164.320252760] [exploration]: v=+0.20 w=+0.00 | 直行 d=0.82
[INFO] [1790744164.420772998] [exploration]: v=+0.20 w=+0.00 | 直行 d=0.81
[INFO] [1790744164.522209098] [exploration]: v=+0.08 w=+0.00 | 减速 d=0.78
[INFO] [1790744164.621869128] [exploration]: v=+0.00 w=-0.50 | 转向，由于危险 d=0.14
[INFO] [1790744164.721895247] [exploration]: v=+0.00 w=-0.50 | 转向中 front=0.77 目标>0.8
[INFO] [1790744164.922806592] [exploration]: v=+0.00 w=-0.50 | 转向中 front=0.14 目标>0.8
[INFO] [1790744165.020805134] [exploration]: v=+0.00 w=+0.00 | 转向完成，停稳 front=0.96
[INFO] [1790744165.121477888] [exploration]: v=+0.00 w=-0.50 | 转向，由于危险 d=0.13
[INFO] [1790744165.221486225] [exploration]: v=+0.00 w=-0.50 | 转向中 front=0.14 目标>0.8
[INFO] [1790744165.322187876] [exploration]: v=+0.00 w=+0.00 | 转向完成，停稳 front=1.13
[INFO] [1790744165.421787391] [exploration]: v=+0.20 w=+0.00 | 直行 d=1.14
[INFO] [1790744165.521963963] [exploration]: v=+0.20 w=+0.00 | 直行 d=1.15
[INFO] [1790744165.622316499] [exploration]: v=+0.20 w=+0.00 | 直行 d=1.13
[INFO] [1790744165.724067217] [exploration]: v=+0.20 w=+0.00 | 直行 d=1.11
[INFO] [1790744165.824235183] [exploration]: v=+0.20 w=+0.00 | 直行 d=1.09
[INFO] [1790744165.923244124] [exploration]: v=+0.20 w=+0.00 | 直行 d=1.07
[INFO] [1790744166.023789551] [exploration]: v=+0.20 w=+0.00 | 直行 d=1.06
[INFO] [1790744166.123222066] [exploration]: v=+0.20 w=+0.00 | 直行 d=1.04
[INFO] [1790744166.223162830] [exploration]: v=+0.20 w=+0.00 | 直行 d=1.02
[INFO] [1790744166.323399177] [exploration]: v=+0.20 w=+0.00 | 直行 d=1.00
[INFO] [1790744166.423893977] [exploration]: v=+0.20 w=+0.00 | 直行 d=0.97
[INFO] [1790744166.524279942] [exploration]: v=+0.20 w=+0.00 | 直行 d=0.96
[INFO] [1790744166.625081203] [exploration]: v=+0.20 w=+0.00 | 直行 d=0.95
[INFO] [1790744166.724633152] [exploration]: v=+0.20 w=+0.00 | 直行 d=0.91
[INFO] [1790744166.824428368] [exploration]: v=+0.20 w=+0.00 | 直行 d=0.90
[INFO] [1790744166.925007046] [exploration]: v=+0.20 w=+0.00 | 直行 d=0.88
[INFO] [1790744167.026432198] [exploration]: v=+0.20 w=+0.00 | 直行 d=0.85
[INFO] [1790744167.125207451] [exploration]: v=+0.20 w=+0.00 | 直行 d=0.84
[INFO] [1790744167.224718292] [exploration]: v=+0.20 w=+0.00 | 直行 d=0.82
[INFO] [1790744167.326008963] [exploration]: v=+0.09 w=+0.00 | 减速 d=0.80
[INFO] [1790744167.425133883] [exploration]: v=+0.00 w=-0.50 | 转向，由于危险 d=0.14
[INFO] [1790744167.525419314] [exploration]: v=+0.00 w=-0.50 | 转向中 front=0.77 目标>0.8
[INFO] [1790744167.626846452] [exploration]: v=+0.00 w=-0.50 | 转向中 front=0.14 目标>0.8
[INFO] [1790744167.726778692] [exploration]: v=+0.00 w=-0.50 | 转向中 front=0.77 目标>0.8
[INFO] [1790744167.826315319] [exploration]: v=+0.00 w=-0.50 | 转向中 front=0.13 目标>0.8
[INFO] [1790744167.926408032] [exploration]: v=+0.00 w=-0.50 | 转向中 front=0.14 目标>0.8
[INFO] [1790744168.126918746] [exploration]: v=+0.00 w=-0.50 | 转向中 front=0.77 目标>0.8
[INFO] [1790744168.228114863] [exploration]: v=+0.00 w=-0.50 | 转向中 front=0.78 目标>0.8
[INFO] [1790744168.327981794] [exploration]: v=+0.00 w=-0.50 | 转向中 front=0.77 目标>0.8
[INFO] [1790744168.527001471] [exploration]: v=+0.00 w=-0.50 | 转向中 front=0.78 目标>0.8
[INFO] [1790744168.627172699] [exploration]: v=+0.00 w=-0.50 | 转向中 front=0.79 目标>0.8
[INFO] [1790744168.827700263] [exploration]: v=+0.00 w=-0.50 | 转向中 front=0.80 目标>0.8
[INFO] [1790744168.928837186] [exploration]: v=+0.00 w=+0.00 | 转向完成，停稳 front=0.81
[INFO] [1790744169.027491299] [exploration]: v=+0.20 w=+0.00 | 直行 d=0.81
[INFO] [1790744169.127172374] [exploration]: v=+0.20 w=+0.00 | 直行 d=0.80
[INFO] [1790744169.227326694] [exploration]: v=+0.09 w=+0.00 | 减速 d=0.80
[INFO] [1790744169.328135660] [exploration]: v=+0.00 w=-0.50 | 转向，由于危险 d=0.14
[INFO] [1790744169.428604937] [exploration]: v=+0.00 w=-0.50 | 转向中 front=0.13 目标>0.8
[INFO] [1790744169.629450580] [exploration]: v=+0.00 w=-0.50 | 转向中 front=0.78 目标>0.8
[INFO] [1790744169.728697868] [exploration]: v=+0.00 w=-0.50 | 转向中 front=0.14 目标>0.8
[INFO] [1790744170.029013339] [exploration]: v=+0.00 w=+0.00 | 转向完成，停稳 front=0.87
[INFO] [1790744170.129129399] [exploration]: v=+0.20 w=+0.00 | 直行 d=0.89
[INFO] [1790744170.229509734] [exploration]: v=+0.20 w=+0.00 | 直行 d=0.88
[INFO] [1790744170.330495907] [exploration]: v=+0.20 w=+0.00 | 直行 d=0.86
[INFO] [1790744170.431143553] [exploration]: v=+0.20 w=+0.00 | 直行 d=0.87
[INFO] [1790744170.530463553] [exploration]: v=+0.20 w=+0.00 | 直行 d=0.84
[INFO] [1790744170.630771609] [exploration]: v=+0.20 w=+0.00 | 直行 d=0.83
[INFO] [1790744170.730435101] [exploration]: v=+0.20 w=+0.00 | 直行 d=0.80
[INFO] [1790744170.831663303] [exploration]: v=+0.09 w=+0.00 | 减速 d=0.79
[INFO] [1790744170.931108296] [exploration]: v=+0.00 w=-0.50 | 转向，由于危险 d=0.16
[INFO] [1790744171.030967254] [exploration]: v=+0.00 w=-0.50 | 转向中 front=0.14 目标>0.8
[INFO] [1790744171.331319467] [exploration]: v=+0.00 w=-0.50 | 转向中 front=0.15 目标>0.8
[INFO] [1790744171.430357969] [exploration]: v=+0.00 w=-0.50 | 转向中 front=0.13 目标>0.8
[INFO] [1790744171.531231672] [exploration]: v=+0.00 w=+0.00 | 转向完成，停稳 front=0.91
[INFO] [1790744171.631260113] [exploration]: v=+0.00 w=+0.50 | 转向，由于危险 d=0.13
[INFO] [1790744171.731601739] [exploration]: v=+0.00 w=+0.00 | 转向完成，停稳 front=0.94
[INFO] [1790744171.832622727] [exploration]: v=+0.00 w=-0.50 | 转向，由于危险 d=0.14
[INFO] [1790744171.931602410] [exploration]: v=+0.00 w=+0.00 | 转向完成，停稳 front=0.92
[INFO] [1790744172.033145132] [exploration]: v=+0.20 w=+0.00 | 直行 d=0.96
[INFO] [1790744172.333496818] [exploration]: v=+0.20 w=+0.00 | 直行 d=0.94
[INFO] [1790744172.433900225] [exploration]: v=+0.20 w=+0.00 | 直行 d=0.92
[INFO] [1790744172.532825545] [exploration]: v=+0.20 w=+0.00 | 直行 d=0.91
[INFO] [1790744172.634538586] [exploration]: v=+0.20 w=+0.00 | 直行 d=0.90
[INFO] [1790744172.734846165] [exploration]: v=+0.20 w=+0.00 | 直行 d=0.88
[INFO] [1790744172.835328401] [exploration]: v=+0.20 w=+0.00 | 直行 d=0.86
[INFO] [1790744172.934416991] [exploration]: v=+0.20 w=+0.00 | 直行 d=0.84
[INFO] [1790744173.134994777] [exploration]: v=+0.20 w=+0.00 | 直行 d=0.82
[INFO] [1790744173.236186854] [exploration]: v=+0.09 w=+0.00 | 减速 d=0.79
[INFO] [1790744173.335837380] [exploration]: v=+0.00 w=-0.50 | 转向，由于危险 d=0.17
[INFO] [1790744173.434352302] [exploration]: v=+0.00 w=-0.50 | 转向中 front=0.14 目标>0.8
[INFO] [1790744173.535110836] [exploration]: v=+0.00 w=-0.50 | 转向中 front=0.16 目标>0.8
[INFO] [1790744173.635925772] [exploration]: v=+0.00 w=-0.50 | 转向中 front=0.13 目标>0.8
[INFO] [1790744173.736310240] [exploration]: v=+0.00 w=+0.00 | 转向完成，停稳 front=0.84
[INFO] [1790744173.835838872] [exploration]: v=+0.00 w=-0.50 | 转向，由于危险 d=0.40
[INFO] [1790744173.936771480] [exploration]: v=+0.00 w=-0.50 | 转向中 front=0.14 目标>0.8
[INFO] [1790744174.036315748] [exploration]: v=+0.00 w=+0.00 | 转向完成，停稳 front=1.10
[INFO] [1790744174.136532244] [exploration]: v=+0.20 w=+0.00 | 直行 d=1.15
[INFO] [1790744174.238053178] [exploration]: v=+0.20 w=+0.00 | 直行 d=1.13
[INFO] [1790744174.536708548] [exploration]: v=+0.20 w=+0.00 | 直行 d=1.11
[INFO] [1790744174.636862484] [exploration]: v=+0.20 w=+0.00 | 直行 d=1.09
[INFO] [1790744174.837612536] [exploration]: v=+0.20 w=+0.00 | 直行 d=1.07
[INFO] [1790744175.037821122] [exploration]: v=+0.20 w=+0.00 | 直行 d=1.08
[INFO] [1790744175.137318267] [exploration]: v=+0.20 w=+0.00 | 直行 d=1.06
[INFO] [1790744175.438083815] [exploration]: v=+0.20 w=+0.00 | 直行 d=1.03
[INFO] [1790744175.638055259] [exploration]: v=+0.20 w=+0.00 | 直行 d=1.01
[INFO] [1790744175.738382389] [exploration]: v=+0.20 w=+0.00 | 直行 d=0.99
[INFO] [1790744175.938979155] [exploration]: v=+0.20 w=+0.00 | 直行 d=0.98
[INFO] [1790744176.038549421] [exploration]: v=+0.20 w=+0.00 | 直行 d=0.97
[INFO] [1790744176.139520255] [exploration]: v=+0.20 w=+0.00 | 直行 d=0.95
[INFO] [1790744176.239487065] [exploration]: v=+0.20 w=+0.00 | 直行 d=0.93
[INFO] [1790744176.439624294] [exploration]: v=+0.20 w=+0.00 | 直行 d=0.92
[INFO] [1790744176.538813989] [exploration]: v=+0.20 w=+0.00 | 直行 d=0.91
[INFO] [1790744176.639906437] [exploration]: v=+0.20 w=+0.00 | 直行 d=0.90
[INFO] [1790744176.740701459] [exploration]: v=+0.20 w=+0.00 | 直行 d=0.87
[INFO] [1790744176.840076007] [exploration]: v=+0.20 w=+0.00 | 直行 d=0.88
[INFO] [1790744176.939270051] [exploration]: v=+0.20 w=+0.00 | 直行 d=0.87
[INFO] [1790744177.039897600] [exploration]: v=+0.20 w=+0.00 | 直行 d=0.84
[INFO] [1790744177.139953013] [exploration]: v=+0.20 w=+0.00 | 直行 d=0.83
[INFO] [1790744177.340262251] [exploration]: v=+0.20 w=+0.00 | 直行 d=0.82
[INFO] [1790744177.540763832] [exploration]: v=+0.09 w=+0.00 | 减速 d=0.80
[INFO] [1790744177.641177693] [exploration]: v=+0.00 w=-0.50 | 转向，由于危险 d=0.14
[INFO] [1790744177.741519758] [exploration]: v=+0.00 w=-0.50 | 转向中 front=0.76 目标>0.8
[INFO] [1790744177.841130585] [exploration]: v=+0.00 w=-0.50 | 转向中 front=0.13 目标>0.8
[INFO] [1790744177.941964198] [exploration]: v=+0.00 w=+0.00 | 转向完成，停稳 front=0.92
[INFO] [1790744178.042871837] [exploration]: v=+0.00 w=-0.50 | 转向，由于危险 d=0.40
[INFO] [1790744178.143193838] [exploration]: v=+0.00 w=-0.50 | 转向中 front=0.13 目标>0.8
[INFO] [1790744178.341981517] [exploration]: v=+0.00 w=+0.00 | 转向完成，停稳 front=1.42
[INFO] [1790744178.442327669] [exploration]: v=+0.20 w=+0.00 | 直行 d=1.38
[INFO] [1790744178.543324612] [exploration]: v=+0.20 w=+0.00 | 直行 d=1.42
[INFO] [1790744178.742700975] [exploration]: v=+0.20 w=+0.00 | 直行 d=1.39
[INFO] [1790744178.843415306] [exploration]: v=+0.20 w=+0.00 | 直行 d=1.38
[INFO] [1790744178.943499511] [exploration]: v=+0.20 w=+0.00 | 直行 d=1.36
[INFO] [1790744179.044547599] [exploration]: v=+0.20 w=+0.00 | 直行 d=1.35
[INFO] [1790744179.143000864] [exploration]: v=+0.20 w=+0.00 | 直行 d=1.33
[INFO] [1790744179.243812928] [exploration]: v=+0.20 w=+0.00 | 直行 d=1.31
[INFO] [1790744179.344146330] [exploration]: v=+0.20 w=+0.00 | 直行 d=1.29
[INFO] [1790744179.444849336] [exploration]: v=+0.20 w=+0.00 | 直行 d=1.27
[INFO] [1790744179.545448744] [exploration]: v=+0.20 w=+0.00 | 直行 d=1.25
[INFO] [1790744179.644478845] [exploration]: v=+0.20 w=+0.00 | 直行 d=1.23
[INFO] [1790744179.744854462] [exploration]: v=+0.20 w=+0.00 | 直行 d=1.20
[INFO] [1790744179.846214846] [exploration]: v=+0.20 w=+0.00 | 直行 d=1.19
[INFO] [1790744179.945821822] [exploration]: v=+0.20 w=+0.00 | 直行 d=1.17
[INFO] [1790744180.044911799] [exploration]: v=+0.20 w=+0.00 | 直行 d=1.14
[INFO] [1790744180.144989193] [exploration]: v=+0.20 w=+0.00 | 直行 d=1.13
[INFO] [1790744180.245346424] [exploration]: v=+0.20 w=+0.00 | 直行 d=1.10
[INFO] [1790744180.345823730] [exploration]: v=+0.20 w=+0.00 | 直行 d=1.09
[INFO] [1790744180.445484564] [exploration]: v=+0.20 w=+0.00 | 直行 d=1.07
[INFO] [1790744180.546827756] [exploration]: v=+0.20 w=+0.00 | 直行 d=1.05
[INFO] [1790744180.646635055] [exploration]: v=+0.20 w=+0.00 | 直行 d=1.03
[INFO] [1790744180.845956175] [exploration]: v=+0.20 w=+0.00 | 直行 d=1.02
[INFO] [1790744180.945874648] [exploration]: v=+0.20 w=+0.00 | 直行 d=1.01
[INFO] [1790744181.046801600] [exploration]: v=+0.20 w=+0.00 | 直行 d=1.00
[INFO] [1790744181.447884650] [exploration]: v=+0.20 w=+0.00 | 直行 d=0.98
[INFO] [1790744181.547854049] [exploration]: v=+0.20 w=+0.00 | 直行 d=0.95
[INFO] [1790744181.647980045] [exploration]: v=+0.20 w=+0.00 | 直行 d=0.92
[INFO] [1790744181.747598286] [exploration]: v=+0.20 w=+0.00 | 直行 d=0.87
[INFO] [1790744181.847982995] [exploration]: v=+0.20 w=+0.00 | 直行 d=0.85
[INFO] [1790744181.949439119] [exploration]: v=+0.00 w=-0.50 | 转向，由于危险 d=0.40
[INFO] [1790744182.047419280] [exploration]: v=+0.00 w=-0.50 | 转向中 front=0.78 目标>0.8
[INFO] [1790744182.147943561] [exploration]: v=+0.00 w=-0.50 | 转向中 front=0.31 目标>0.8
[INFO] [1790744182.247996821] [exploration]: v=+0.00 w=-0.50 | 转向中 front=0.27 目标>0.8
[INFO] [1790744182.349329063] [exploration]: v=+0.00 w=-0.50 | 转向中 front=0.15 目标>0.8
[INFO] [1790744182.449842749] [exploration]: v=+0.00 w=-0.50 | 转向中 front=0.22 目标>0.8
[INFO] [1790744182.549556053] [exploration]: v=+0.00 w=-0.50 | 转向中 front=0.21 目标>0.8
[INFO] [1790744182.650940109] [exploration]: v=+0.00 w=-0.50 | 转向中 front=0.20 目标>0.8
[INFO] [1790744182.850354188] [exploration]: v=+0.00 w=-0.50 | 转向中 front=0.19 目标>0.8
[INFO] [1790744183.451721876] [exploration]: v=+0.00 w=-0.50 | 转向中 front=0.18 目标>0.8
[INFO] [1790744183.851292837] [exploration]: v=+0.00 w=-0.50 | 转向中 front=0.19 目标>0.8
[INFO] [1790744184.151870890] [exploration]: v=+0.00 w=-0.50 | 转向中 front=0.20 目标>0.8
[INFO] [1790744184.252713825] [exploration]: v=+0.00 w=-0.50 | 转向中 front=0.21 目标>0.8
[INFO] [1790744184.553049744] [exploration]: v=+0.00 w=-0.50 | 转向中 front=0.23 目标>0.8
[INFO] [1790744184.653717843] [exploration]: v=+0.00 w=-0.50 | 转向中 front=0.25 目标>0.8
[INFO] [1790744184.753466335] [exploration]: v=+0.00 w=-0.50 | 转向中 front=0.28 目标>0.8
[INFO] [1790744184.852989344] [exploration]: v=+0.00 w=-0.50 | 转向中 front=0.72 目标>0.8
[INFO] [1790744184.953592844] [exploration]: v=+0.00 w=-0.50 | 转向中 front=0.74 目标>0.8
[INFO] [1790744185.053854775] [exploration]: v=+0.00 w=-0.50 | 转向中 front=0.75 目标>0.8
[INFO] [1790744185.153930936] [exploration]: v=+0.00 w=-0.50 | 转向中 front=0.77 目标>0.8
[INFO] [1790744185.253489305] [exploration]: v=+0.00 w=+0.00 | 转向完成，停稳 front=0.80
[INFO] [1790744185.354875982] [exploration]: v=+0.20 w=+0.00 | 直行 d=0.80
[INFO] [1790744185.554459227] [exploration]: v=+0.08 w=+0.00 | 减速 d=0.78
[INFO] [1790744185.655224511] [exploration]: v=+0.08 w=+0.00 | 减速 d=0.76
[INFO] [1790744185.954962255] [exploration]: v=+0.08 w=+0.00 | 减速 d=0.75
[INFO] [1790744186.055986689] [exploration]: v=+0.07 w=+0.00 | 减速 d=0.74
[INFO] [1790744186.256653870] [exploration]: v=+0.07 w=+0.00 | 减速 d=0.71
[INFO] [1790744186.356261049] [exploration]: v=+0.07 w=+0.00 | 减速 d=0.72
[INFO] [1790744186.656116632] [exploration]: v=+0.07 w=+0.00 | 减速 d=0.71
[INFO] [1790744186.856835127] [exploration]: v=+0.07 w=+0.00 | 减速 d=0.70
[INFO] [1790744187.056541699] [exploration]: v=+0.06 w=+0.00 | 减速 d=0.69
[INFO] [1790744187.156563279] [exploration]: v=+0.06 w=+0.00 | 减速 d=0.70
[INFO] [1790744187.257267693] [exploration]: v=+0.06 w=+0.00 | 减速 d=0.69
[INFO] [1790744187.457759915] [exploration]: v=+0.06 w=+0.00 | 减速 d=0.68
[INFO] [1790744187.657036332] [exploration]: v=+0.06 w=+0.00 | 减速 d=0.67
[INFO] [1790744187.957021174] [exploration]: v=+0.06 w=+0.00 | 减速 d=0.66
[INFO] [1790744188.057831594] [exploration]: v=+0.00 w=+0.50 | 转向，由于危险 d=0.40
[INFO] [1790744188.158034239] [exploration]: v=+0.00 w=+0.50 | 转向中 front=0.66 目标>0.8
[INFO] [1790744188.258054135] [exploration]: v=+0.00 w=+0.50 | 转向中 front=0.13 目标>0.8
[INFO] [1790744188.358297330] [exploration]: v=+0.00 w=+0.50 | 转向中 front=0.14 目标>0.8
[INFO] [1790744188.458914635] [exploration]: v=+0.00 w=+0.50 | 转向中 front=0.23 目标>0.8
[INFO] [1790744188.660424847] [exploration]: v=+0.00 w=+0.50 | 转向中 front=0.21 目标>0.8
[INFO] [1790744188.861775756] [exploration]: v=+0.00 w=+0.50 | 转向中 front=0.20 目标>0.8
[INFO] [1790744188.960761704] [exploration]: v=+0.00 w=+0.50 | 转向中 front=0.19 目标>0.8
[INFO] [1790744189.961293553] [exploration]: v=+0.00 w=+0.50 | 转向中 front=0.20 目标>0.8
[INFO] [1790744190.061620059] [exploration]: v=+0.00 w=+0.50 | 转向中 front=0.19 目标>0.8
[INFO] [1790744190.262455063] [exploration]: v=+0.00 w=+0.50 | 转向中 front=0.21 目标>0.8
[INFO] [1790744190.462556908] [exploration]: v=+0.00 w=+0.50 | 转向中 front=0.22 目标>0.8
[INFO] [1790744190.562142750] [exploration]: v=+0.00 w=+0.50 | 转向中 front=0.25 目标>0.8
[INFO] [1790744190.662157890] [exploration]: v=+0.00 w=+0.50 | 转向中 front=0.28 目标>0.8
[INFO] [1790744190.762072923] [exploration]: v=+0.00 w=+0.00 | 转向完成，停稳 front=0.94
[INFO] [1790744190.862606211] [exploration]: v=+0.20 w=+0.00 | 直行 d=0.98
[INFO] [1790744190.962777513] [exploration]: v=+0.20 w=+0.00 | 直行 d=0.97
[INFO] [1790744191.064924048] [exploration]: v=+0.20 w=+0.00 | 直行 d=0.91
[INFO] [1790744191.163983852] [exploration]: v=+0.00 w=+0.50 | 转向，由于危险 d=0.40
[INFO] [1790744191.264769225] [exploration]: v=+0.00 w=+0.00 | 转向完成，停稳 front=0.86
[INFO] [1790744191.363775530] [exploration]: v=+0.00 w=+0.50 | 转向，由于危险 d=0.28
[INFO] [1790744191.464957099] [exploration]: v=+0.00 w=+0.00 | 转向完成，停稳 front=0.84
[INFO] [1790744191.565811273] [exploration]: v=+0.00 w=+0.50 | 转向，由于危险 d=0.40
[INFO] [1790744191.664251099] [exploration]: v=+0.00 w=+0.00 | 转向完成，停稳 front=0.90
[INFO] [1790744191.764712154] [exploration]: v=+0.20 w=+0.00 | 直行 d=0.90
[INFO] [1790744191.863943664] [exploration]: v=+0.20 w=+0.00 | 直行 d=0.91
[INFO] [1790744191.964955180] [exploration]: v=+0.20 w=+0.00 | 直行 d=0.89
[INFO] [1790744192.065923442] [exploration]: v=+0.00 w=+0.50 | 转向，由于危险 d=0.40
[INFO] [1790744192.164883877] [exploration]: v=+0.00 w=+0.00 | 转向完成，停稳 front=0.82
[INFO] [1790744192.266462299] [exploration]: v=+0.00 w=+0.50 | 转向，由于危险 d=0.40
[INFO] [1790744192.366242427] [exploration]: v=+0.00 w=+0.00 | 转向完成，停稳 front=0.83
[INFO] [1790744192.466173858] [exploration]: v=+0.00 w=+0.50 | 转向，由于危险 d=0.40
[INFO] [1790744192.566532831] [exploration]: v=+0.00 w=+0.00 | 转向完成，停稳 front=0.84
[INFO] [1790744192.666665168] [exploration]: v=+0.20 w=+0.00 | 直行 d=0.85
[INFO] [1790744192.766995162] [exploration]: v=+0.20 w=+0.00 | 直行 d=0.88
[INFO] [1790744192.867712967] [exploration]: v=+0.20 w=+0.00 | 直行 d=0.84
[INFO] [1790744192.968797984] [exploration]: v=+0.00 w=-0.50 | 转向，由于危险 d=0.40
[INFO] [1790744193.067933569] [exploration]: v=+0.00 w=-0.50 | 转向中 front=0.80 目标>0.8
[INFO] [1790744193.167950352] [exploration]: v=+0.00 w=-0.50 | 转向中 front=0.79 目标>0.8
[INFO] [1790744193.268080083] [exploration]: v=+0.00 w=-0.50 | 转向中 front=0.28 目标>0.8
[INFO] [1790744193.368166667] [exploration]: v=+0.00 w=-0.50 | 转向中 front=0.14 目标>0.8
[INFO] [1790744193.468479298] [exploration]: v=+0.00 w=-0.50 | 转向中 front=0.23 目标>0.8
[INFO] [1790744193.569400010] [exploration]: v=+0.00 w=-0.50 | 转向中 front=0.22 目标>0.8
[INFO] [1790744193.668766344] [exploration]: v=+0.00 w=-0.50 | 转向中 front=0.21 目标>0.8
[INFO] [1790744193.768354883] [exploration]: v=+0.00 w=-0.50 | 转向中 front=0.19 目标>0.8
[INFO] [1790744194.269769568] [exploration]: v=+0.00 w=-0.50 | 转向中 front=0.18 目标>0.8
[INFO] [1790744194.470387868] [exploration]: v=+0.00 w=-0.50 | 转向中 front=0.19 目标>0.8
[INFO] [1790744194.570150172] [exploration]: v=+0.00 w=-0.50 | 转向中 front=0.18 目标>0.8
[INFO] [1790744194.870755264] [exploration]: v=+0.00 w=-0.50 | 转向中 front=0.19 目标>0.8
[INFO] [1790744195.170815726] [exploration]: v=+0.00 w=-0.50 | 转向中 front=0.20 目标>0.8
[INFO] [1790744195.471275314] [exploration]: v=+0.00 w=-0.50 | 转向中 front=0.21 目标>0.8
[INFO] [1790744195.570960439] [exploration]: v=+0.00 w=-0.50 | 转向中 front=0.24 目标>0.8
[INFO] [1790744195.672010241] [exploration]: v=+0.00 w=-0.50 | 转向中 front=0.25 目标>0.8
[INFO] [1790744195.772637646] [exploration]: v=+0.00 w=-0.50 | 转向中 front=0.26 目标>0.8
[INFO] [1790744195.872200415] [exploration]: v=+0.00 w=-0.50 | 转向中 front=0.71 目标>0.8
[INFO] [1790744195.972595028] [exploration]: v=+0.00 w=-0.50 | 转向中 front=0.74 目标>0.8
[INFO] [1790744196.071667051] [exploration]: v=+0.00 w=-0.50 | 转向中 front=0.75 目标>0.8
[INFO] [1790744196.172049033] [exploration]: v=+0.00 w=-0.50 | 转向中 front=0.77 目标>0.8
[INFO] [1790744196.272892298] [exploration]: v=+0.00 w=-0.50 | 转向中 front=0.78 目标>0.8
[INFO] [1790744196.372853218] [exploration]: v=+0.00 w=+0.00 | 转向完成，停稳 front=0.82
[INFO] [1790744196.473443197] [exploration]: v=+0.20 w=+0.00 | 直行 d=0.83
[INFO] [1790744196.573355452] [exploration]: v=+0.20 w=+0.00 | 直行 d=0.82
[INFO] [1790744196.674213713] [exploration]: v=+0.20 w=+0.00 | 直行 d=0.81
[INFO] [1790744196.774163839] [exploration]: v=+0.08 w=+0.00 | 减速 d=0.78
[INFO] [1790744196.874235530] [exploration]: v=+0.08 w=+0.00 | 减速 d=0.76
[INFO] [1790744197.075834405] [exploration]: v=+0.08 w=+0.00 | 减速 d=0.75
[INFO] [1790744197.173445506] [exploration]: v=+0.08 w=+0.00 | 减速 d=0.74
[INFO] [1790744197.275020022] [exploration]: v=+0.07 w=+0.00 | 减速 d=0.73
[INFO] [1790744197.576026205] [exploration]: v=+0.07 w=+0.00 | 减速 d=0.72
[INFO] [1790744197.675551727] [exploration]: v=+0.07 w=+0.00 | 减速 d=0.71
[INFO] [1790744197.774737721] [exploration]: v=+0.07 w=+0.00 | 减速 d=0.70
[INFO] [1790744197.874798601] [exploration]: v=+0.07 w=+0.00 | 减速 d=0.71
[INFO] [1790744198.075097534] [exploration]: v=+0.07 w=+0.00 | 减速 d=0.70
[INFO] [1790744198.374911330] [exploration]: v=+0.06 w=+0.00 | 减速 d=0.68
[INFO] [1790744198.475802822] [exploration]: v=+0.06 w=+0.00 | 减速 d=0.69
[INFO] [1790744198.574924788] [exploration]: v=+0.06 w=+0.00 | 减速 d=0.68
[INFO] [1790744198.675065194] [exploration]: v=+0.06 w=+0.00 | 减速 d=0.69
[INFO] [1790744198.775830323] [exploration]: v=+0.06 w=+0.00 | 减速 d=0.68
[INFO] [1790744198.976668769] [exploration]: v=+0.06 w=+0.00 | 减速 d=0.67
[INFO] [1790744199.277411595] [exploration]: v=+0.06 w=+0.00 | 减速 d=0.66
[INFO] [1790744199.377328845] [exploration]: v=+0.06 w=+0.00 | 减速 d=0.67
[INFO] [1790744199.477166919] [exploration]: v=+0.06 w=+0.00 | 减速 d=0.65
[INFO] [1790744199.578334245] [exploration]: v=+0.06 w=+0.00 | 减速 d=0.66
[INFO] [1790744199.777248172] [exploration]: v=+0.06 w=+0.00 | 减速 d=0.65
[INFO] [1790744199.979772393] [exploration]: v=+0.00 w=+0.50 | 转向，由于危险 d=0.40
[INFO] [1790744200.078628561] [exploration]: v=+0.00 w=+0.50 | 转向中 front=0.65 目标>0.8
[INFO] [1790744200.178784498] [exploration]: v=+0.00 w=+0.50 | 转向中 front=0.15 目标>0.8
[INFO] [1790744200.380016123] [exploration]: v=+0.00 w=+0.50 | 转向中 front=0.23 目标>0.8
[INFO] [1790744200.480826696] [exploration]: v=+0.00 w=+0.50 | 转向中 front=0.22 目标>0.8
[INFO] [1790744200.579258680] [exploration]: v=+0.00 w=+0.50 | 转向中 front=0.21 目标>0.8
[INFO] [1790744200.780142864] [exploration]: v=+0.00 w=+0.50 | 转向中 front=0.20 目标>0.8
[INFO] [1790744200.980635016] [exploration]: v=+0.00 w=+0.50 | 转向中 front=0.19 目标>0.8
[INFO] [1790744201.479006972] [exploration]: v=+0.00 w=+0.50 | 转向中 front=0.20 目标>0.8
[INFO] [1790744201.579084374] [exploration]: v=+0.00 w=+0.50 | 转向中 front=0.19 目标>0.8
[INFO] [1790744201.779282130] [exploration]: v=+0.00 w=+0.50 | 转向中 front=0.20 目标>0.8
[INFO] [1790744201.879402113] [exploration]: v=+0.00 w=+0.50 | 转向中 front=0.19 目标>0.8
[INFO] [1790744201.979794658] [exploration]: v=+0.00 w=+0.50 | 转向中 front=0.20 目标>0.8
[INFO] [1790744202.180232100] [exploration]: v=+0.00 w=+0.50 | 转向中 front=0.21 目标>0.8
[INFO] [1790744202.380829966] [exploration]: v=+0.00 w=+0.50 | 转向中 front=0.23 目标>0.8
[INFO] [1790744202.581410593] [exploration]: v=+0.00 w=+0.50 | 转向中 front=0.25 目标>0.8
[INFO] [1790744202.681291560] [exploration]: v=+0.00 w=+0.00 | 转向完成，停稳 front=1.00
[INFO] [1790744202.782013695] [exploration]: v=+0.20 w=+0.00 | 直行 d=1.02
[INFO] [1790744202.881696530] [exploration]: v=+0.20 w=+0.00 | 直行 d=1.03
[INFO] [1790744202.981956855] [exploration]: v=+0.00 w=+0.50 | 转向，由于危险 d=0.40
[INFO] [1790744203.082292666] [exploration]: v=+0.00 w=+0.00 | 转向完成，停稳 front=0.95
[INFO] [1790744203.181937605] [exploration]: v=+0.00 w=+0.50 | 转向，由于危险 d=0.40
[INFO] [1790744203.284089469] [exploration]: v=+0.00 w=+0.00 | 转向完成，停稳 front=0.96
[INFO] [1790744203.381645040] [exploration]: v=+0.00 w=+0.50 | 转向，由于危险 d=0.40
[INFO] [1790744203.483432384] [exploration]: v=+0.00 w=+0.00 | 转向完成，停稳 front=1.00
[INFO] [1790744203.583236631] [exploration]: v=+0.20 w=+0.00 | 直行 d=1.02
[INFO] [1790744203.683950727] [exploration]: v=+0.20 w=+0.00 | 直行 d=1.01
[INFO] [1790744203.782924339] [exploration]: v=+0.20 w=+0.00 | 直行 d=0.96
[INFO] [1790744203.882815912] [exploration]: v=+0.00 w=+0.50 | 转向，由于危险 d=0.40
[INFO] [1790744203.984413547] [exploration]: v=+0.00 w=+0.00 | 转向完成，停稳 front=0.88
[INFO] [1790744204.084070256] [exploration]: v=+0.00 w=+0.50 | 转向，由于危险 d=0.40
[INFO] [1790744204.184148436] [exploration]: v=+0.00 w=+0.00 | 转向完成，停稳 front=0.89
[INFO] [1790744204.285433334] [exploration]: v=+0.20 w=+0.00 | 直行 d=0.92
[INFO] [1790744204.384693230] [exploration]: v=+0.00 w=+0.50 | 转向，由于危险 d=0.40
[INFO] [1790744204.483851151] [exploration]: v=+0.00 w=+0.00 | 转向完成，停稳 front=0.89
[INFO] [1790744204.584355892] [exploration]: v=+0.00 w=+0.50 | 转向，由于危险 d=0.40
[INFO] [1790744204.684549913] [exploration]: v=+0.00 w=+0.00 | 转向完成，停稳 front=0.89
[INFO] [1790744204.785022100] [exploration]: v=+0.20 w=+0.00 | 直行 d=0.91
[INFO] [1790744204.884973893] [exploration]: v=+0.20 w=+0.00 | 直行 d=0.92
[INFO] [1790744204.985320117] [exploration]: v=+0.20 w=+0.00 | 直行 d=0.90
[INFO] [1790744205.084909194] [exploration]: v=+0.00 w=+0.50 | 转向，由于危险 d=0.40
[INFO] [1790744205.184345045] [exploration]: v=+0.00 w=+0.00 | 转向完成，停稳 front=0.83
[INFO] [1790744205.285107849] [exploration]: v=+0.00 w=-0.50 | 转向，由于危险 d=0.32
[INFO] [1790744205.385193876] [exploration]: v=+0.00 w=-0.50 | 转向中 front=0.26 目标>0.8
[INFO] [1790744205.586265515] [exploration]: v=+0.00 w=-0.50 | 转向中 front=0.23 目标>0.8
[INFO] [1790744205.686138452] [exploration]: v=+0.00 w=-0.50 | 转向中 front=0.21 目标>0.8
[INFO] [1790744205.786149569] [exploration]: v=+0.00 w=-0.50 | 转向中 front=0.20 目标>0.8
[INFO] [1790744206.086365006] [exploration]: v=+0.00 w=-0.50 | 转向中 front=0.19 目标>0.8
[INFO] [1790744206.387695773] [exploration]: v=+0.00 w=-0.50 | 转向中 front=0.18 目标>0.8
[INFO] [1790744206.487449849] [exploration]: v=+0.00 w=-0.50 | 转向中 front=0.19 目标>0.8
[INFO] [1790744207.287578898] [exploration]: v=+0.00 w=-0.50 | 转向中 front=0.20 目标>0.8
[INFO] [1790744207.389331184] [exploration]: v=+0.00 w=-0.50 | 转向中 front=0.19 目标>0.8
[INFO] [1790744207.489635891] [exploration]: v=+0.00 w=-0.50 | 转向中 front=0.21 目标>0.8
[INFO] [1790744207.690028560] [exploration]: v=+0.00 w=-0.50 | 转向中 front=0.22 目标>0.8
[INFO] [1790744207.790573314] [exploration]: v=+0.00 w=-0.50 | 转向中 front=0.25 目标>0.8
[INFO] [1790744207.891161082] [exploration]: v=+0.00 w=-0.50 | 转向中 front=0.27 目标>0.8
[INFO] [1790744207.990780156] [exploration]: v=+0.00 w=-0.50 | 转向中 front=0.68 目标>0.8
[INFO] [1790744208.089661849] [exploration]: v=+0.00 w=-0.50 | 转向中 front=0.70 目标>0.8
[INFO] [1790744208.190556605] [exploration]: v=+0.00 w=-0.50 | 转向中 front=0.71 目标>0.8
[INFO] [1790744208.291161157] [exploration]: v=+0.00 w=-0.50 | 转向中 front=0.72 目标>0.8
[INFO] [1790744208.390148549] [exploration]: v=+0.00 w=-0.50 | 转向中 front=0.74 目标>0.8
[INFO] [1790744208.490620245] [exploration]: v=+0.00 w=-0.50 | 转向中 front=0.75 目标>0.8
[INFO] [1790744208.590313133] [exploration]: v=+0.00 w=-0.50 | 转向中 front=0.79 目标>0.8
[INFO] [1790744208.689726931] [exploration]: v=+0.00 w=+0.00 | 转向完成，停稳 front=0.81
[INFO] [1790744208.790635806] [exploration]: v=+0.20 w=+0.00 | 直行 d=0.81
[INFO] [1790744208.991742609] [exploration]: v=+0.09 w=+0.00 | 减速 d=0.79
[INFO] [1790744209.091650488] [exploration]: v=+0.00 w=-0.50 | 转向，由于危险 d=0.15
[INFO] [1790744209.191063994] [exploration]: v=+0.00 w=-0.50 | 转向中 front=0.14 目标>0.8
[INFO] [1790744209.292003648] [exploration]: v=+0.00 w=-0.50 | 转向中 front=0.78 目标>0.8
[INFO] [1790744209.393339381] [exploration]: v=+0.00 w=-0.50 | 转向中 front=0.14 目标>0.8
[INFO] [1790744209.592603898] [exploration]: v=+0.00 w=-0.50 | 转向中 front=0.15 目标>0.8
[INFO] [1790744209.692667542] [exploration]: v=+0.00 w=+0.00 | 转向完成，停稳 front=0.91
[INFO] [1790744209.791318859] [exploration]: v=+0.20 w=+0.00 | 直行 d=1.97
[INFO] [1790744209.892106142] [exploration]: v=+0.20 w=+0.00 | 直行 d=1.96
[INFO] [1790744210.092142355] [exploration]: v=+0.20 w=+0.00 | 直行 d=1.95
[INFO] [1790744210.191721830] [exploration]: v=+0.20 w=+0.00 | 直行 d=1.93
[INFO] [1790744210.293668032] [exploration]: v=+0.20 w=+0.00 | 直行 d=1.92
[INFO] [1790744210.391970792] [exploration]: v=+0.20 w=+0.00 | 直行 d=1.89
[INFO] [1790744210.593993854] [exploration]: v=+0.20 w=+0.00 | 直行 d=1.86
[INFO] [1790744210.694026222] [exploration]: v=+0.20 w=+0.00 | 直行 d=1.84
[INFO] [1790744210.794200922] [exploration]: v=+0.20 w=+0.00 | 直行 d=1.81
[INFO] [1790744210.894289656] [exploration]: v=+0.20 w=+0.00 | 直行 d=1.80
[INFO] [1790744210.995167800] [exploration]: v=+0.20 w=+0.00 | 直行 d=1.78
[INFO] [1790744211.095628991] [exploration]: v=+0.20 w=+0.00 | 直行 d=1.77
[INFO] [1790744211.195674160] [exploration]: v=+0.20 w=+0.00 | 直行 d=1.75
[INFO] [1790744211.296739131] [exploration]: v=+0.20 w=+0.00 | 直行 d=1.73
[INFO] [1790744211.395061510] [exploration]: v=+0.20 w=+0.00 | 直行 d=1.72
[INFO] [1790744211.495246470] [exploration]: v=+0.20 w=+0.00 | 直行 d=1.69
[INFO] [1790744211.595256317] [exploration]: v=+0.20 w=+0.00 | 直行 d=1.67
[INFO] [1790744211.695177803] [exploration]: v=+0.20 w=+0.00 | 直行 d=1.65
[INFO] [1790744211.795373915] [exploration]: v=+0.20 w=+0.00 | 直行 d=1.64
[INFO] [1790744211.895864657] [exploration]: v=+0.20 w=+0.00 | 直行 d=1.62
[INFO] [1790744211.996439165] [exploration]: v=+0.20 w=+0.00 | 直行 d=1.60
[INFO] [1790744212.097775451] [exploration]: v=+0.20 w=+0.00 | 直行 d=1.57
[INFO] [1790744212.198253657] [exploration]: v=+0.20 w=+0.00 | 直行 d=1.56
[INFO] [1790744212.297302926] [exploration]: v=+0.20 w=+0.00 | 直行 d=1.53
[INFO] [1790744212.398478543] [exploration]: v=+0.20 w=+0.00 | 直行 d=1.52
[INFO] [1790744212.497867410] [exploration]: v=+0.20 w=+0.00 | 直行 d=1.51
[INFO] [1790744212.597358609] [exploration]: v=+0.20 w=+0.00 | 直行 d=1.49
[INFO] [1790744212.696279162] [exploration]: v=+0.20 w=+0.00 | 直行 d=1.47
[INFO] [1790744212.798511700] [exploration]: v=+0.20 w=+0.00 | 直行 d=1.44
[INFO] [1790744212.898343347] [exploration]: v=+0.20 w=+0.00 | 直行 d=1.43
[INFO] [1790744212.997401443] [exploration]: v=+0.20 w=+0.00 | 直行 d=1.40
[INFO] [1790744213.097745908] [exploration]: v=+0.20 w=+0.00 | 直行 d=1.39
[INFO] [1790744213.199210347] [exploration]: v=+0.20 w=+0.00 | 直行 d=1.37
[INFO] [1790744213.399147483] [exploration]: v=+0.20 w=+0.00 | 直行 d=1.34
[INFO] [1790744213.499237699] [exploration]: v=+0.20 w=+0.00 | 直行 d=1.32
[INFO] [1790744213.598714700] [exploration]: v=+0.20 w=+0.00 | 直行 d=1.31
[INFO] [1790744213.699161721] [exploration]: v=+0.20 w=+0.00 | 直行 d=1.27
[INFO] [1790744213.900987092] [exploration]: v=+0.20 w=+0.00 | 直行 d=1.24
[INFO] [1790744213.999693465] [exploration]: v=+0.20 w=+0.00 | 直行 d=1.22
[INFO] [1790744214.099486065] [exploration]: v=+0.20 w=+0.00 | 直行 d=1.21
[INFO] [1790744214.300687571] [exploration]: v=+0.20 w=+0.00 | 直行 d=1.17
[INFO] [1790744214.399960763] [exploration]: v=+0.20 w=+0.00 | 直行 d=1.16
[INFO] [1790744214.501089950] [exploration]: v=+0.20 w=+0.00 | 直行 d=1.14
[INFO] [1790744214.601034196] [exploration]: v=+0.20 w=+0.00 | 直行 d=1.12
[INFO] [1790744214.701526226] [exploration]: v=+0.20 w=+0.00 | 直行 d=1.10
[INFO] [1790744214.800826533] [exploration]: v=+0.20 w=+0.00 | 直行 d=1.09
[INFO] [1790744214.900877531] [exploration]: v=+0.20 w=+0.00 | 直行 d=1.06
[INFO] [1790744215.101091707] [exploration]: v=+0.20 w=+0.00 | 直行 d=1.02
[INFO] [1790744215.200952732] [exploration]: v=+0.20 w=+0.00 | 直行 d=1.00
[INFO] [1790744215.400664244] [exploration]: v=+0.20 w=+0.00 | 直行 d=0.97
[INFO] [1790744215.500904874] [exploration]: v=+0.20 w=+0.00 | 直行 d=0.96
[INFO] [1790744215.601983808] [exploration]: v=+0.20 w=+0.00 | 直行 d=0.94
[INFO] [1790744215.701886110] [exploration]: v=+0.20 w=+0.00 | 直行 d=0.91
[INFO] [1790744215.803478698] [exploration]: v=+0.20 w=+0.00 | 直行 d=0.89
[INFO] [1790744215.902541831] [exploration]: v=+0.20 w=+0.00 | 直行 d=0.88
[INFO] [1790744216.002783454] [exploration]: v=+0.20 w=+0.00 | 直行 d=0.85
[INFO] [1790744216.203195716] [exploration]: v=+0.20 w=+0.00 | 直行 d=0.82
[INFO] [1790744216.303536470] [exploration]: v=+0.09 w=+0.00 | 减速 d=0.80
[INFO] [1790744216.402866780] [exploration]: v=+0.00 w=-0.50 | 转向，由于危险 d=0.40
[INFO] [1790744216.502890557] [exploration]: v=+0.00 w=-0.50 | 转向中 front=0.75 目标>0.8
[INFO] [1790744216.604172906] [exploration]: v=+0.00 w=-0.50 | 转向中 front=0.77 目标>0.8
[INFO] [1790744216.704846861] [exploration]: v=+0.00 w=-0.50 | 转向中 front=0.13 目标>0.8
[INFO] [1790744216.802987035] [exploration]: v=+0.00 w=-0.50 | 转向中 front=0.14 目标>0.8
[INFO] [1790744216.904768833] [exploration]: v=+0.00 w=-0.50 | 转向中 front=0.71 目标>0.8
[INFO] [1790744217.004751505] [exploration]: v=+0.00 w=-0.50 | 转向中 front=0.74 目标>0.8
[INFO] [1790744217.605183120] [exploration]: v=+0.00 w=-0.50 | 转向中 front=0.73 目标>0.8
[INFO] [1790744217.705287084] [exploration]: v=+0.00 w=-0.50 | 转向中 front=0.74 目标>0.8
[INFO] [1790744217.805431094] [exploration]: v=+0.00 w=-0.50 | 转向中 front=0.73 目标>0.8
[INFO] [1790744218.005093674] [exploration]: v=+0.00 w=-0.50 | 转向中 front=0.74 目标>0.8
[INFO] [1790744218.204630717] [exploration]: v=+0.00 w=-0.50 | 转向中 front=0.75 目标>0.8
[INFO] [1790744218.305677715] [exploration]: v=+0.00 w=-0.50 | 转向中 front=0.76 目标>0.8
[INFO] [1790744218.405410824] [exploration]: v=+0.00 w=-0.50 | 转向中 front=0.77 目标>0.8
[INFO] [1790744218.505053907] [exploration]: v=+0.00 w=-0.50 | 转向中 front=0.78 目标>0.8
[INFO] [1790744218.605400570] [exploration]: v=+0.00 w=+0.00 | 转向完成，停稳 front=0.80
[INFO] [1790744218.706940404] [exploration]: v=+0.09 w=+0.00 | 减速 d=0.79
[INFO] [1790744218.905095999] [exploration]: v=+0.09 w=+0.00 | 减速 d=0.80
[INFO] [1790744219.005281730] [exploration]: v=+0.08 w=+0.00 | 减速 d=0.78
[INFO] [1790744219.307280356] [exploration]: v=+0.08 w=+0.00 | 减速 d=0.76
[INFO] [1790744219.506838743] [exploration]: v=+0.08 w=+0.00 | 减速 d=0.74
[INFO] [1790744219.708295023] [exploration]: v=+0.07 w=+0.00 | 减速 d=0.73
[INFO] [1790744219.807173336] [exploration]: v=+0.07 w=+0.00 | 减速 d=0.72
[INFO] [1790744219.908035961] [exploration]: v=+0.07 w=+0.00 | 减速 d=0.73
[INFO] [1790744220.008967567] [exploration]: v=+0.07 w=+0.00 | 减速 d=0.72
[INFO] [1790744220.108026059] [exploration]: v=+0.07 w=+0.00 | 减速 d=0.71
[INFO] [1790744220.207959380] [exploration]: v=+0.07 w=+0.00 | 减速 d=0.70
[INFO] [1790744220.408178357] [exploration]: v=+0.06 w=+0.00 | 减速 d=0.69
[INFO] [1790744220.608676763] [exploration]: v=+0.06 w=+0.00 | 减速 d=0.68
[INFO] [1790744220.809440899] [exploration]: v=+0.06 w=+0.00 | 减速 d=0.67
[INFO] [1790744220.909251690] [exploration]: v=+0.06 w=+0.00 | 减速 d=0.66
[INFO] [1790744221.111910267] [exploration]: v=+0.06 w=+0.00 | 减速 d=0.65
[INFO] [1790744221.211193607] [exploration]: v=+0.05 w=+0.00 | 减速 d=0.64
[INFO] [1790744221.310222733] [exploration]: v=+0.05 w=+0.00 | 减速 d=0.65
[INFO] [1790744221.410440892] [exploration]: v=+0.05 w=+0.00 | 减速 d=0.64
[INFO] [1790744221.510621056] [exploration]: v=+0.05 w=+0.00 | 减速 d=0.63
[INFO] [1790744221.710309647] [exploration]: v=+0.05 w=+0.00 | 减速 d=0.62
[INFO] [1790744222.111305447] [exploration]: v=+0.05 w=+0.00 | 减速 d=0.60
[INFO] [1790744222.211319395] [exploration]: v=+0.05 w=+0.00 | 减速 d=0.61
[INFO] [1790744222.312159774] [exploration]: v=+0.05 w=+0.00 | 减速 d=0.59
[INFO] [1790744222.612078679] [exploration]: v=+0.05 w=+0.00 | 减速 d=0.58
[INFO] [1790744222.912867974] [exploration]: v=+0.05 w=+0.00 | 减速 d=0.56
[INFO] [1790744223.013246557] [exploration]: v=+0.05 w=+0.00 | 减速 d=0.57
[INFO] [1790744223.113448433] [exploration]: v=+0.05 w=+0.00 | 减速 d=0.56
[INFO] [1790744223.313931260] [exploration]: v=+0.05 w=+0.00 | 减速 d=0.55
[INFO] [1790744223.514621361] [exploration]: v=+0.05 w=+0.00 | 减速 d=0.54
[INFO] [1790744223.714899478] [exploration]: v=+0.05 w=+0.00 | 减速 d=0.53
[INFO] [1790744223.915659195] [exploration]: v=+0.05 w=+0.00 | 减速 d=0.52
[INFO] [1790744224.015188058] [exploration]: v=+0.05 w=+0.00 | 减速 d=0.51
[INFO] [1790744224.316585920] [exploration]: v=+0.05 w=+0.00 | 减速 d=0.50
[INFO] [1790744224.715532832] [exploration]: v=+0.05 w=+0.00 | 减速 d=0.49
[INFO] [1790744224.914941634] [exploration]: v=+0.05 w=+0.00 | 减速 d=0.48
[INFO] [1790744225.016852880] [exploration]: v=+0.05 w=+0.00 | 减速 d=0.49
[INFO] [1790744225.116845751] [exploration]: v=+0.05 w=+0.00 | 减速 d=0.46
[INFO] [1790744225.217383246] [exploration]: v=+0.05 w=+0.00 | 减速 d=0.47
[INFO] [1790744225.317005953] [exploration]: v=+0.05 w=+0.00 | 减速 d=0.46
[INFO] [1790744225.416956953] [exploration]: v=+0.05 w=+0.00 | 减速 d=0.47
[INFO] [1790744225.517334931] [exploration]: v=+0.05 w=+0.00 | 减速 d=0.45
[INFO] [1790744225.918251109] [exploration]: v=+0.05 w=+0.00 | 减速 d=0.44
[INFO] [1790744226.117705619] [exploration]: v=+0.05 w=+0.00 | 减速 d=0.42
[INFO] [1790744226.217293397] [exploration]: v=+0.05 w=+0.00 | 减速 d=0.43
[INFO] [1790744226.318507137] [exploration]: v=+0.05 w=+0.00 | 减速 d=0.42
[INFO] [1790744226.419512943] [exploration]: v=+0.00 w=-0.50 | 转向，由于危险 d=0.40
[INFO] [1790744226.518336977] [exploration]: v=+0.00 w=-0.50 | 转向中 front=0.14 目标>0.8
[INFO] [1790744226.619157434] [exploration]: v=+0.00 w=-0.50 | 转向中 front=0.15 目标>0.8
[INFO] [1790744226.719481240] [exploration]: v=+0.00 w=-0.50 | 转向中 front=0.42 目标>0.8
[INFO] [1790744226.820421102] [exploration]: v=+0.00 w=-0.50 | 转向中 front=0.43 目标>0.8
[INFO] [1790744226.919030239] [exploration]: v=+0.00 w=-0.50 | 转向中 front=0.14 目标>0.8
[INFO] [1790744227.019266611] [exploration]: v=+0.00 w=-0.50 | 转向中 front=0.15 目标>0.8
[INFO] [1790744227.120241320] [exploration]: v=+0.00 w=-0.50 | 转向中 front=0.14 目标>0.8
[INFO] [1790744227.220962363] [exploration]: v=+0.00 w=-0.50 | 转向中 front=0.49 目标>0.8
[INFO] [1790744227.321853774] [exploration]: v=+0.00 w=-0.50 | 转向中 front=0.53 目标>0.8
[INFO] [1790744227.520949492] [exploration]: v=+0.00 w=-0.50 | 转向中 front=0.58 目标>0.8
[INFO] [1790744227.620070966] [exploration]: v=+0.00 w=-0.50 | 转向中 front=0.14 目标>0.8
[INFO] [1790744227.720004211] [exploration]: v=+0.00 w=-0.50 | 转向中 front=0.66 目标>0.8
[INFO] [1790744227.821135022] [exploration]: v=+0.00 w=-0.50 | 转向中 front=0.15 目标>0.8
[INFO] [1790744227.920760235] [exploration]: v=+0.00 w=-0.50 | 转向中 front=0.14 目标>0.8
[INFO] [1790744228.021549372] [exploration]: v=+0.00 w=-0.50 | 转向中 front=0.67 目标>0.8
[INFO] [1790744228.221881720] [exploration]: v=+0.00 w=-0.50 | 转向中 front=0.14 目标>0.8
[INFO] [1790744228.321654961] [exploration]: v=+0.00 w=-0.50 | 转向中 front=0.13 目标>0.8
[INFO] [1790744228.623670866] [exploration]: v=+0.00 w=-0.50 | 转向中 front=0.14 目标>0.8
[INFO] [1790744228.822506882] [exploration]: v=+0.00 w=-0.50 | 转向中 front=0.67 目标>0.8
[INFO] [1790744229.023778047] [exploration]: v=+0.00 w=-0.50 | 转向中 front=0.66 目标>0.8
[INFO] [1790744229.122326660] [exploration]: v=+0.00 w=-0.50 | 转向中 front=0.13 目标>0.8
[INFO] [1790744229.322523309] [exploration]: v=+0.00 w=-0.50 | 转向中 front=0.69 目标>0.8
[INFO] [1790744229.423041651] [exploration]: v=+0.00 w=-0.50 | 转向中 front=0.14 目标>0.8
[INFO] [1790744229.522898122] [exploration]: v=+0.00 w=-0.50 | 转向中 front=0.13 目标>0.8
[INFO] [1790744229.623322650] [exploration]: v=+0.00 w=-0.50 | 转向中 front=0.15 目标>0.8
[INFO] [1790744229.723960042] [exploration]: v=+0.00 w=-0.50 | 转向中 front=0.13 目标>0.8
[INFO] [1790744229.923991304] [exploration]: v=+0.00 w=-0.50 | 转向中 front=0.14 目标>0.8
[INFO] [1790744230.024085007] [exploration]: v=+0.00 w=-0.50 | 转向中 front=0.15 目标>0.8
[INFO] [1790744230.124387893] [exploration]: v=+0.00 w=-0.50 | 转向中 front=0.13 目标>0.8
[INFO] [1790744230.224304586] [exploration]: v=+0.00 w=-0.50 | 转向中 front=0.14 目标>0.8
[INFO] [1790744230.425643177] [exploration]: v=+0.00 w=-0.50 | 转向中 front=0.13 目标>0.8
[INFO] [1790744230.625787134] [exploration]: v=+0.00 w=+0.00 | 转向完成，停稳 front=0.87
[INFO] [1790744230.725841658] [exploration]: v=+0.00 w=-0.50 | 转向，由于危险 d=0.16
[INFO] [1790744230.825424424] [exploration]: v=+0.00 w=+0.00 | 转向完成，停稳 front=0.87
[INFO] [1790744230.925606421] [exploration]: v=+0.00 w=-0.50 | 转向，由于危险 d=0.14
[INFO] [1790744231.025576797] [exploration]: v=+0.00 w=-0.50 | 转向中 front=0.14 目标>0.8
[INFO] [1790744231.326059126] [exploration]: v=+0.00 w=-0.50 | 转向中 front=0.13 目标>0.8
[INFO] [1790744231.426003823] [exploration]: v=+0.00 w=-0.50 | 转向中 front=0.14 目标>0.8
[INFO] [1790744231.526781644] [exploration]: v=+0.00 w=+0.00 | 转向完成，停稳 front=0.88
[INFO] [1790744231.628048206] [exploration]: v=+0.20 w=+0.00 | 直行 d=0.87
[INFO] [1790744231.728737358] [exploration]: v=+0.00 w=-0.50 | 转向，由于危险 d=0.13
[INFO] [1790744231.828355480] [exploration]: v=+0.00 w=+0.00 | 转向完成，停稳 front=1.27
[INFO] [1790744231.927666661] [exploration]: v=+0.00 w=-0.50 | 转向，由于危险 d=0.40
[INFO] [1790744232.028733867] [exploration]: v=+0.00 w=+0.00 | 转向完成，停稳 front=1.12
[INFO] [1790744232.127825835] [exploration]: v=+0.20 w=+0.00 | 直行 d=0.98
[INFO] [1790744232.228027876] [exploration]: v=+0.00 w=-0.50 | 转向，由于危险 d=0.40
[INFO] [1790744232.328257973] [exploration]: v=+0.00 w=-0.50 | 转向中 front=0.14 目标>0.8
[INFO] [1790744232.428636349] [exploration]: v=+0.00 w=-0.50 | 转向中 front=0.13 目标>0.8
[INFO] [1790744232.529516773] [exploration]: v=+0.00 w=-0.50 | 转向中 front=0.14 目标>0.8
[INFO] [1790744232.629400564] [exploration]: v=+0.00 w=-0.50 | 转向中 front=0.16 目标>0.8
[INFO] [1790744232.729140073] [exploration]: v=+0.00 w=-0.50 | 转向中 front=0.15 目标>0.8
[INFO] [1790744232.829766787] [exploration]: v=+0.00 w=-0.50 | 转向中 front=0.13 目标>0.8
[INFO] [1790744232.928914629] [exploration]: v=+0.00 w=+0.00 | 转向完成，停稳 front=0.85
[INFO] [1790744233.029418820] [exploration]: v=+0.20 w=+0.00 | 直行 d=0.87
[INFO] [1790744233.230096084] [exploration]: v=+0.00 w=-0.50 | 转向，由于危险 d=0.14
[INFO] [1790744233.329027440] [exploration]: v=+0.00 w=+0.00 | 转向完成，停稳 front=0.85
[INFO] [1790744233.429832151] [exploration]: v=+0.20 w=+0.00 | 直行 d=0.83
[INFO] [1790744233.630916283] [exploration]: v=+0.00 w=-0.50 | 转向，由于危险 d=0.14
[INFO] [1790744233.730520317] [exploration]: v=+0.00 w=+0.00 | 转向完成，停稳 front=0.81
[INFO] [1790744233.831610044] [exploration]: v=+0.20 w=+0.00 | 直行 d=0.80
[INFO] [1790744233.931228384] [exploration]: v=+0.00 w=-0.50 | 转向，由于危险 d=0.14
[INFO] [1790744234.031120619] [exploration]: v=+0.00 w=-0.50 | 转向中 front=0.78 目标>0.8
[INFO] [1790744234.231378738] [exploration]: v=+0.00 w=-0.50 | 转向中 front=0.79 目标>0.8
[INFO] [1790744234.332524590] [exploration]: v=+0.00 w=-0.50 | 转向中 front=0.13 目标>0.8
[INFO] [1790744234.433086575] [exploration]: v=+0.00 w=-0.50 | 转向中 front=0.78 目标>0.8
[INFO] [1790744234.533499893] [exploration]: v=+0.00 w=-0.50 | 转向中 front=0.13 目标>0.8
[INFO] [1790744234.831773215] [exploration]: v=+0.00 w=+0.00 | 转向完成，停稳 front=0.81
[INFO] [1790744234.932108104] [exploration]: v=+0.20 w=+0.00 | 直行 d=0.87
[INFO] [1790744235.031874557] [exploration]: v=+0.00 w=-0.50 | 转向，由于危险 d=0.15
[INFO] [1790744235.133179785] [exploration]: v=+0.00 w=-0.50 | 转向中 front=0.14 目标>0.8
[INFO] [1790744235.232794162] [exploration]: v=+0.00 w=+0.00 | 转向完成，停稳 front=1.29
[INFO] [1790744235.332531620] [exploration]: v=+0.20 w=+0.00 | 直行 d=1.16
[INFO] [1790744235.432989330] [exploration]: v=+0.00 w=-0.50 | 转向，由于危险 d=0.14
[INFO] [1790744235.533450885] [exploration]: v=+0.00 w=-0.50 | 转向中 front=0.13 目标>0.8
[INFO] [1790744235.633314109] [exploration]: v=+0.00 w=-0.50 | 转向中 front=0.14 目标>0.8
[INFO] [1790744235.734015740] [exploration]: v=+0.00 w=-0.50 | 转向中 front=0.13 目标>0.8
[INFO] [1790744235.934751667] [exploration]: v=+0.00 w=-0.50 | 转向中 front=0.15 目标>0.8
[INFO] [1790744236.133812604] [exploration]: v=+0.00 w=-0.50 | 转向中 front=0.14 目标>0.8
[INFO] [1790744236.234079416] [exploration]: v=+0.00 w=+0.00 | 转向完成，停稳 front=0.87
[INFO] [1790744236.334270223] [exploration]: v=+0.20 w=+0.00 | 直行 d=0.87
[INFO] [1790744236.434753272] [exploration]: v=+0.00 w=-0.50 | 转向，由于危险 d=0.14
[INFO] [1790744236.534319751] [exploration]: v=+0.00 w=-0.50 | 转向中 front=0.13 目标>0.8
[INFO] [1790744237.136592890] [exploration]: v=+0.00 w=+0.00 | 转向完成，停稳 front=0.87
[INFO] [1790744237.236500681] [exploration]: v=+0.00 w=-0.50 | 转向，由于危险 d=0.13
[INFO] [1790744237.336170349] [exploration]: v=+0.00 w=-0.50 | 转向中 front=0.13 目标>0.8
[INFO] [1790744237.436808024] [exploration]: v=+0.00 w=+0.00 | 转向完成，停稳 front=0.88
[INFO] [1790744237.536213760] [exploration]: v=+0.20 w=+0.00 | 直行 d=0.87
[INFO] [1790744237.636096041] [exploration]: v=+0.20 w=+0.00 | 直行 d=0.98
[INFO] [1790744237.736326735] [exploration]: v=+0.00 w=-0.50 | 转向，由于危险 d=0.13
[INFO] [1790744237.836644466] [exploration]: v=+0.00 w=+0.00 | 转向完成，停稳 front=1.27
[INFO] [1790744237.936715440] [exploration]: v=+0.00 w=-0.50 | 转向，由于危险 d=0.13
[INFO] [1790744238.037337358] [exploration]: v=+0.00 w=+0.00 | 转向完成，停稳 front=1.25
[INFO] [1790744238.137191071] [exploration]: v=+0.00 w=-0.50 | 转向，由于危险 d=0.13
[INFO] [1790744238.237830000] [exploration]: v=+0.00 w=-0.50 | 转向中 front=0.13 目标>0.8
[INFO] [1790744238.437912481] [exploration]: v=+0.00 w=-0.50 | 转向中 front=0.14 目标>0.8
[INFO] [1790744238.638388065] [exploration]: v=+0.00 w=-0.50 | 转向中 front=0.13 目标>0.8
[INFO] [1790744238.737880110] [exploration]: v=+0.00 w=+0.00 | 转向完成，停稳 front=1.09
[INFO] [1790744238.838123782] [exploration]: v=+0.20 w=+0.00 | 直行 d=1.06
[INFO] [1790744238.938514920] [exploration]: v=+0.20 w=+0.00 | 直行 d=1.03
[INFO] [1790744239.039585915] [exploration]: v=+0.20 w=+0.00 | 直行 d=1.02
[INFO] [1790744239.139870388] [exploration]: v=+0.20 w=+0.00 | 直行 d=1.00
[INFO] [1790744239.339790344] [exploration]: v=+0.20 w=+0.00 | 直行 d=0.98
[INFO] [1790744239.438880233] [exploration]: v=+0.20 w=+0.00 | 直行 d=0.96
[INFO] [1790744239.639645148] [exploration]: v=+0.20 w=+0.00 | 直行 d=0.94
[INFO] [1790744239.840836054] [exploration]: v=+0.20 w=+0.00 | 直行 d=0.91
[INFO] [1790744239.941120389] [exploration]: v=+0.20 w=+0.00 | 直行 d=0.89
[INFO] [1790744240.140123376] [exploration]: v=+0.20 w=+0.00 | 直行 d=0.85
[INFO] [1790744240.240214932] [exploration]: v=+0.20 w=+0.00 | 直行 d=0.87
[INFO] [1790744240.340354500] [exploration]: v=+0.20 w=+0.00 | 直行 d=0.86
[INFO] [1790744240.440544024] [exploration]: v=+0.20 w=+0.00 | 直行 d=0.84
[INFO] [1790744240.540923629] [exploration]: v=+0.20 w=+0.00 | 直行 d=0.82
[INFO] [1790744240.641839231] [exploration]: v=+0.20 w=+0.00 | 直行 d=0.81
[INFO] [1790744240.740261434] [exploration]: v=+0.09 w=+0.00 | 减速 d=0.79
[INFO] [1790744240.841581591] [exploration]: v=+0.00 w=-0.50 | 转向，由于危险 d=0.14
[INFO] [1790744240.941427430] [exploration]: v=+0.00 w=-0.50 | 转向中 front=0.13 目标>0.8
[INFO] [1790744241.041078625] [exploration]: v=+0.00 w=-0.50 | 转向中 front=0.71 目标>0.8
[INFO] [1790744241.141130931] [exploration]: v=+0.00 w=-0.50 | 转向中 front=0.67 目标>0.8
[INFO] [1790744241.241053407] [exploration]: v=+0.00 w=-0.50 | 转向中 front=0.14 目标>0.8
[INFO] [1790744241.541471487] [exploration]: v=+0.00 w=-0.50 | 转向中 front=0.55 目标>0.8
[INFO] [1790744241.641139708] [exploration]: v=+0.00 w=-0.50 | 转向中 front=0.52 目标>0.8
[INFO] [1790744241.742643378] [exploration]: v=+0.00 w=-0.50 | 转向中 front=0.51 目标>0.8
[INFO] [1790744241.842920268] [exploration]: v=+0.00 w=-0.50 | 转向中 front=0.49 目标>0.8
[INFO] [1790744241.943425278] [exploration]: v=+0.00 w=-0.50 | 转向中 front=0.47 目标>0.8
[INFO] [1790744242.043073946] [exploration]: v=+0.00 w=-0.50 | 转向中 front=0.45 目标>0.8
[INFO] [1790744242.142808374] [exploration]: v=+0.00 w=-0.50 | 转向中 front=0.44 目标>0.8
[INFO] [1790744242.242840535] [exploration]: v=+0.00 w=-0.50 | 转向中 front=0.42 目标>0.8
[INFO] [1790744242.444418811] [exploration]: v=+0.00 w=-0.50 | 转向中 front=0.41 目标>0.8
[INFO] [1790744242.543855303] [exploration]: v=+0.00 w=-0.50 | 转向中 front=0.40 目标>0.8
[INFO] [1790744242.644057151] [exploration]: v=+0.00 w=-0.50 | 转向中 front=0.39 目标>0.8
[INFO] [1790744242.744413058] [exploration]: v=+0.00 w=-0.50 | 转向中 front=0.40 目标>0.8
[INFO] [1790744242.844654836] [exploration]: v=+0.00 w=-0.50 | 转向中 front=0.39 目标>0.8
[INFO] [1790744242.945021426] [exploration]: v=+0.00 w=-0.50 | 转向中 front=0.38 目标>0.8
[INFO] [1790744243.344838581] [exploration]: v=+0.00 w=-0.50 | 转向中 front=0.37 目标>0.8
[INFO] [1790744243.443322362] [exploration]: v=+0.00 w=-0.50 | 转向中 front=0.38 目标>0.8
[INFO] [1790744243.744083395] [exploration]: v=+0.00 w=-0.50 | 转向中 front=0.37 目标>0.8
[INFO] [1790744243.845506391] [exploration]: v=+0.00 w=-0.50 | 转向中 front=0.38 目标>0.8
[INFO] [1790744244.245339049] [exploration]: v=+0.00 w=-0.50 | 转向中 front=0.39 目标>0.8
[INFO] [1790744244.345929078] [exploration]: v=+0.00 w=-0.50 | 转向中 front=0.40 目标>0.8
[INFO] [1790744244.545841615] [exploration]: v=+0.00 w=-0.50 | 转向中 front=0.41 目标>0.8
[INFO] [1790744244.646201286] [exploration]: v=+0.00 w=-0.50 | 转向中 front=0.42 目标>0.8
[INFO] [1790744244.746526809] [exploration]: v=+0.00 w=-0.50 | 转向中 front=0.43 目标>0.8
[INFO] [1790744244.947489732] [exploration]: v=+0.00 w=-0.50 | 转向中 front=0.46 目标>0.8
[INFO] [1790744245.048236696] [exploration]: v=+0.00 w=-0.50 | 转向中 front=0.47 目标>0.8
[INFO] [1790744245.148028629] [exploration]: v=+0.00 w=-0.50 | 转向中 front=0.50 目标>0.8
[INFO] [1790744245.248130559] [exploration]: v=+0.00 w=-0.50 | 转向中 front=0.52 目标>0.8
[INFO] [1790744245.347937769] [exploration]: v=+0.00 w=-0.50 | 转向中 front=0.54 目标>0.8
[INFO] [1790744245.448680887] [exploration]: v=+0.00 w=-0.50 | 转向中 front=0.56 目标>0.8
[INFO] [1790744245.548731742] [exploration]: v=+0.00 w=-0.50 | 转向中 front=0.60 目标>0.8
[INFO] [1790744245.649027718] [exploration]: v=+0.00 w=-0.50 | 转向中 front=0.64 目标>0.8
[INFO] [1790744245.748486937] [exploration]: v=+0.00 w=-0.50 | 转向中 front=0.68 目标>0.8
[INFO] [1790744245.850716210] [exploration]: v=+0.00 w=-0.50 | 转向中 front=0.73 目标>0.8
[INFO] [1790744245.948931053] [exploration]: v=+0.00 w=+0.00 | 转向完成，停稳 front=0.80
[INFO] [1790744246.048789036] [exploration]: v=+0.20 w=+0.00 | 直行 d=0.82
[INFO] [1790744246.148844803] [exploration]: v=+0.20 w=+0.00 | 直行 d=0.85
[INFO] [1790744246.249201505] [exploration]: v=+0.20 w=+0.00 | 直行 d=0.84
[INFO] [1790744246.349080334] [exploration]: v=+0.20 w=+0.00 | 直行 d=0.82
[INFO] [1790744246.549487604] [exploration]: v=+0.09 w=+0.00 | 减速 d=0.80
[INFO] [1790744246.649042991] [exploration]: v=+0.00 w=-0.50 | 转向，由于危险 d=0.40
[INFO] [1790744246.749977765] [exploration]: v=+0.00 w=-0.50 | 转向中 front=0.71 目标>0.8
[INFO] [1790744246.849916218] [exploration]: v=+0.00 w=-0.50 | 转向中 front=0.76 目标>0.8
[INFO] [1790744246.949359655] [exploration]: v=+0.00 w=-0.50 | 转向中 front=0.14 目标>0.8
[INFO] [1790744247.150724817] [exploration]: v=+0.00 w=-0.50 | 转向中 front=0.13 目标>0.8
[INFO] [1790744247.250596839] [exploration]: v=+0.00 w=-0.50 | 转向中 front=0.14 目标>0.8
[INFO] [1790744247.350127414] [exploration]: v=+0.00 w=+0.00 | 转向完成，停稳 front=1.03
[INFO] [1790744247.450705923] [exploration]: v=+0.20 w=+0.00 | 直行 d=1.03
[INFO] [1790744247.651028879] [exploration]: v=+0.20 w=+0.00 | 直行 d=1.02
[INFO] [1790744247.751319446] [exploration]: v=+0.20 w=+0.00 | 直行 d=1.00
[INFO] [1790744247.852473686] [exploration]: v=+0.20 w=+0.00 | 直行 d=0.97
[INFO] [1790744247.951269514] [exploration]: v=+0.20 w=+0.00 | 直行 d=0.96
[INFO] [1790744248.052140013] [exploration]: v=+0.20 w=+0.00 | 直行 d=0.94
[INFO] [1790744248.152735994] [exploration]: v=+0.20 w=+0.00 | 直行 d=0.92
[INFO] [1790744248.253453954] [exploration]: v=+0.20 w=+0.00 | 直行 d=0.90
[INFO] [1790744248.352768761] [exploration]: v=+0.20 w=+0.00 | 直行 d=0.88
[INFO] [1790744248.453948061] [exploration]: v=+0.20 w=+0.00 | 直行 d=0.85
[INFO] [1790744248.553515768] [exploration]: v=+0.20 w=+0.00 | 直行 d=0.84
[INFO] [1790744248.653032834] [exploration]: v=+0.20 w=+0.00 | 直行 d=0.81
[INFO] [1790744248.754076684] [exploration]: v=+0.09 w=+0.00 | 减速 d=0.80
[INFO] [1790744248.853906235] [exploration]: v=+0.00 w=-0.50 | 转向，由于危险 d=0.15
[INFO] [1790744248.953624726] [exploration]: v=+0.00 w=-0.50 | 转向中 front=0.14 目标>0.8
[INFO] [1790744249.054652363] [exploration]: v=+0.00 w=-0.50 | 转向中 front=0.77 目标>0.8
[INFO] [1790744249.154139410] [exploration]: v=+0.00 w=-0.50 | 转向中 front=0.75 目标>0.8
[INFO] [1790744249.254174887] [exploration]: v=+0.00 w=-0.50 | 转向中 front=0.13 目标>0.8
[INFO] [1790744249.554394698] [exploration]: v=+0.00 w=-0.50 | 转向中 front=0.78 目标>0.8
[INFO] [1790744249.653902318] [exploration]: v=+0.00 w=-0.50 | 转向中 front=0.14 目标>0.8
[INFO] [1790744249.754066568] [exploration]: v=+0.00 w=-0.50 | 转向中 front=0.79 目标>0.8
[INFO] [1790744249.854006196] [exploration]: v=+0.00 w=-0.50 | 转向中 front=0.80 目标>0.8
[INFO] [1790744249.954404519] [exploration]: v=+0.00 w=+0.00 | 转向完成，停稳 front=0.81
[INFO] [1790744250.054247720] [exploration]: v=+0.20 w=+0.00 | 直行 d=0.82
[INFO] [1790744250.154294076] [exploration]: v=+0.20 w=+0.00 | 直行 d=0.81
[INFO] [1790744250.255304542] [exploration]: v=+0.09 w=+0.00 | 减速 d=0.80
[INFO] [1790744250.355337817] [exploration]: v=+0.00 w=-0.50 | 转向，由于危险 d=0.14
[INFO] [1790744250.455211731] [exploration]: v=+0.00 w=-0.50 | 转向中 front=0.77 目标>0.8
[INFO] [1790744250.555380933] [exploration]: v=+0.00 w=-0.50 | 转向中 front=0.13 目标>0.8
[INFO] [1790744250.657560332] [exploration]: v=+0.00 w=-0.50 | 转向中 front=0.79 目标>0.8
[INFO] [1790744250.756688283] [exploration]: v=+0.00 w=+0.00 | 转向完成，停稳 front=0.81
[INFO] [1790744250.856233470] [exploration]: v=+0.00 w=-0.50 | 转向，由于危险 d=0.15
[INFO] [1790744250.956284355] [exploration]: v=+0.00 w=-0.50 | 转向中 front=0.14 目标>0.8
[INFO] [1790744251.056990416] [exploration]: v=+0.00 w=+0.00 | 转向完成，停稳 front=0.85
[INFO] [1790744251.158439475] [exploration]: v=+0.20 w=+0.00 | 直行 d=0.87
[INFO] [1790744251.256836642] [exploration]: v=+0.20 w=+0.00 | 直行 d=0.88
[INFO] [1790744251.357813486] [exploration]: v=+0.20 w=+0.00 | 直行 d=0.87
[INFO] [1790744251.457835544] [exploration]: v=+0.20 w=+0.00 | 直行 d=0.83
[INFO] [1790744251.557680081] [exploration]: v=+0.20 w=+0.00 | 直行 d=0.82
[INFO] [1790744251.658186432] [exploration]: v=+0.20 w=+0.00 | 直行 d=0.80
[INFO] [1790744251.758430828] [exploration]: v=+0.09 w=+0.00 | 减速 d=0.80
[INFO] [1790744251.858406930] [exploration]: v=+0.00 w=-0.50 | 转向，由于危险 d=0.13
[INFO] [1790744251.958024847] [exploration]: v=+0.00 w=-0.50 | 转向中 front=0.78 目标>0.8
[INFO] [1790744252.058530627] [exploration]: v=+0.00 w=-0.50 | 转向中 front=0.13 目标>0.8
[INFO] [1790744252.258721951] [exploration]: v=+0.00 w=-0.50 | 转向中 front=0.14 目标>0.8
[INFO] [1790744252.358701305] [exploration]: v=+0.00 w=+0.00 | 转向完成，停稳 front=0.87
[INFO] [1790744252.458212990] [exploration]: v=+0.00 w=-0.50 | 转向，由于危险 d=0.14
[INFO] [1790744252.558317549] [exploration]: v=+0.00 w=-0.50 | 转向中 front=0.14 目标>0.8
[INFO] [1790744252.659084362] [exploration]: v=+0.00 w=+0.00 | 转向完成，停稳 front=0.97
[INFO] [1790744252.759053500] [exploration]: v=+0.20 w=+0.00 | 直行 d=0.99
[INFO] [1790744252.859586389] [exploration]: v=+0.20 w=+0.00 | 直行 d=1.01
[INFO] [1790744252.959741236] [exploration]: v=+0.20 w=+0.00 | 直行 d=0.99
[INFO] [1790744253.060431781] [exploration]: v=+0.20 w=+0.00 | 直行 d=0.97
[INFO] [1790744253.159575047] [exploration]: v=+0.20 w=+0.00 | 直行 d=0.96
[INFO] [1790744253.259656214] [exploration]: v=+0.20 w=+0.00 | 直行 d=0.94
[INFO] [1790744253.360182155] [exploration]: v=+0.20 w=+0.00 | 直行 d=0.92
[INFO] [1790744253.460312204] [exploration]: v=+0.20 w=+0.00 | 直行 d=0.91
[INFO] [1790744253.560282253] [exploration]: v=+0.20 w=+0.00 | 直行 d=0.90
[INFO] [1790744253.660045624] [exploration]: v=+0.20 w=+0.00 | 直行 d=0.86
[INFO] [1790744253.960588159] [exploration]: v=+0.20 w=+0.00 | 直行 d=0.84
[INFO] [1790744254.062552605] [exploration]: v=+0.20 w=+0.00 | 直行 d=0.82
[INFO] [1790744254.161805907] [exploration]: v=+0.20 w=+0.00 | 直行 d=0.81
[INFO] [1790744254.261141731] [exploration]: v=+0.09 w=+0.00 | 减速 d=0.79
[INFO] [1790744254.361146131] [exploration]: v=+0.00 w=-0.50 | 转向，由于危险 d=0.14
[INFO] [1790744254.461686817] [exploration]: v=+0.00 w=-0.50 | 转向中 front=0.13 目标>0.8
[INFO] [1790744254.562695144] [exploration]: v=+0.00 w=+0.00 | 转向完成，停稳 front=0.80
[INFO] [1790744254.662207691] [exploration]: v=+0.00 w=-0.50 | 转向，由于危险 d=0.14
[INFO] [1790744254.762321825] [exploration]: v=+0.00 w=+0.00 | 转向完成，停稳 front=0.86
[INFO] [1790744254.862309193] [exploration]: v=+0.20 w=+0.00 | 直行 d=0.89
[INFO] [1790744255.062068331] [exploration]: v=+0.20 w=+0.00 | 直行 d=0.87
[INFO] [1790744255.162828377] [exploration]: v=+0.20 w=+0.00 | 直行 d=0.86
[INFO] [1790744255.263025149] [exploration]: v=+0.20 w=+0.00 | 直行 d=0.85
[INFO] [1790744255.462887295] [exploration]: v=+0.20 w=+0.00 | 直行 d=0.83
[INFO] [1790744255.563413744] [exploration]: v=+0.20 w=+0.00 | 直行 d=0.82
[INFO] [1790744255.664914026] [exploration]: v=+0.09 w=+0.00 | 减速 d=0.80
[INFO] [1790744255.764637779] [exploration]: v=+0.00 w=-0.50 | 转向，由于危险 d=0.40
[INFO] [1790744255.864236885] [exploration]: v=+0.00 w=-0.50 | 转向中 front=0.14 目标>0.8
[INFO] [1790744255.964200984] [exploration]: v=+0.00 w=+0.00 | 转向完成，停稳 front=0.82
[INFO] [1790744256.064766645] [exploration]: v=+0.20 w=+0.00 | 直行 d=0.83
[INFO] [1790744256.164498994] [exploration]: v=+0.00 w=-0.50 | 转向，由于危险 d=0.15
[INFO] [1790744256.264508604] [exploration]: v=+0.00 w=+0.00 | 转向完成，停稳 front=0.87
[INFO] [1790744256.364272045] [exploration]: v=+0.00 w=-0.50 | 转向，由于危险 d=0.14
[INFO] [1790744256.464029539] [exploration]: v=+0.00 w=-0.50 | 转向中 front=0.14 目标>0.8
[INFO] [1790744256.665148834] [exploration]: v=+0.00 w=-0.50 | 转向中 front=0.13 目标>0.8
[INFO] [1790744256.765420788] [exploration]: v=+0.00 w=-0.50 | 转向中 front=0.14 目标>0.8
[INFO] [1790744256.865396668] [exploration]: v=+0.00 w=-0.50 | 转向中 front=0.15 目标>0.8
[INFO] [1790744256.966592810] [exploration]: v=+0.00 w=+0.00 | 转向完成，停稳 front=0.86
[INFO] [1790744257.066170099] [exploration]: v=+0.00 w=-0.50 | 转向，由于危险 d=0.13
[INFO] [1790744257.165090898] [exploration]: v=+0.00 w=-0.50 | 转向中 front=0.14 目标>0.8
[INFO] [1790744257.266858828] [exploration]: v=+0.00 w=-0.50 | 转向中 front=0.13 目标>0.8
[INFO] [1790744257.366772355] [exploration]: v=+0.00 w=+0.00 | 转向完成，停稳 front=0.87
[INFO] [1790744257.466131432] [exploration]: v=+0.00 w=-0.50 | 转向，由于危险 d=0.13
[INFO] [1790744257.567108825] [exploration]: v=+0.00 w=-0.50 | 转向中 front=0.13 目标>0.8
[INFO] [1790744257.665776798] [exploration]: v=+0.00 w=+0.00 | 转向完成，停稳 front=0.87
[INFO] [1790744257.766486769] [exploration]: v=+0.20 w=+0.00 | 直行 d=0.88
[INFO] [1790744257.866439365] [exploration]: v=+0.20 w=+0.00 | 直行 d=0.94
[INFO] [1790744257.967486494] [exploration]: v=+0.20 w=+0.00 | 直行 d=0.93
[INFO] [1790744258.068494507] [exploration]: v=+0.20 w=+0.00 | 直行 d=0.91
[INFO] [1790744258.167654793] [exploration]: v=+0.00 w=-0.50 | 转向，由于危险 d=0.14
[INFO] [1790744258.267561460] [exploration]: v=+0.00 w=-0.50 | 转向中 front=0.13 目标>0.8
[INFO] [1790744258.368217163] [exploration]: v=+0.00 w=+0.00 | 转向完成，停稳 front=0.87
[INFO] [1790744258.468477068] [exploration]: v=+0.20 w=+0.00 | 直行 d=0.87
[INFO] [1790744258.568084793] [exploration]: v=+0.00 w=-0.50 | 转向，由于危险 d=0.13
[INFO] [1790744258.668100021] [exploration]: v=+0.00 w=-0.50 | 转向中 front=0.13 目标>0.8
[INFO] [1790744258.768846171] [exploration]: v=+0.00 w=-0.50 | 转向中 front=0.14 目标>0.8
[INFO] [1790744258.869953252] [exploration]: v=+0.00 w=+0.00 | 转向完成，停稳 front=0.84
[INFO] [1790744258.969181682] [exploration]: v=+0.20 w=+0.00 | 直行 d=0.84
[INFO] [1790744259.069901531] [exploration]: v=+0.20 w=+0.00 | 直行 d=0.85
[INFO] [1790744259.169115563] [exploration]: v=+0.20 w=+0.00 | 直行 d=0.83
[INFO] [1790744259.268758819] [exploration]: v=+0.20 w=+0.00 | 直行 d=0.81
[INFO] [1790744259.369083755] [exploration]: v=+0.09 w=+0.00 | 减速 d=0.80
[INFO] [1790744259.469824708] [exploration]: v=+0.00 w=-0.50 | 转向，由于危险 d=0.15
[INFO] [1790744259.569967129] [exploration]: v=+0.00 w=-0.50 | 转向中 front=0.13 目标>0.8
[INFO] [1790744259.670009497] [exploration]: v=+0.00 w=-0.50 | 转向中 front=0.77 目标>0.8
[INFO] [1790744259.769859622] [exploration]: v=+0.00 w=-0.50 | 转向中 front=0.14 目标>0.8
[INFO] [1790744259.971598801] [exploration]: v=+0.00 w=-0.50 | 转向中 front=0.68 目标>0.8
[INFO] [1790744260.071044727] [exploration]: v=+0.00 w=-0.50 | 转向中 front=0.64 目标>0.8
[INFO] [1790744260.171408957] [exploration]: v=+0.00 w=-0.50 | 转向中 front=0.61 目标>0.8
[INFO] [1790744260.271443389] [exploration]: v=+0.00 w=-0.50 | 转向中 front=0.58 目标>0.8
[INFO] [1790744260.372133420] [exploration]: v=+0.00 w=-0.50 | 转向中 front=0.57 目标>0.8
[INFO] [1790744260.472389900] [exploration]: v=+0.00 w=-0.50 | 转向中 front=0.55 目标>0.8
[INFO] [1790744260.572064247] [exploration]: v=+0.00 w=-0.50 | 转向中 front=0.54 目标>0.8
[INFO] [1790744260.672514704] [exploration]: v=+0.00 w=-0.50 | 转向中 front=0.52 目标>0.8
[INFO] [1790744260.772414235] [exploration]: v=+0.00 w=-0.50 | 转向中 front=0.50 目标>0.8
[INFO] [1790744260.872729415] [exploration]: v=+0.00 w=-0.50 | 转向中 front=0.49 目标>0.8
[INFO] [1790744260.972210265] [exploration]: v=+0.00 w=-0.50 | 转向中 front=0.50 目标>0.8
[INFO] [1790744261.072098376] [exploration]: v=+0.00 w=-0.50 | 转向中 front=0.49 目标>0.8
[INFO] [1790744261.173303397] [exploration]: v=+0.00 w=-0.50 | 转向中 front=0.50 目标>0.8
[INFO] [1790744261.372729487] [exploration]: v=+0.00 w=-0.50 | 转向中 front=0.49 目标>0.8
[INFO] [1790744261.673191631] [exploration]: v=+0.00 w=-0.50 | 转向中 front=0.50 目标>0.8
[INFO] [1790744261.773173771] [exploration]: v=+0.00 w=-0.50 | 转向中 front=0.49 目标>0.8
[INFO] [1790744261.873914491] [exploration]: v=+0.00 w=-0.50 | 转向中 front=0.52 目标>0.8
[INFO] [1790744261.974461327] [exploration]: v=+0.00 w=+0.00 | 转向完成，停稳 front=1.53
[INFO] [1790744262.074040144] [exploration]: v=+0.20 w=+0.00 | 直行 d=1.54
[INFO] [1790744262.175209567] [exploration]: v=+0.20 w=+0.00 | 直行 d=1.53
[INFO] [1790744262.275832192] [exploration]: v=+0.20 w=+0.00 | 直行 d=1.52
[INFO] [1790744262.375110740] [exploration]: v=+0.20 w=+0.00 | 直行 d=1.50
[INFO] [1790744262.474939782] [exploration]: v=+0.20 w=+0.00 | 直行 d=1.49
[INFO] [1790744262.574665071] [exploration]: v=+0.20 w=+0.00 | 直行 d=1.46
[INFO] [1790744262.675385689] [exploration]: v=+0.20 w=+0.00 | 直行 d=1.45
[INFO] [1790744262.775578631] [exploration]: v=+0.20 w=+0.00 | 直行 d=1.42
[INFO] [1790744262.875573457] [exploration]: v=+0.20 w=+0.00 | 直行 d=1.40
[INFO] [1790744262.976344661] [exploration]: v=+0.20 w=+0.00 | 直行 d=1.39
[INFO] [1790744263.077234998] [exploration]: v=+0.20 w=+0.00 | 直行 d=1.37
[INFO] [1790744263.177064098] [exploration]: v=+0.20 w=+0.00 | 直行 d=1.35
[INFO] [1790744263.275826631] [exploration]: v=+0.20 w=+0.00 | 直行 d=1.33
[INFO] [1790744263.376454920] [exploration]: v=+0.20 w=+0.00 | 直行 d=1.31
[INFO] [1790744263.478161608] [exploration]: v=+0.20 w=+0.00 | 直行 d=1.28
[INFO] [1790744263.577811517] [exploration]: v=+0.20 w=+0.00 | 直行 d=1.27
[INFO] [1790744263.677337754] [exploration]: v=+0.20 w=+0.00 | 直行 d=1.25
[INFO] [1790744263.777860545] [exploration]: v=+0.20 w=+0.00 | 直行 d=1.23
[INFO] [1790744263.877577104] [exploration]: v=+0.20 w=+0.00 | 直行 d=1.21
[INFO] [1790744263.976209097] [exploration]: v=+0.20 w=+0.00 | 直行 d=1.18
[INFO] [1790744264.077276650] [exploration]: v=+0.20 w=+0.00 | 直行 d=1.17
[INFO] [1790744264.178277580] [exploration]: v=+0.20 w=+0.00 | 直行 d=1.15
[INFO] [1790744264.278431940] [exploration]: v=+0.20 w=+0.00 | 直行 d=1.12
[INFO] [1790744264.378015785] [exploration]: v=+0.20 w=+0.00 | 直行 d=1.11
[INFO] [1790744264.478907380] [exploration]: v=+0.20 w=+0.00 | 直行 d=1.10
[INFO] [1790744264.579699864] [exploration]: v=+0.20 w=+0.00 | 直行 d=1.09
[INFO] [1790744264.778634389] [exploration]: v=+0.20 w=+0.00 | 直行 d=1.08
[INFO] [1790744265.278883308] [exploration]: v=+0.20 w=+0.00 | 直行 d=1.11
[INFO] [1790744265.379288761] [exploration]: v=+0.20 w=+0.00 | 直行 d=1.10
[INFO] [1790744265.478970535] [exploration]: v=+0.20 w=+0.00 | 直行 d=1.11
[INFO] [1790744265.579179652] [exploration]: v=+0.20 w=+0.00 | 直行 d=1.13
[INFO] [1790744265.679538050] [exploration]: v=+0.20 w=+0.00 | 直行 d=1.15
[INFO] [1790744265.780087115] [exploration]: v=+0.20 w=+0.00 | 直行 d=1.17
[INFO] [1790744265.880157579] [exploration]: v=+0.20 w=+0.00 | 直行 d=1.21
[INFO] [1790744265.981059620] [exploration]: v=+0.20 w=+0.00 | 直行 d=1.23
[INFO] [1790744266.080887776] [exploration]: v=+0.20 w=+0.00 | 直行 d=1.27
[INFO] [1790744266.181439279] [exploration]: v=+0.20 w=+0.00 | 直行 d=1.29
[INFO] [1790744266.282167462] [exploration]: v=+0.20 w=+0.00 | 直行 d=1.34
[INFO] [1790744266.382957284] [exploration]: v=+0.20 w=+0.00 | 直行 d=1.38
[INFO] [1790744266.481881570] [exploration]: v=+0.20 w=+0.00 | 直行 d=1.45
[INFO] [1790744266.582816826] [exploration]: v=+0.20 w=+0.00 | 直行 d=1.48
[INFO] [1790744266.682335966] [exploration]: v=+0.20 w=+0.00 | 直行 d=1.52
[INFO] [1790744266.783884180] [exploration]: v=+0.20 w=+0.00 | 直行 d=1.61
[INFO] [1790744266.882540609] [exploration]: v=+0.20 w=+0.00 | 直行 d=1.73
[INFO] [1790744266.982040097] [exploration]: v=+0.20 w=+0.00 | 直行 d=1.80
[INFO] [1790744267.082328006] [exploration]: v=+0.20 w=+0.00 | 直行 d=1.92
[INFO] [1790744267.182049249] [exploration]: v=+0.20 w=+0.00 | 直行 d=1.96
[INFO] [1790744267.282439394] [exploration]: v=+0.20 w=+0.00 | 直行 d=1.62
[INFO] [1790744267.382537840] [exploration]: v=+0.20 w=+0.00 | 直行 d=1.13
[INFO] [1790744267.483785595] [exploration]: v=+0.20 w=+0.00 | 直行 d=0.88
[INFO] [1790744267.584426434] [exploration]: v=+0.05 w=+0.00 | 减速 d=0.63
[INFO] [1790744267.683227857] [exploration]: v=+0.05 w=+0.00 | 减速 d=0.48
[INFO] [1790744267.783129453] [exploration]: v=+0.05 w=+0.00 | 减速 d=0.40
[INFO] [1790744267.883056626] [exploration]: v=+0.00 w=-0.50 | 转向，由于危险 d=0.38
[INFO] [1790744267.983309506] [exploration]: v=+0.00 w=-0.50 | 转向中 front=0.39 目标>0.8
[INFO] [1790744268.083632148] [exploration]: v=+0.00 w=-0.50 | 转向中 front=0.43 目标>0.8
[INFO] [1790744268.183003599] [exploration]: v=+0.00 w=-0.50 | 转向中 front=0.50 目标>0.8
[INFO] [1790744268.283130824] [exploration]: v=+0.00 w=-0.50 | 转向中 front=0.54 目标>0.8
[INFO] [1790744268.383168515] [exploration]: v=+0.00 w=-0.50 | 转向中 front=0.65 目标>0.8
[INFO] [1790744268.483802633] [exploration]: v=+0.00 w=-0.50 | 转向中 front=0.77 目标>0.8
[INFO] [1790744268.583939343] [exploration]: v=+0.00 w=+0.00 | 转向完成，停稳 front=0.99
[INFO] [1790744268.684389607] [exploration]: v=+0.20 w=+0.00 | 直行 d=1.14
[INFO] [1790744268.785060110] [exploration]: v=+0.20 w=+0.00 | 直行 d=1.05
[INFO] [1790744268.885350702] [exploration]: v=+0.20 w=+0.00 | 直行 d=0.94
[INFO] [1790744268.985114907] [exploration]: v=+0.07 w=+0.00 | 减速 d=0.72
[INFO] [1790744269.085413289] [exploration]: v=+0.05 w=+0.00 | 减速 d=0.53
[INFO] [1790744269.185990434] [exploration]: v=+0.05 w=+0.00 | 减速 d=0.46
[INFO] [1790744269.286516523] [exploration]: v=+0.05 w=+0.00 | 减速 d=0.45
[INFO] [1790744269.386074470] [exploration]: v=+0.05 w=+0.00 | 减速 d=0.41
[INFO] [1790744269.486577176] [exploration]: v=+0.00 w=-0.50 | 转向，由于危险 d=0.40
[INFO] [1790744269.586654743] [exploration]: v=+0.00 w=-0.50 | 转向中 front=0.38 目标>0.8
[INFO] [1790744269.687137700] [exploration]: v=+0.00 w=-0.50 | 转向中 front=0.43 目标>0.8
[INFO] [1790744269.787224425] [exploration]: v=+0.00 w=-0.50 | 转向中 front=0.48 目标>0.8
[INFO] [1790744269.886596051] [exploration]: v=+0.00 w=-0.50 | 转向中 front=0.54 目标>0.8
[INFO] [1790744269.987241686] [exploration]: v=+0.00 w=-0.50 | 转向中 front=0.64 目标>0.8
[INFO] [1790744270.087363939] [exploration]: v=+0.00 w=-0.50 | 转向中 front=0.73 目标>0.8
[INFO] [1790744270.187627282] [exploration]: v=+0.00 w=+0.00 | 转向完成，停稳 front=0.89
[INFO] [1790744270.287348423] [exploration]: v=+0.20 w=+0.00 | 直行 d=1.01
[INFO] [1790744270.387151156] [exploration]: v=+0.20 w=+0.00 | 直行 d=0.91
[INFO] [1790744270.487332342] [exploration]: v=+0.06 w=+0.00 | 减速 d=0.67
[INFO] [1790744270.587750714] [exploration]: v=+0.05 w=+0.00 | 减速 d=0.50
[INFO] [1790744270.687999399] [exploration]: v=+0.05 w=+0.00 | 减速 d=0.46
[INFO] [1790744270.788625199] [exploration]: v=+0.05 w=+0.00 | 减速 d=0.42
[INFO] [1790744270.888279803] [exploration]: v=+0.05 w=+0.00 | 减速 d=0.43
[INFO] [1790744270.988305491] [exploration]: v=+0.00 w=-0.50 | 转向，由于危险 d=0.40
[INFO] [1790744271.088139080] [exploration]: v=+0.00 w=-0.50 | 转向中 front=0.37 目标>0.8
[INFO] [1790744271.187286571] [exploration]: v=+0.00 w=-0.50 | 转向中 front=0.44 目标>0.8
[INFO] [1790744271.289514630] [exploration]: v=+0.00 w=-0.50 | 转向中 front=0.47 目标>0.8
[INFO] [1790744271.388990062] [exploration]: v=+0.00 w=-0.50 | 转向中 front=0.54 目标>0.8
[INFO] [1790744271.489127998] [exploration]: v=+0.00 w=-0.50 | 转向中 front=0.59 目标>0.8
[INFO] [1790744271.589234404] [exploration]: v=+0.00 w=-0.50 | 转向中 front=0.70 目标>0.8
[INFO] [1790744271.689215265] [exploration]: v=+0.00 w=+0.00 | 转向完成，停稳 front=0.83
[INFO] [1790744271.789323292] [exploration]: v=+0.20 w=+0.00 | 直行 d=0.89
[INFO] [1790744271.890453555] [exploration]: v=+0.20 w=+0.00 | 直行 d=0.83
[INFO] [1790744271.990604234] [exploration]: v=+0.05 w=+0.00 | 减速 d=0.64
[INFO] [1790744272.090212385] [exploration]: v=+0.05 w=+0.00 | 减速 d=0.48
[INFO] [1790744272.190099673] [exploration]: v=+0.05 w=+0.00 | 减速 d=0.44
[INFO] [1790744272.291445847] [exploration]: v=+0.05 w=+0.00 | 减速 d=0.43
[INFO] [1790744272.391048645] [exploration]: v=+0.05 w=+0.00 | 减速 d=0.42
[INFO] [1790744272.491050030] [exploration]: v=+0.05 w=+0.00 | 减速 d=0.40
[INFO] [1790744272.591253964] [exploration]: v=+0.00 w=+0.50 | 转向，由于危险 d=0.39
[INFO] [1790744272.691434381] [exploration]: v=+0.00 w=+0.50 | 转向中 front=0.36 目标>0.8
[INFO] [1790744272.791929030] [exploration]: v=+0.00 w=+0.50 | 转向中 front=0.33 目标>0.8
[INFO] [1790744272.891167909] [exploration]: v=+0.00 w=+0.50 | 转向中 front=0.14 目标>0.8
[INFO] [1790744273.092360077] [exploration]: v=+0.00 w=+0.50 | 转向中 front=0.27 目标>0.8
[INFO] [1790744273.190416799] [exploration]: v=+0.00 w=+0.50 | 转向中 front=0.25 目标>0.8
[INFO] [1790744273.290717098] [exploration]: v=+0.00 w=+0.50 | 转向中 front=0.23 目标>0.8
[INFO] [1790744273.392057463] [exploration]: v=+0.00 w=+0.50 | 转向中 front=0.21 目标>0.8
[INFO] [1790744273.491668096] [exploration]: v=+0.00 w=+0.50 | 转向中 front=0.20 目标>0.8
[INFO] [1790744273.591380785] [exploration]: v=+0.00 w=+0.50 | 转向中 front=0.19 目标>0.8
[INFO] [1790744274.193953466] [exploration]: v=+0.00 w=+0.50 | 转向中 front=0.18 目标>0.8
[INFO] [1790744274.293025323] [exploration]: v=+0.00 w=+0.50 | 转向中 front=0.19 目标>0.8
[INFO] [1790744275.494723206] [exploration]: v=+0.00 w=+0.50 | 转向中 front=0.21 目标>0.8
[INFO] [1790744275.595336417] [exploration]: v=+0.00 w=+0.50 | 转向中 front=0.23 目标>0.8
[INFO] [1790744275.694312063] [exploration]: v=+0.00 w=+0.50 | 转向中 front=0.25 目标>0.8
[INFO] [1790744275.795428179] [exploration]: v=+0.00 w=+0.50 | 转向中 front=0.29 目标>0.8
[INFO] [1790744275.894438942] [exploration]: v=+0.00 w=+0.00 | 转向完成，停稳 front=1.24
[INFO] [1790744275.995255061] [exploration]: v=+0.20 w=+0.00 | 直行 d=1.24
[INFO] [1790744276.195448082] [exploration]: v=+0.20 w=+0.00 | 直行 d=1.23
[INFO] [1790744276.295122742] [exploration]: v=+0.20 w=+0.00 | 直行 d=1.22
[INFO] [1790744276.394817687] [exploration]: v=+0.00 w=+0.50 | 转向，由于危险 d=0.40
[INFO] [1790744276.495919878] [exploration]: v=+0.00 w=+0.50 | 转向中 front=0.26 目标>0.8
[INFO] [1790744276.595046663] [exploration]: v=+0.00 w=+0.50 | 转向中 front=0.27 目标>0.8
[INFO] [1790744276.695002285] [exploration]: v=+0.00 w=+0.50 | 转向中 front=0.28 目标>0.8
[INFO] [1790744276.794786785] [exploration]: v=+0.00 w=+0.50 | 转向中 front=0.29 目标>0.8
[INFO] [1790744276.895469083] [exploration]: v=+0.00 w=+0.00 | 转向完成，停稳 front=1.20
[INFO] [1790744276.995832560] [exploration]: v=+0.00 w=+0.50 | 转向，由于危险 d=0.40
[INFO] [1790744277.095192021] [exploration]: v=+0.00 w=+0.00 | 转向完成，停稳 front=1.21
[INFO] [1790744277.196203624] [exploration]: v=+0.20 w=+0.00 | 直行 d=1.21
[INFO] [1790744277.296328833] [exploration]: v=+0.20 w=+0.00 | 直行 d=1.22
[INFO] [1790744277.397341461] [exploration]: v=+0.00 w=+0.50 | 转向，由于危险 d=0.40
[INFO] [1790744277.496773517] [exploration]: v=+0.00 w=+0.50 | 转向中 front=0.30 目标>0.8
[INFO] [1790744277.597223722] [exploration]: v=+0.00 w=+0.50 | 转向中 front=0.28 目标>0.8
[INFO] [1790744277.796493975] [exploration]: v=+0.00 w=+0.00 | 转向完成，停稳 front=1.20
[INFO] [1790744277.897517486] [exploration]: v=+0.00 w=+0.50 | 转向，由于危险 d=0.40
[INFO] [1790744277.998111218] [exploration]: v=+0.00 w=+0.00 | 转向完成，停稳 front=1.21
[INFO] [1790744278.097295917] [exploration]: v=+0.20 w=+0.00 | 直行 d=1.21
[INFO] [1790744278.296900673] [exploration]: v=+0.00 w=+0.50 | 转向，由于危险 d=0.40
[INFO] [1790744278.398623247] [exploration]: v=+0.00 w=+0.50 | 转向中 front=0.29 目标>0.8
[INFO] [1790744278.498601392] [exploration]: v=+0.00 w=+0.50 | 转向中 front=0.28 目标>0.8
[INFO] [1790744278.697889103] [exploration]: v=+0.00 w=+0.00 | 转向完成，停稳 front=1.19
[INFO] [1790744278.798773327] [exploration]: v=+0.00 w=+0.50 | 转向，由于危险 d=0.40
[INFO] [1790744278.900011350] [exploration]: v=+0.00 w=+0.00 | 转向完成，停稳 front=1.19
[INFO] [1790744278.999828279] [exploration]: v=+0.00 w=+0.50 | 转向，由于危险 d=0.40
[INFO] [1790744279.099324386] [exploration]: v=+0.00 w=+0.00 | 转向完成，停稳 front=1.19
[INFO] [1790744279.198599399] [exploration]: v=+0.20 w=+0.00 | 直行 d=1.21
[INFO] [1790744279.299196607] [exploration]: v=+0.20 w=+0.00 | 直行 d=1.20
[INFO] [1790744279.399767305] [exploration]: v=+0.00 w=+0.50 | 转向，由于危险 d=0.40
[INFO] [1790744279.500189543] [exploration]: v=+0.00 w=+0.00 | 转向完成，停稳 front=1.19
[INFO] [1790744279.601399409] [exploration]: v=+0.00 w=+0.50 | 转向，由于危险 d=0.27
[INFO] [1790744279.701162398] [exploration]: v=+0.00 w=+0.50 | 转向中 front=0.29 目标>0.8
[INFO] [1790744279.801527144] [exploration]: v=+0.00 w=+0.00 | 转向完成，停稳 front=1.19
[INFO] [1790744279.902290296] [exploration]: v=+0.00 w=+0.50 | 转向，由于危险 d=0.40
[INFO] [1790744280.001228304] [exploration]: v=+0.00 w=+0.00 | 转向完成，停稳 front=1.21
[INFO] [1790744280.101142840] [exploration]: v=+0.00 w=+0.50 | 转向，由于危险 d=0.40
[INFO] [1790744280.201042924] [exploration]: v=+0.00 w=+0.00 | 转向完成，停稳 front=1.20
[INFO] [1790744280.301123381] [exploration]: v=+0.20 w=+0.00 | 直行 d=1.20
[INFO] [1790744280.501842309] [exploration]: v=+0.00 w=+0.50 | 转向，由于危险 d=0.40
[INFO] [1790744280.601525654] [exploration]: v=+0.00 w=+0.00 | 转向完成，停稳 front=1.19
[INFO] [1790744280.701991310] [exploration]: v=+0.00 w=+0.50 | 转向，由于危险 d=0.40
[INFO] [1790744280.802625966] [exploration]: v=+0.00 w=+0.00 | 转向完成，停稳 front=1.19
[INFO] [1790744280.902577259] [exploration]: v=+0.00 w=+0.50 | 转向，由于危险 d=0.40
[INFO] [1790744281.002135153] [exploration]: v=+0.00 w=+0.00 | 转向完成，停稳 front=1.20
[INFO] [1790744281.102866529] [exploration]: v=+0.00 w=+0.50 | 转向，由于危险 d=0.40
[INFO] [1790744281.201704893] [exploration]: v=+0.00 w=+0.00 | 转向完成，停稳 front=1.20
[INFO] [1790744281.303782640] [exploration]: v=+0.20 w=+0.00 | 直行 d=1.20
[INFO] [1790744281.502437870] [exploration]: v=+0.00 w=+0.50 | 转向，由于危险 d=0.40
[INFO] [1790744281.602576708] [exploration]: v=+0.00 w=+0.00 | 转向完成，停稳 front=1.19
[INFO] [1790744281.702650156] [exploration]: v=+0.00 w=+0.50 | 转向，由于危险 d=0.29
[INFO] [1790744281.803018036] [exploration]: v=+0.00 w=+0.00 | 转向完成，停稳 front=1.19
[INFO] [1790744281.903241283] [exploration]: v=+0.00 w=+0.50 | 转向，由于危险 d=0.40
[INFO] [1790744282.003544177] [exploration]: v=+0.00 w=+0.00 | 转向完成，停稳 front=1.18
[INFO] [1790744282.103848515] [exploration]: v=+0.00 w=+0.50 | 转向，由于危险 d=0.40
[INFO] [1790744282.203465900] [exploration]: v=+0.00 w=+0.00 | 转向完成，停稳 front=1.21
[INFO] [1790744282.304181642] [exploration]: v=+0.00 w=+0.50 | 转向，由于危险 d=0.40
[INFO] [1790744282.405299801] [exploration]: v=+0.00 w=+0.00 | 转向完成，停稳 front=1.20
[INFO] [1790744282.504500080] [exploration]: v=+0.20 w=+0.00 | 直行 d=1.20
[INFO] [1790744282.603983198] [exploration]: v=+0.20 w=+0.00 | 直行 d=1.21
[INFO] [1790744282.704898035] [exploration]: v=+0.00 w=+0.50 | 转向，由于危险 d=0.40
[INFO] [1790744282.804239920] [exploration]: v=+0.00 w=+0.00 | 转向完成，停稳 front=1.18
[INFO] [1790744282.904518238] [exploration]: v=+0.00 w=+0.50 | 转向，由于危险 d=0.28
[INFO] [1790744283.005947942] [exploration]: v=+0.00 w=+0.00 | 转向完成，停稳 front=1.17
[INFO] [1790744283.105409373] [exploration]: v=+0.00 w=+0.50 | 转向，由于危险 d=0.40
[INFO] [1790744283.205144768] [exploration]: v=+0.00 w=+0.00 | 转向完成，停稳 front=1.19
[INFO] [1790744283.305141543] [exploration]: v=+0.00 w=+0.50 | 转向，由于危险 d=0.40
[INFO] [1790744283.406119237] [exploration]: v=+0.00 w=+0.00 | 转向完成，停稳 front=1.20
[INFO] [1790744283.506656652] [exploration]: v=+0.00 w=+0.50 | 转向，由于危险 d=0.40
[INFO] [1790744283.606280237] [exploration]: v=+0.00 w=+0.00 | 转向完成，停稳 front=1.19
[INFO] [1790744283.705730663] [exploration]: v=+0.20 w=+0.00 | 直行 d=1.19
[INFO] [1790744283.906594812] [exploration]: v=+0.00 w=+0.50 | 转向，由于危险 d=0.40
[INFO] [1790744284.006253230] [exploration]: v=+0.00 w=+0.50 | 转向中 front=0.28 目标>0.8
[INFO] [1790744284.106139703] [exploration]: v=+0.00 w=+0.50 | 转向中 front=0.27 目标>0.8
[INFO] [1790744284.307235080] [exploration]: v=+0.00 w=+0.00 | 转向完成，停稳 front=1.19
[INFO] [1790744284.407413250] [exploration]: v=+0.00 w=+0.50 | 转向，由于危险 d=0.40
[INFO] [1790744284.508720015] [exploration]: v=+0.00 w=+0.00 | 转向完成，停稳 front=1.18
[INFO] [1790744284.608376957] [exploration]: v=+0.00 w=+0.50 | 转向，由于危险 d=0.40
[INFO] [1790744284.708036586] [exploration]: v=+0.00 w=+0.00 | 转向完成，停稳 front=1.19
[INFO] [1790744284.808226843] [exploration]: v=+0.00 w=+0.50 | 转向，由于危险 d=0.40
[INFO] [1790744284.907977870] [exploration]: v=+0.00 w=+0.00 | 转向完成，停稳 front=1.20
[INFO] [1790744285.008709590] [exploration]: v=+0.20 w=+0.00 | 直行 d=1.19
[INFO] [1790744285.210058489] [exploration]: v=+0.00 w=+0.50 | 转向，由于危险 d=0.40
[INFO] [1790744285.308525283] [exploration]: v=+0.00 w=+0.00 | 转向完成，停稳 front=1.18
[INFO] [1790744285.409032815] [exploration]: v=+0.00 w=+0.50 | 转向，由于危险 d=0.40
[INFO] [1790744285.510570276] [exploration]: v=+0.00 w=+0.00 | 转向完成，停稳 front=1.20
[INFO] [1790744285.610739124] [exploration]: v=+0.00 w=+0.50 | 转向，由于危险 d=0.40
[INFO] [1790744285.710356031] [exploration]: v=+0.00 w=+0.00 | 转向完成，停稳 front=1.19
[INFO] [1790744285.811011740] [exploration]: v=+0.00 w=+0.50 | 转向，由于危险 d=0.40
[INFO] [1790744285.910874162] [exploration]: v=+0.00 w=+0.00 | 转向完成，停稳 front=1.20
[INFO] [1790744286.010182295] [exploration]: v=+0.00 w=+0.50 | 转向，由于危险 d=0.40
[INFO] [1790744286.110997796] [exploration]: v=+0.00 w=+0.00 | 转向完成，停稳 front=1.19
[INFO] [1790744286.210906169] [exploration]: v=+0.20 w=+0.00 | 直行 d=1.20
[INFO] [1790744286.310999872] [exploration]: v=+0.20 w=+0.00 | 直行 d=1.19
[INFO] [1790744286.410793504] [exploration]: v=+0.00 w=+0.50 | 转向，由于危险 d=0.40
[INFO] [1790744286.509917939] [exploration]: v=+0.00 w=+0.00 | 转向完成，停稳 front=1.20
[INFO] [1790744286.610669943] [exploration]: v=+0.00 w=+0.50 | 转向，由于危险 d=0.29
[INFO] [1790744286.710323399] [exploration]: v=+0.00 w=+0.50 | 转向中 front=0.29 目标>0.8
[INFO] [1790744286.810537600] [exploration]: v=+0.00 w=+0.00 | 转向完成，停稳 front=1.18
[INFO] [1790744286.911290880] [exploration]: v=+0.00 w=+0.50 | 转向，由于危险 d=0.40
[INFO] [1790744287.011649992] [exploration]: v=+0.00 w=+0.00 | 转向完成，停稳 front=1.20
[INFO] [1790744287.111439896] [exploration]: v=+0.00 w=+0.50 | 转向，由于危险 d=0.40
[INFO] [1790744287.211223889] [exploration]: v=+0.00 w=+0.00 | 转向完成，停稳 front=1.20
[INFO] [1790744287.312676712] [exploration]: v=+0.00 w=+0.50 | 转向，由于危险 d=0.40
[INFO] [1790744287.412880126] [exploration]: v=+0.00 w=+0.00 | 转向完成，停稳 front=1.20
[INFO] [1790744287.513526673] [exploration]: v=+0.20 w=+0.00 | 直行 d=1.19
[INFO] [1790744287.711600477] [exploration]: v=+0.00 w=+0.50 | 转向，由于危险 d=0.40
[INFO] [1790744287.813803559] [exploration]: v=+0.00 w=+0.00 | 转向完成，停稳 front=1.19
[INFO] [1790744287.913911284] [exploration]: v=+0.00 w=+0.50 | 转向，由于危险 d=0.40
[INFO] [1790744288.013452089] [exploration]: v=+0.00 w=+0.00 | 转向完成，停稳 front=1.20
[INFO] [1790744288.113089486] [exploration]: v=+0.00 w=+0.50 | 转向，由于危险 d=0.40
[INFO] [1790744288.213402115] [exploration]: v=+0.00 w=+0.00 | 转向完成，停稳 front=1.20
[INFO] [1790744288.314552569] [exploration]: v=+0.00 w=+0.50 | 转向，由于危险 d=0.40
[INFO] [1790744288.414171692] [exploration]: v=+0.00 w=+0.00 | 转向完成，停稳 front=1.19
[INFO] [1790744288.514461002] [exploration]: v=+0.00 w=+0.50 | 转向，由于危险 d=0.40
[INFO] [1790744288.614080572] [exploration]: v=+0.00 w=+0.00 | 转向完成，停稳 front=1.20
[INFO] [1790744288.713656472] [exploration]: v=+0.20 w=+0.00 | 直行 d=1.20
[INFO] [1790744288.813802240] [exploration]: v=+0.20 w=+0.00 | 直行 d=1.19
[INFO] [1790744288.914129112] [exploration]: v=+0.00 w=+0.50 | 转向，由于危险 d=0.40
[INFO] [1790744289.014232580] [exploration]: v=+0.00 w=+0.00 | 转向完成，停稳 front=1.20
[INFO] [1790744289.114049411] [exploration]: v=+0.00 w=+0.50 | 转向，由于危险 d=0.27
[INFO] [1790744289.213691092] [exploration]: v=+0.00 w=+0.00 | 转向完成，停稳 front=1.20
[INFO] [1790744289.314239842] [exploration]: v=+0.00 w=+0.50 | 转向，由于危险 d=0.40
[INFO] [1790744289.414014960] [exploration]: v=+0.00 w=+0.00 | 转向完成，停稳 front=1.20
[INFO] [1790744289.514210446] [exploration]: v=+0.00 w=+0.50 | 转向，由于危险 d=0.40
[INFO] [1790744289.614310381] [exploration]: v=+0.00 w=+0.00 | 转向完成，停稳 front=1.19
