[INFO] [1790744819.954960171] [exploration]: 探索节点已启动
[INFO] [1790744819.976404811] [exploration]: v=+0.20 w=+0.00 | 直行 d=1.91
[INFO] [1790744820.177271108] [exploration]: v=+0.20 w=+0.00 | 直行 d=1.90
[INFO] [1790744820.278014292] [exploration]: v=+0.20 w=+0.00 | 直行 d=1.88
[INFO] [1790744820.377311820] [exploration]: v=+0.20 w=+0.00 | 直行 d=1.86
[INFO] [1790744820.478691859] [exploration]: v=+0.20 w=+0.00 | 直行 d=1.84
[INFO] [1790744820.577226715] [exploration]: v=+0.20 w=+0.00 | 直行 d=1.82
[INFO] [1790744820.676500628] [exploration]: v=+0.20 w=+0.00 | 直行 d=1.80
[INFO] [1790744820.778652822] [exploration]: v=+0.20 w=+0.00 | 直行 d=1.78
[INFO] [1790744820.880476328] [exploration]: v=+0.20 w=+0.00 | 直行 d=1.76
[INFO] [1790744820.980673992] [exploration]: v=+0.20 w=+0.00 | 直行 d=1.75
[INFO] [1790744821.078735415] [exploration]: v=+0.20 w=+0.00 | 直行 d=1.73
[INFO] [1790744821.181073888] [exploration]: v=+0.20 w=+0.00 | 直行 d=1.71
[INFO] [1790744821.281220408] [exploration]: v=+0.20 w=+0.00 | 直行 d=1.68
[INFO] [1790744821.381180993] [exploration]: v=+0.20 w=+0.00 | 直行 d=1.66
[INFO] [1790744821.480974697] [exploration]: v=+0.20 w=+0.00 | 直行 d=1.63
[INFO] [1790744821.580593296] [exploration]: v=+0.20 w=+0.00 | 直行 d=1.62
[INFO] [1790744821.680817297] [exploration]: v=+0.20 w=+0.00 | 直行 d=1.60
[INFO] [1790744821.780697192] [exploration]: v=+0.20 w=+0.00 | 直行 d=1.57
[INFO] [1790744821.980631540] [exploration]: v=+0.20 w=+0.00 | 直行 d=1.54
[INFO] [1790744822.081434452] [exploration]: v=+0.20 w=+0.00 | 直行 d=1.52
[INFO] [1790744822.181858422] [exploration]: v=+0.20 w=+0.00 | 直行 d=1.50
[INFO] [1790744822.281300095] [exploration]: v=+0.20 w=+0.00 | 直行 d=1.49
[INFO] [1790744822.380383755] [exploration]: v=+0.20 w=+0.00 | 直行 d=1.45
[INFO] [1790744822.483320751] [exploration]: v=+0.20 w=+0.00 | 直行 d=1.44
[INFO] [1790744822.583205106] [exploration]: v=+0.20 w=+0.00 | 直行 d=1.42
[INFO] [1790744822.682615175] [exploration]: v=+0.20 w=+0.00 | 直行 d=1.39
[INFO] [1790744822.782916771] [exploration]: v=+0.20 w=+0.00 | 直行 d=1.38
[INFO] [1790744822.882975638] [exploration]: v=+0.20 w=+0.00 | 直行 d=1.36
[INFO] [1790744822.984126566] [exploration]: v=+0.20 w=+0.00 | 直行 d=1.34
[INFO] [1790744823.083889600] [exploration]: v=+0.20 w=+0.00 | 直行 d=1.32
[INFO] [1790744823.184824378] [exploration]: v=+0.20 w=+0.00 | 直行 d=1.30
[INFO] [1790744823.283333363] [exploration]: v=+0.20 w=+0.00 | 直行 d=1.28
[INFO] [1790744823.384059530] [exploration]: v=+0.20 w=+0.00 | 直行 d=1.26
[INFO] [1790744823.483720971] [exploration]: v=+0.20 w=+0.00 | 直行 d=1.25
[INFO] [1790744823.583723806] [exploration]: v=+0.20 w=+0.00 | 直行 d=1.22
[INFO] [1790744823.683753987] [exploration]: v=+0.20 w=+0.00 | 直行 d=1.20
[INFO] [1790744823.783838228] [exploration]: v=+0.20 w=+0.00 | 直行 d=1.18
[INFO] [1790744823.885172771] [exploration]: v=+0.20 w=+0.00 | 直行 d=1.16
[INFO] [1790744823.986138866] [exploration]: v=+0.20 w=+0.00 | 直行 d=1.14
[INFO] [1790744824.084946031] [exploration]: v=+0.20 w=+0.00 | 直行 d=1.12
[INFO] [1790744824.185479444] [exploration]: v=+0.20 w=+0.00 | 直行 d=1.10
[INFO] [1790744824.287085969] [exploration]: v=+0.20 w=+0.00 | 直行 d=1.08
[INFO] [1790744824.386537273] [exploration]: v=+0.20 w=+0.00 | 直行 d=1.06
[INFO] [1790744824.484800207] [exploration]: v=+0.20 w=+0.00 | 直行 d=1.04
[INFO] [1790744824.586459155] [exploration]: v=+0.20 w=+0.00 | 直行 d=1.03
[INFO] [1790744824.686659531] [exploration]: v=+0.20 w=+0.00 | 直行 d=0.99
[INFO] [1790744824.886900892] [exploration]: v=+0.20 w=+0.00 | 直行 d=0.96
[INFO] [1790744824.986841330] [exploration]: v=+0.20 w=+0.00 | 直行 d=0.95
[INFO] [1790744825.086151929] [exploration]: v=+0.20 w=+0.00 | 直行 d=0.92
[INFO] [1790744825.186092375] [exploration]: v=+0.20 w=+0.00 | 直行 d=0.90
[INFO] [1790744825.285933618] [exploration]: v=+0.20 w=+0.00 | 直行 d=0.88
[INFO] [1790744825.387033076] [exploration]: v=+0.20 w=+0.00 | 直行 d=0.87
[INFO] [1790744825.487207731] [exploration]: v=+0.20 w=+0.00 | 直行 d=0.85
[INFO] [1790744825.587238630] [exploration]: v=+0.20 w=+0.00 | 直行 d=0.83
[INFO] [1790744825.687568279] [exploration]: v=+0.20 w=+0.00 | 直行 d=0.80
[INFO] [1790744825.788461482] [exploration]: v=+0.09 w=+0.00 | 减速 d=0.79
[INFO] [1790744825.886577855] [exploration]: v=+0.00 w=+0.50 | 转向，由于危险 d=0.14
[INFO] [1790744825.987378056] [exploration]: v=+0.00 w=+0.50 | 转向中 front=0.14 目标>0.8
[INFO] [1790744826.188007966] [exploration]: v=+0.00 w=+0.50 | 转向中 front=0.13 目标>0.8
[INFO] [1790744826.288355492] [exploration]: v=+0.00 w=+0.50 | 转向中 front=0.14 目标>0.8
[INFO] [1790744826.388088292] [exploration]: v=+0.00 w=+0.50 | 转向中 front=0.75 目标>0.8
[INFO] [1790744826.488574881] [exploration]: v=+0.00 w=+0.50 | 转向中 front=0.14 目标>0.8
[INFO] [1790744826.588702748] [exploration]: v=+0.00 w=+0.50 | 转向中 front=0.76 目标>0.8
[INFO] [1790744826.888992931] [exploration]: v=+0.00 w=+0.50 | 转向中 front=0.78 目标>0.8
[INFO] [1790744826.990066743] [exploration]: v=+0.00 w=+0.50 | 转向中 front=0.77 目标>0.8
[INFO] [1790744827.090570231] [exploration]: v=+0.00 w=+0.50 | 转向中 front=0.78 目标>0.8
[INFO] [1790744827.190600346] [exploration]: v=+0.00 w=+0.50 | 转向中 front=0.79 目标>0.8
[INFO] [1790744827.290803106] [exploration]: v=+0.00 w=+0.00 | 转向完成，停稳 front=0.82
[INFO] [1790744827.390389123] [exploration]: v=+0.20 w=+0.00 | 直行 d=0.81
[INFO] [1790744827.490429696] [exploration]: v=+0.20 w=+0.00 | 直行 d=0.82
[INFO] [1790744827.592737499] [exploration]: v=+0.09 w=+0.00 | 减速 d=0.80
[INFO] [1790744827.692057458] [exploration]: v=+0.00 w=+0.50 | 转向，由于危险 d=0.14
[INFO] [1790744827.792193480] [exploration]: v=+0.00 w=+0.50 | 转向中 front=0.13 目标>0.8
[INFO] [1790744827.891607408] [exploration]: v=+0.00 w=+0.50 | 转向中 front=0.14 目标>0.8
[INFO] [1790744827.991384509] [exploration]: v=+0.00 w=+0.50 | 转向中 front=0.13 目标>0.8
[INFO] [1790744828.092580808] [exploration]: v=+0.00 w=+0.00 | 转向完成，停稳 front=0.82
[INFO] [1790744828.192457623] [exploration]: v=+0.00 w=+0.50 | 转向，由于危险 d=0.40
[INFO] [1790744828.292808728] [exploration]: v=+0.00 w=+0.50 | 转向中 front=0.16 目标>0.8
[INFO] [1790744828.393143829] [exploration]: v=+0.00 w=+0.00 | 转向完成，停稳 front=0.90
[INFO] [1790744828.492434527] [exploration]: v=+0.20 w=+0.00 | 直行 d=0.91
[INFO] [1790744828.592443369] [exploration]: v=+0.20 w=+0.00 | 直行 d=0.93
[INFO] [1790744828.692256845] [exploration]: v=+0.20 w=+0.00 | 直行 d=0.91
[INFO] [1790744828.793778981] [exploration]: v=+0.20 w=+0.00 | 直行 d=0.90
[INFO] [1790744828.893382841] [exploration]: v=+0.20 w=+0.00 | 直行 d=0.88
[INFO] [1790744828.994323264] [exploration]: v=+0.20 w=+0.00 | 直行 d=0.86
[INFO] [1790744829.093947424] [exploration]: v=+0.20 w=+0.00 | 直行 d=0.85
[INFO] [1790744829.193187120] [exploration]: v=+0.20 w=+0.00 | 直行 d=0.82
[INFO] [1790744829.295112275] [exploration]: v=+0.20 w=+0.00 | 直行 d=0.80
[INFO] [1790744829.395519911] [exploration]: v=+0.09 w=+0.00 | 减速 d=0.79
[INFO] [1790744829.495220624] [exploration]: v=+0.00 w=+0.50 | 转向，由于危险 d=0.13
[INFO] [1790744829.594271277] [exploration]: v=+0.00 w=+0.50 | 转向中 front=0.14 目标>0.8
[INFO] [1790744829.695558930] [exploration]: v=+0.00 w=+0.50 | 转向中 front=0.78 目标>0.8
[INFO] [1790744829.794457237] [exploration]: v=+0.00 w=+0.50 | 转向中 front=0.14 目标>0.8
[INFO] [1790744829.894641720] [exploration]: v=+0.00 w=+0.00 | 转向完成，停稳 front=0.88
[INFO] [1790744829.995631921] [exploration]: v=+0.00 w=+0.50 | 转向，由于危险 d=0.13
[INFO] [1790744830.095168892] [exploration]: v=+0.00 w=+0.00 | 转向完成，停稳 front=0.93
[INFO] [1790744830.195457931] [exploration]: v=+0.20 w=+0.00 | 直行 d=0.99
[INFO] [1790744830.295137969] [exploration]: v=+0.20 w=+0.00 | 直行 d=0.95
[INFO] [1790744830.396845616] [exploration]: v=+0.20 w=+0.00 | 直行 d=0.96
[INFO] [1790744830.595102777] [exploration]: v=+0.20 w=+0.00 | 直行 d=0.93
[INFO] [1790744830.696594209] [exploration]: v=+0.20 w=+0.00 | 直行 d=0.91
[INFO] [1790744830.796363930] [exploration]: v=+0.20 w=+0.00 | 直行 d=0.90
[INFO] [1790744830.896677538] [exploration]: v=+0.20 w=+0.00 | 直行 d=0.87
[INFO] [1790744830.997328330] [exploration]: v=+0.20 w=+0.00 | 直行 d=0.89
[INFO] [1790744831.096754730] [exploration]: v=+0.20 w=+0.00 | 直行 d=0.86
[INFO] [1790744831.196868841] [exploration]: v=+0.20 w=+0.00 | 直行 d=0.85
[INFO] [1790744831.297273822] [exploration]: v=+0.20 w=+0.00 | 直行 d=0.83
[INFO] [1790744831.396803302] [exploration]: v=+0.20 w=+0.00 | 直行 d=0.82
[INFO] [1790744831.495554572] [exploration]: v=+0.20 w=+0.00 | 直行 d=0.81
[INFO] [1790744831.598035018] [exploration]: v=+0.08 w=+0.00 | 减速 d=0.79
[INFO] [1790744831.697069103] [exploration]: v=+0.00 w=+0.50 | 转向，由于危险 d=0.40
[INFO] [1790744831.796816624] [exploration]: v=+0.00 w=+0.50 | 转向中 front=0.14 目标>0.8
[INFO] [1790744831.997481492] [exploration]: v=+0.00 w=+0.50 | 转向中 front=0.76 目标>0.8
[INFO] [1790744832.097986410] [exploration]: v=+0.00 w=+0.50 | 转向中 front=0.13 目标>0.8
[INFO] [1790744832.197258801] [exploration]: v=+0.00 w=+0.50 | 转向中 front=0.14 目标>0.8
[INFO] [1790744832.297441687] [exploration]: v=+0.00 w=+0.50 | 转向中 front=0.76 目标>0.8
[INFO] [1790744832.597978745] [exploration]: v=+0.00 w=+0.50 | 转向中 front=0.75 目标>0.8
[INFO] [1790744832.799339818] [exploration]: v=+0.00 w=+0.50 | 转向中 front=0.76 目标>0.8
[INFO] [1790744833.199776888] [exploration]: v=+0.00 w=+0.50 | 转向中 front=0.77 目标>0.8
[INFO] [1790744833.400949135] [exploration]: v=+0.00 w=+0.50 | 转向中 front=0.78 目标>0.8
[INFO] [1790744833.600663719] [exploration]: v=+0.00 w=+0.50 | 转向中 front=0.79 目标>0.8
[INFO] [1790744833.700954894] [exploration]: v=+0.00 w=+0.00 | 转向完成，停稳 front=0.80
[INFO] [1790744833.801764288] [exploration]: v=+0.20 w=+0.00 | 直行 d=0.81
[INFO] [1790744834.000853286] [exploration]: v=+0.20 w=+0.00 | 直行 d=0.82
[INFO] [1790744834.102068118] [exploration]: v=+0.08 w=+0.00 | 减速 d=0.78
[INFO] [1790744834.201666189] [exploration]: v=+0.00 w=+0.50 | 转向，由于危险 d=0.14
[INFO] [1790744834.301290220] [exploration]: v=+0.00 w=+0.50 | 转向中 front=0.14 目标>0.8
[INFO] [1790744834.501400716] [exploration]: v=+0.00 w=+0.50 | 转向中 front=0.13 目标>0.8
[INFO] [1790744834.700887425] [exploration]: v=+0.00 w=+0.50 | 转向中 front=0.14 目标>0.8
[INFO] [1790744834.801534535] [exploration]: v=+0.00 w=+0.50 | 转向中 front=0.13 目标>0.8
[INFO] [1790744834.901583855] [exploration]: v=+0.00 w=+0.50 | 转向中 front=0.14 目标>0.8
[INFO] [1790744835.001386721] [exploration]: v=+0.00 w=+0.00 | 转向完成，停稳 front=0.91
[INFO] [1790744835.101850623] [exploration]: v=+0.20 w=+0.00 | 直行 d=0.94
[INFO] [1790744835.301517443] [exploration]: v=+0.20 w=+0.00 | 直行 d=0.93
[INFO] [1790744835.402309009] [exploration]: v=+0.20 w=+0.00 | 直行 d=0.91
[INFO] [1790744835.501921398] [exploration]: v=+0.20 w=+0.00 | 直行 d=0.90
[INFO] [1790744835.601873758] [exploration]: v=+0.20 w=+0.00 | 直行 d=0.88
[INFO] [1790744835.702600696] [exploration]: v=+0.20 w=+0.00 | 直行 d=0.85
[INFO] [1790744835.802861698] [exploration]: v=+0.20 w=+0.00 | 直行 d=0.86
[INFO] [1790744835.902815882] [exploration]: v=+0.20 w=+0.00 | 直行 d=0.83
[INFO] [1790744836.002061961] [exploration]: v=+0.20 w=+0.00 | 直行 d=0.81
[INFO] [1790744836.103088995] [exploration]: v=+0.08 w=+0.00 | 减速 d=0.79
[INFO] [1790744836.203077037] [exploration]: v=+0.00 w=-0.50 | 转向，由于危险 d=0.15
[INFO] [1790744836.302770992] [exploration]: v=+0.00 w=-0.50 | 转向中 front=0.78 目标>0.8
[INFO] [1790744836.402974565] [exploration]: v=+0.00 w=-0.50 | 转向中 front=0.14 目标>0.8
[INFO] [1790744836.603807717] [exploration]: v=+0.00 w=-0.50 | 转向中 front=0.13 目标>0.8
[INFO] [1790744836.702882811] [exploration]: v=+0.00 w=-0.50 | 转向中 front=0.14 目标>0.8
[INFO] [1790744836.803891766] [exploration]: v=+0.00 w=-0.50 | 转向中 front=0.66 目标>0.8
[INFO] [1790744836.904626790] [exploration]: v=+0.00 w=-0.50 | 转向中 front=0.64 目标>0.8
[INFO] [1790744837.003823336] [exploration]: v=+0.00 w=-0.50 | 转向中 front=0.63 目标>0.8
[INFO] [1790744837.103504779] [exploration]: v=+0.00 w=-0.50 | 转向中 front=0.62 目标>0.8
[INFO] [1790744837.303736960] [exploration]: v=+0.00 w=-0.50 | 转向中 front=0.60 目标>0.8
[INFO] [1790744837.504020563] [exploration]: v=+0.00 w=-0.50 | 转向中 front=0.59 目标>0.8
[INFO] [1790744837.703511151] [exploration]: v=+0.00 w=-0.50 | 转向中 front=0.58 目标>0.8
[INFO] [1790744838.004137622] [exploration]: v=+0.00 w=-0.50 | 转向中 front=0.57 目标>0.8
[INFO] [1790744838.104532160] [exploration]: v=+0.00 w=-0.50 | 转向中 front=0.58 目标>0.8
[INFO] [1790744838.805931531] [exploration]: v=+0.00 w=-0.50 | 转向中 front=0.59 目标>0.8
[INFO] [1790744839.006508347] [exploration]: v=-0.08 w=+0.00 | 卡死：3.0s 内位移 < 0.05m，倒退脱困
[INFO] [1790744839.106483763] [exploration]: v=-0.08 w=+0.00 | 脱困：倒退
[INFO] [1790744841.010900062] [exploration]: v=+0.00 w=+0.00 | 脱困完成，停稳
[INFO] [1790744841.110923434] [exploration]: v=+0.00 w=-0.50 | 转向中 front=0.14 目标>0.8
[INFO] [1790744841.211418931] [exploration]: v=+0.00 w=-0.50 | 转向中 front=0.76 目标>0.8
[INFO] [1790744841.311747792] [exploration]: v=+0.00 w=-0.50 | 转向中 front=0.78 目标>0.8
[INFO] [1790744841.411992179] [exploration]: v=+0.00 w=-0.50 | 转向中 front=0.13 目标>0.8
[INFO] [1790744841.511620663] [exploration]: v=+0.00 w=+0.00 | 转向完成，停稳 front=0.80
[INFO] [1790744841.611469851] [exploration]: v=+0.20 w=+0.00 | 直行 d=0.83
[INFO] [1790744841.712763823] [exploration]: v=+0.20 w=+0.00 | 直行 d=0.82
[INFO] [1790744841.913108015] [exploration]: v=+0.09 w=+0.00 | 减速 d=0.80
[INFO] [1790744842.011827235] [exploration]: v=+0.00 w=-0.50 | 转向，由于危险 d=0.14
[INFO] [1790744842.112346038] [exploration]: v=+0.00 w=-0.50 | 转向中 front=0.15 目标>0.8
[INFO] [1790744842.212110264] [exploration]: v=+0.00 w=-0.50 | 转向中 front=0.13 目标>0.8
[INFO] [1790744842.313582197] [exploration]: v=+0.00 w=+0.00 | 转向完成，停稳 front=0.81
[INFO] [1790744842.413567180] [exploration]: v=+0.00 w=-0.50 | 转向，由于危险 d=0.13
[INFO] [1790744842.513398727] [exploration]: v=+0.00 w=-0.50 | 转向中 front=0.80 目标>0.8
[INFO] [1790744842.613864916] [exploration]: v=+0.00 w=-0.50 | 转向中 front=0.14 目标>0.8
[INFO] [1790744842.714895658] [exploration]: v=+0.00 w=-0.50 | 转向中 front=0.77 目标>0.8
[INFO] [1790744842.814693486] [exploration]: v=+0.00 w=-0.50 | 转向中 front=0.75 目标>0.8
[INFO] [1790744842.915221315] [exploration]: v=+0.00 w=-0.50 | 转向中 front=0.73 目标>0.8
[INFO] [1790744843.013632517] [exploration]: v=+0.00 w=-0.50 | 转向中 front=0.72 目标>0.8
[INFO] [1790744843.113168311] [exploration]: v=+0.00 w=-0.50 | 转向中 front=0.71 目标>0.8
[INFO] [1790744843.313279158] [exploration]: v=+0.00 w=-0.50 | 转向中 front=0.70 目标>0.8
[INFO] [1790744843.413835932] [exploration]: v=+0.00 w=-0.50 | 转向中 front=0.69 目标>0.8
[INFO] [1790744843.613586480] [exploration]: v=+0.00 w=-0.50 | 转向中 front=0.68 目标>0.8
[INFO] [1790744844.014950644] [exploration]: v=+0.00 w=-0.50 | 转向中 front=0.67 目标>0.8
[INFO] [1790744844.115212552] [exploration]: v=+0.00 w=-0.50 | 转向中 front=0.69 目标>0.8
[INFO] [1790744844.215885587] [exploration]: v=+0.00 w=-0.50 | 转向中 front=0.68 目标>0.8
[INFO] [1790744844.316106592] [exploration]: v=+0.00 w=-0.50 | 转向中 front=0.69 目标>0.8
[INFO] [1790744844.816200175] [exploration]: v=-0.08 w=+0.00 | 卡死：3.0s 内位移 < 0.05m，倒退脱困
[INFO] [1790744844.916510149] [exploration]: v=-0.08 w=+0.00 | 脱困：倒退
[INFO] [1790744846.818249299] [exploration]: v=+0.00 w=+0.00 | 脱困完成，停稳
[INFO] [1790744846.918181658] [exploration]: v=+0.00 w=-0.50 | 转向中 front=0.16 目标>0.8
[INFO] [1790744847.018003371] [exploration]: v=+0.00 w=-0.50 | 转向中 front=0.14 目标>0.8
[INFO] [1790744847.117944283] [exploration]: v=+0.00 w=-0.50 | 转向中 front=0.13 目标>0.8
[INFO] [1790744847.319980089] [exploration]: v=+0.00 w=+0.00 | 转向完成，停稳 front=0.92
[INFO] [1790744847.420913331] [exploration]: v=+0.20 w=+0.00 | 直行 d=1.54
[INFO] [1790744847.520007639] [exploration]: v=+0.20 w=+0.00 | 直行 d=1.52
[INFO] [1790744847.618870198] [exploration]: v=+0.20 w=+0.00 | 直行 d=1.53
[INFO] [1790744847.719416463] [exploration]: v=+0.20 w=+0.00 | 直行 d=1.51
[INFO] [1790744847.821256064] [exploration]: v=+0.20 w=+0.00 | 直行 d=1.50
[INFO] [1790744847.920684055] [exploration]: v=+0.20 w=+0.00 | 直行 d=1.51
[INFO] [1790744848.021163968] [exploration]: v=+0.20 w=+0.00 | 直行 d=1.49
[INFO] [1790744848.221315363] [exploration]: v=+0.20 w=+0.00 | 直行 d=1.47
[INFO] [1790744848.321603583] [exploration]: v=+0.20 w=+0.00 | 直行 d=1.45
[INFO] [1790744848.422652541] [exploration]: v=+0.20 w=+0.00 | 直行 d=1.47
[INFO] [1790744848.522684650] [exploration]: v=+0.20 w=+0.00 | 直行 d=1.44
[INFO] [1790744848.722125579] [exploration]: v=+0.20 w=+0.00 | 直行 d=1.43
[INFO] [1790744848.824071006] [exploration]: v=+0.20 w=+0.00 | 直行 d=1.41
[INFO] [1790744848.921990897] [exploration]: v=+0.20 w=+0.00 | 直行 d=1.37
[INFO] [1790744849.022550903] [exploration]: v=+0.20 w=+0.00 | 直行 d=1.36
[INFO] [1790744849.121956990] [exploration]: v=+0.20 w=+0.00 | 直行 d=1.34
[INFO] [1790744849.222623035] [exploration]: v=+0.20 w=+0.00 | 直行 d=1.32
[INFO] [1790744849.322878812] [exploration]: v=+0.20 w=+0.00 | 直行 d=1.30
[INFO] [1790744849.522929312] [exploration]: v=+0.20 w=+0.00 | 直行 d=1.28
[INFO] [1790744849.621960047] [exploration]: v=+0.20 w=+0.00 | 直行 d=1.26
[INFO] [1790744849.724563631] [exploration]: v=+0.20 w=+0.00 | 直行 d=1.23
[INFO] [1790744849.924057808] [exploration]: v=+0.20 w=+0.00 | 直行 d=1.20
[INFO] [1790744850.124957581] [exploration]: v=+0.20 w=+0.00 | 直行 d=1.18
[INFO] [1790744850.224227533] [exploration]: v=+0.20 w=+0.00 | 直行 d=1.16
[INFO] [1790744850.324723021] [exploration]: v=+0.20 w=+0.00 | 直行 d=1.13
[INFO] [1790744850.425567981] [exploration]: v=+0.20 w=+0.00 | 直行 d=1.12
[INFO] [1790744850.525774351] [exploration]: v=+0.20 w=+0.00 | 直行 d=1.11
[INFO] [1790744850.724375744] [exploration]: v=+0.20 w=+0.00 | 直行 d=1.09
[INFO] [1790744850.825122575] [exploration]: v=+0.20 w=+0.00 | 直行 d=1.05
[INFO] [1790744851.025654031] [exploration]: v=+0.20 w=+0.00 | 直行 d=1.01
[INFO] [1790744851.126316521] [exploration]: v=+0.20 w=+0.00 | 直行 d=1.00
[INFO] [1790744851.325600285] [exploration]: v=+0.20 w=+0.00 | 直行 d=0.96
[INFO] [1790744851.426064471] [exploration]: v=+0.20 w=+0.00 | 直行 d=0.97
[INFO] [1790744851.525263840] [exploration]: v=+0.20 w=+0.00 | 直行 d=0.94
[INFO] [1790744851.624343145] [exploration]: v=+0.20 w=+0.00 | 直行 d=0.93
[INFO] [1790744851.725749911] [exploration]: v=+0.20 w=+0.00 | 直行 d=0.90
[INFO] [1790744851.826421820] [exploration]: v=+0.20 w=+0.00 | 直行 d=0.89
[INFO] [1790744851.926915886] [exploration]: v=+0.20 w=+0.00 | 直行 d=0.86
[INFO] [1790744852.128491728] [exploration]: v=+0.20 w=+0.00 | 直行 d=0.84
[INFO] [1790744852.228032637] [exploration]: v=+0.20 w=+0.00 | 直行 d=0.82
[INFO] [1790744852.327301814] [exploration]: v=+0.09 w=+0.00 | 减速 d=0.80
[INFO] [1790744852.427357162] [exploration]: v=+0.00 w=-0.50 | 转向，由于危险 d=0.14
[INFO] [1790744852.527545563] [exploration]: v=+0.00 w=-0.50 | 转向中 front=0.14 目标>0.8
[INFO] [1790744852.727554677] [exploration]: v=+0.00 w=-0.50 | 转向中 front=0.13 目标>0.8
[INFO] [1790744852.828376876] [exploration]: v=+0.00 w=-0.50 | 转向中 front=0.14 目标>0.8
[INFO] [1790744852.928188183] [exploration]: v=+0.00 w=-0.50 | 转向中 front=0.66 目标>0.8
[INFO] [1790744853.028002738] [exploration]: v=+0.00 w=-0.50 | 转向中 front=0.15 目标>0.8
[INFO] [1790744853.128064256] [exploration]: v=+0.00 w=-0.50 | 转向中 front=0.66 目标>0.8
[INFO] [1790744853.228592677] [exploration]: v=+0.00 w=-0.50 | 转向中 front=0.65 目标>0.8
[INFO] [1790744853.428798788] [exploration]: v=+0.00 w=-0.50 | 转向中 front=0.63 目标>0.8
[INFO] [1790744853.628399275] [exploration]: v=+0.00 w=-0.50 | 转向中 front=0.61 目标>0.8
[INFO] [1790744853.728483977] [exploration]: v=+0.00 w=-0.50 | 转向中 front=0.62 目标>0.8
[INFO] [1790744854.128333517] [exploration]: v=+0.00 w=-0.50 | 转向中 front=0.63 目标>0.8
[INFO] [1790744854.230659305] [exploration]: v=+0.00 w=-0.50 | 转向中 front=0.61 目标>0.8
[INFO] [1790744854.330921074] [exploration]: v=+0.00 w=-0.50 | 转向中 front=0.63 目标>0.8
[INFO] [1790744854.430732706] [exploration]: v=+0.00 w=-0.50 | 转向中 front=0.62 目标>0.8
[INFO] [1790744854.531224183] [exploration]: v=+0.00 w=+0.00 | 转向完成，停稳 front=0.95
[INFO] [1790744854.629812207] [exploration]: v=+0.20 w=+0.00 | 直行 d=1.31
[INFO] [1790744854.731116336] [exploration]: v=+0.20 w=+0.00 | 直行 d=1.30
[INFO] [1790744854.932083454] [exploration]: v=+0.20 w=+0.00 | 直行 d=1.26
[INFO] [1790744855.033199323] [exploration]: v=+0.20 w=+0.00 | 直行 d=1.25
[INFO] [1790744855.131863606] [exploration]: v=+0.20 w=+0.00 | 直行 d=1.23
[INFO] [1790744855.233162816] [exploration]: v=+0.20 w=+0.00 | 直行 d=1.21
[INFO] [1790744855.433169290] [exploration]: v=+0.20 w=+0.00 | 直行 d=1.18
[INFO] [1790744855.532855043] [exploration]: v=+0.20 w=+0.00 | 直行 d=1.16
[INFO] [1790744855.632058489] [exploration]: v=+0.20 w=+0.00 | 直行 d=1.14
[INFO] [1790744855.732699490] [exploration]: v=+0.20 w=+0.00 | 直行 d=1.12
[INFO] [1790744855.833061821] [exploration]: v=+0.20 w=+0.00 | 直行 d=1.10
[INFO] [1790744855.933250220] [exploration]: v=+0.20 w=+0.00 | 直行 d=1.08
[INFO] [1790744856.033214887] [exploration]: v=+0.20 w=+0.00 | 直行 d=1.06
[INFO] [1790744856.133310478] [exploration]: v=+0.20 w=+0.00 | 直行 d=1.04
[INFO] [1790744856.234464793] [exploration]: v=+0.20 w=+0.00 | 直行 d=1.02
[INFO] [1790744856.333019590] [exploration]: v=+0.20 w=+0.00 | 直行 d=1.00
[INFO] [1790744856.433812591] [exploration]: v=+0.20 w=+0.00 | 直行 d=0.98
[INFO] [1790744856.533651242] [exploration]: v=+0.20 w=+0.00 | 直行 d=0.96
[INFO] [1790744856.635909078] [exploration]: v=+0.20 w=+0.00 | 直行 d=0.94
[INFO] [1790744856.734515662] [exploration]: v=+0.20 w=+0.00 | 直行 d=0.92
[INFO] [1790744856.835347234] [exploration]: v=+0.20 w=+0.00 | 直行 d=0.90
[INFO] [1790744856.935539724] [exploration]: v=+0.20 w=+0.00 | 直行 d=0.88
[INFO] [1790744857.035451480] [exploration]: v=+0.20 w=+0.00 | 直行 d=0.87
[INFO] [1790744857.136341306] [exploration]: v=+0.20 w=+0.00 | 直行 d=0.84
[INFO] [1790744857.234781657] [exploration]: v=+0.20 w=+0.00 | 直行 d=0.82
[INFO] [1790744857.336435477] [exploration]: v=+0.20 w=+0.00 | 直行 d=0.81
[INFO] [1790744857.436548799] [exploration]: v=+0.08 w=+0.00 | 减速 d=0.78
[INFO] [1790744857.536520885] [exploration]: v=+0.08 w=+0.00 | 减速 d=0.77
[INFO] [1790744857.635584543] [exploration]: v=+0.08 w=+0.00 | 减速 d=0.75
[INFO] [1790744857.835633271] [exploration]: v=+0.00 w=-0.50 | 转向，由于危险 d=0.13
[INFO] [1790744857.936760285] [exploration]: v=+0.00 w=-0.50 | 转向中 front=0.72 目标>0.8
[INFO] [1790744858.037273337] [exploration]: v=+0.00 w=-0.50 | 转向中 front=0.15 目标>0.8
[INFO] [1790744858.237989411] [exploration]: v=+0.00 w=-0.50 | 转向中 front=0.14 目标>0.8
[INFO] [1790744858.338261923] [exploration]: v=+0.00 w=-0.50 | 转向中 front=0.74 目标>0.8
[INFO] [1790744858.438258556] [exploration]: v=+0.00 w=-0.50 | 转向中 front=0.75 目标>0.8
[INFO] [1790744858.538536949] [exploration]: v=+0.00 w=-0.50 | 转向中 front=0.76 目标>0.8
[INFO] [1790744858.739296442] [exploration]: v=+0.00 w=-0.50 | 转向中 front=0.77 目标>0.8
[INFO] [1790744858.839023375] [exploration]: v=+0.00 w=-0.50 | 转向中 front=0.13 目标>0.8
[INFO] [1790744859.039546421] [exploration]: v=+0.00 w=+0.00 | 转向完成，停稳 front=0.81
[INFO] [1790744859.139263307] [exploration]: v=+0.00 w=-0.50 | 转向，由于危险 d=0.14
[INFO] [1790744859.239249311] [exploration]: v=+0.00 w=-0.50 | 转向中 front=0.13 目标>0.8
[INFO] [1790744859.338493732] [exploration]: v=+0.00 w=-0.50 | 转向中 front=0.15 目标>0.8
[INFO] [1790744859.439041014] [exploration]: v=+0.00 w=+0.00 | 转向完成，停稳 front=0.87
[INFO] [1790744859.539025928] [exploration]: v=+0.00 w=-0.50 | 转向，由于危险 d=0.14
[INFO] [1790744859.638814069] [exploration]: v=+0.00 w=-0.50 | 转向中 front=0.15 目标>0.8
[INFO] [1790744859.739404476] [exploration]: v=+0.00 w=-0.50 | 转向中 front=0.14 目标>0.8
[INFO] [1790744859.839142304] [exploration]: v=+0.00 w=+0.00 | 转向完成，停稳 front=0.90
[INFO] [1790744859.941174335] [exploration]: v=+0.00 w=-0.50 | 转向，由于危险 d=0.13
[INFO] [1790744860.041026388] [exploration]: v=+0.00 w=+0.00 | 转向完成，停稳 front=0.90
[INFO] [1790744860.141668467] [exploration]: v=+0.00 w=-0.50 | 转向，由于危险 d=0.40
[INFO] [1790744860.241672006] [exploration]: v=+0.00 w=+0.00 | 转向完成，停稳 front=0.89
[INFO] [1790744860.341351277] [exploration]: v=-0.08 w=+0.00 | 卡死：3.0s 内位移 < 0.05m，倒退脱困
[INFO] [1790744860.441534311] [exploration]: v=-0.08 w=+0.00 | 脱困：倒退
[INFO] [1790744862.344934560] [exploration]: v=+0.00 w=+0.00 | 脱困完成，停稳
[INFO] [1790744862.444498734] [exploration]: v=+0.20 w=+0.00 | 直行 d=0.88
[INFO] [1790744862.544157990] [exploration]: v=+0.20 w=+0.00 | 直行 d=0.92
[INFO] [1790744862.644719621] [exploration]: v=+0.20 w=+0.00 | 直行 d=1.36
[INFO] [1790744862.744901788] [exploration]: v=+0.00 w=-0.50 | 转向，由于危险 d=0.13
[INFO] [1790744862.846105901] [exploration]: v=+0.00 w=-0.50 | 转向中 front=0.13 目标>0.8
[INFO] [1790744862.944724037] [exploration]: v=+0.00 w=-0.50 | 转向中 front=0.15 目标>0.8
[INFO] [1790744863.045115692] [exploration]: v=+0.00 w=+0.00 | 转向完成，停稳 front=1.29
[INFO] [1790744863.146033015] [exploration]: v=+0.20 w=+0.00 | 直行 d=1.29
[INFO] [1790744863.247177894] [exploration]: v=+0.00 w=-0.50 | 转向，由于危险 d=0.40
[INFO] [1790744863.346309186] [exploration]: v=+0.00 w=-0.50 | 转向中 front=0.15 目标>0.8
[INFO] [1790744863.447354062] [exploration]: v=+0.00 w=+0.00 | 转向完成，停稳 front=1.35
[INFO] [1790744863.546347227] [exploration]: v=+0.20 w=+0.00 | 直行 d=1.35
[INFO] [1790744863.646645121] [exploration]: v=+0.20 w=+0.00 | 直行 d=1.36
[INFO] [1790744863.746759305] [exploration]: v=+0.20 w=+0.00 | 直行 d=1.40
[INFO] [1790744863.947493116] [exploration]: v=+0.00 w=-0.50 | 转向，由于危险 d=0.14
[INFO] [1790744864.047927726] [exploration]: v=+0.00 w=-0.50 | 转向中 front=0.14 目标>0.8
[INFO] [1790744864.147487535] [exploration]: v=+0.00 w=-0.50 | 转向中 front=0.13 目标>0.8
[INFO] [1790744864.247420731] [exploration]: v=+0.00 w=+0.00 | 转向完成，停稳 front=1.36
[INFO] [1790744864.348574360] [exploration]: v=+0.00 w=-0.50 | 转向，由于危险 d=0.14
[INFO] [1790744864.448999924] [exploration]: v=+0.00 w=-0.50 | 转向中 front=0.15 目标>0.8
[INFO] [1790744864.548987566] [exploration]: v=+0.00 w=+0.00 | 转向完成，停稳 front=1.61
[INFO] [1790744864.648115624] [exploration]: v=+0.20 w=+0.00 | 直行 d=1.73
[INFO] [1790744864.848089632] [exploration]: v=+0.20 w=+0.00 | 直行 d=1.72
[INFO] [1790744864.948601657] [exploration]: v=+0.20 w=+0.00 | 直行 d=1.73
[INFO] [1790744865.048381711] [exploration]: v=+0.20 w=+0.00 | 直行 d=1.70
[INFO] [1790744865.248875778] [exploration]: v=+0.20 w=+0.00 | 直行 d=1.67
[INFO] [1790744865.347957161] [exploration]: v=+0.20 w=+0.00 | 直行 d=1.66
[INFO] [1790744865.448495509] [exploration]: v=+0.20 w=+0.00 | 直行 d=1.68
[INFO] [1790744865.548654115] [exploration]: v=+0.20 w=+0.00 | 直行 d=1.66
[INFO] [1790744865.648414066] [exploration]: v=+0.20 w=+0.00 | 直行 d=1.63
[INFO] [1790744865.750080191] [exploration]: v=+0.20 w=+0.00 | 直行 d=1.65
[INFO] [1790744865.850190743] [exploration]: v=+0.20 w=+0.00 | 直行 d=1.64
[INFO] [1790744865.950720079] [exploration]: v=+0.20 w=+0.00 | 直行 d=1.59
[INFO] [1790744866.050907808] [exploration]: v=+0.20 w=+0.00 | 直行 d=1.61
[INFO] [1790744866.151343251] [exploration]: v=+0.20 w=+0.00 | 直行 d=1.60
[INFO] [1790744866.350920017] [exploration]: v=+0.20 w=+0.00 | 直行 d=1.58
[INFO] [1790744866.450544987] [exploration]: v=+0.20 w=+0.00 | 直行 d=1.57
[INFO] [1790744866.650848153] [exploration]: v=+0.20 w=+0.00 | 直行 d=1.55
[INFO] [1790744866.750158804] [exploration]: v=+0.20 w=+0.00 | 直行 d=1.57
[INFO] [1790744866.850511123] [exploration]: v=+0.20 w=+0.00 | 直行 d=1.54
[INFO] [1790744866.949950091] [exploration]: v=+0.20 w=+0.00 | 直行 d=1.51
[INFO] [1790744867.250795201] [exploration]: v=+0.20 w=+0.00 | 直行 d=1.48
[INFO] [1790744867.551308400] [exploration]: v=+0.20 w=+0.00 | 直行 d=1.46
[INFO] [1790744867.750814237] [exploration]: v=+0.20 w=+0.00 | 直行 d=1.44
[INFO] [1790744867.850334671] [exploration]: v=+0.20 w=+0.00 | 直行 d=1.43
[INFO] [1790744867.952121341] [exploration]: v=+0.20 w=+0.00 | 直行 d=1.44
[INFO] [1790744868.051654896] [exploration]: v=+0.20 w=+0.00 | 直行 d=1.42
[INFO] [1790744868.153012474] [exploration]: v=+0.20 w=+0.00 | 直行 d=1.44
[INFO] [1790744868.252426618] [exploration]: v=+0.20 w=+0.00 | 直行 d=1.40
[INFO] [1790744868.352656225] [exploration]: v=+0.20 w=+0.00 | 直行 d=1.38
[INFO] [1790744868.452778367] [exploration]: v=+0.20 w=+0.00 | 直行 d=1.40
[INFO] [1790744868.552393727] [exploration]: v=+0.20 w=+0.00 | 直行 d=1.37
[INFO] [1790744868.653601200] [exploration]: v=+0.20 w=+0.00 | 直行 d=1.36
[INFO] [1790744868.855033074] [exploration]: v=+0.20 w=+0.00 | 直行 d=1.33
[INFO] [1790744868.954632535] [exploration]: v=+0.20 w=+0.00 | 直行 d=1.32
[INFO] [1790744869.154532777] [exploration]: v=+0.20 w=+0.00 | 直行 d=1.31
[INFO] [1790744869.254864967] [exploration]: v=+0.20 w=+0.00 | 直行 d=1.28
[INFO] [1790744869.355111452] [exploration]: v=+0.20 w=+0.00 | 直行 d=1.26
[INFO] [1790744869.455852844] [exploration]: v=+0.20 w=+0.00 | 直行 d=1.25
[INFO] [1790744869.555742444] [exploration]: v=+0.20 w=+0.00 | 直行 d=1.23
[INFO] [1790744869.756693228] [exploration]: v=+0.20 w=+0.00 | 直行 d=1.22
[INFO] [1790744869.857032782] [exploration]: v=+0.20 w=+0.00 | 直行 d=1.21
[INFO] [1790744869.955545156] [exploration]: v=+0.20 w=+0.00 | 直行 d=1.20
[INFO] [1790744870.056653032] [exploration]: v=+0.20 w=+0.00 | 直行 d=1.19
[INFO] [1790744870.257395686] [exploration]: v=+0.20 w=+0.00 | 直行 d=1.17
[INFO] [1790744870.457440091] [exploration]: v=+0.20 w=+0.00 | 直行 d=1.12
[INFO] [1790744870.557390155] [exploration]: v=+0.20 w=+0.00 | 直行 d=1.13
[INFO] [1790744870.657979173] [exploration]: v=+0.20 w=+0.00 | 直行 d=1.14
[INFO] [1790744870.757399617] [exploration]: v=+0.20 w=+0.00 | 直行 d=1.13
[INFO] [1790744870.857504602] [exploration]: v=+0.20 w=+0.00 | 直行 d=1.11
[INFO] [1790744870.957767690] [exploration]: v=+0.20 w=+0.00 | 直行 d=1.10
[INFO] [1790744871.057769221] [exploration]: v=+0.20 w=+0.00 | 直行 d=1.09
[INFO] [1790744871.157632079] [exploration]: v=+0.20 w=+0.00 | 直行 d=1.12
[INFO] [1790744871.258935508] [exploration]: v=+0.20 w=+0.00 | 直行 d=1.08
[INFO] [1790744871.359766942] [exploration]: v=+0.20 w=+0.00 | 直行 d=1.07
[INFO] [1790744871.458436880] [exploration]: v=+0.20 w=+0.00 | 直行 d=1.06
[INFO] [1790744871.558136806] [exploration]: v=+0.20 w=+0.00 | 直行 d=1.03
[INFO] [1790744871.858555878] [exploration]: v=+0.20 w=+0.00 | 直行 d=1.02
[INFO] [1790744871.958143243] [exploration]: v=+0.20 w=+0.00 | 直行 d=1.03
[INFO] [1790744872.058124361] [exploration]: v=+0.20 w=+0.00 | 直行 d=1.00
[INFO] [1790744872.158668160] [exploration]: v=+0.20 w=+0.00 | 直行 d=1.01
[INFO] [1790744872.259302939] [exploration]: v=+0.20 w=+0.00 | 直行 d=0.98
[INFO] [1790744872.459449719] [exploration]: v=+0.20 w=+0.00 | 直行 d=3.18
[INFO] [1790744872.658722477] [exploration]: v=+0.20 w=+0.00 | 直行 d=3.14
[INFO] [1790744872.759497244] [exploration]: v=+0.20 w=+0.00 | 直行 d=3.10
[INFO] [1790744872.860734504] [exploration]: v=+0.20 w=+0.00 | 直行 d=3.11
[INFO] [1790744872.960695181] [exploration]: v=+0.20 w=+0.00 | 直行 d=3.10
[INFO] [1790744873.060049709] [exploration]: v=+0.20 w=+0.00 | 直行 d=3.06
[INFO] [1790744873.159784792] [exploration]: v=+0.20 w=+0.00 | 直行 d=3.05
[INFO] [1790744873.260812258] [exploration]: v=+0.20 w=+0.00 | 直行 d=3.04
[INFO] [1790744873.361538747] [exploration]: v=+0.20 w=+0.00 | 直行 d=3.01
[INFO] [1790744873.460253869] [exploration]: v=+0.20 w=+0.00 | 直行 d=2.98
[INFO] [1790744873.560323232] [exploration]: v=+0.20 w=+0.00 | 直行 d=2.96
[INFO] [1790744873.660528468] [exploration]: v=+0.20 w=+0.00 | 直行 d=2.95
[INFO] [1790744873.761415086] [exploration]: v=+0.20 w=+0.00 | 直行 d=2.93
[INFO] [1790744873.861314574] [exploration]: v=+0.20 w=+0.00 | 直行 d=2.90
[INFO] [1790744873.960603287] [exploration]: v=+0.20 w=+0.00 | 直行 d=2.91
[INFO] [1790744874.060984983] [exploration]: v=+0.20 w=+0.00 | 直行 d=2.86
[INFO] [1790744874.161677433] [exploration]: v=+0.20 w=+0.00 | 直行 d=2.85
[INFO] [1790744874.261439018] [exploration]: v=+0.20 w=+0.00 | 直行 d=2.82
[INFO] [1790744874.361818759] [exploration]: v=+0.20 w=+0.00 | 直行 d=2.81
[INFO] [1790744874.461373985] [exploration]: v=+0.20 w=+0.00 | 直行 d=2.78
[INFO] [1790744874.662337211] [exploration]: v=+0.20 w=+0.00 | 直行 d=2.76
[INFO] [1790744874.762857335] [exploration]: v=+0.20 w=+0.00 | 直行 d=2.74
[INFO] [1790744874.862167436] [exploration]: v=+0.20 w=+0.00 | 直行 d=2.70
[INFO] [1790744875.062810048] [exploration]: v=+0.20 w=+0.00 | 直行 d=2.69
[INFO] [1790744875.263195164] [exploration]: v=+0.20 w=+0.00 | 直行 d=2.66
[INFO] [1790744875.463650073] [exploration]: v=+0.20 w=+0.00 | 直行 d=2.62
[INFO] [1790744875.663066271] [exploration]: v=+0.20 w=+0.00 | 直行 d=2.60
[INFO] [1790744875.764874213] [exploration]: v=+0.20 w=+0.00 | 直行 d=2.59
[INFO] [1790744875.863434017] [exploration]: v=+0.20 w=+0.00 | 直行 d=2.58
[INFO] [1790744875.964496929] [exploration]: v=+0.20 w=+0.00 | 直行 d=2.55
[INFO] [1790744876.064313827] [exploration]: v=+0.20 w=+0.00 | 直行 d=2.54
[INFO] [1790744876.163857009] [exploration]: v=+0.20 w=+0.00 | 直行 d=3.23
[INFO] [1790744876.265405432] [exploration]: v=+0.20 w=+0.00 | 直行 d=3.22
[INFO] [1790744876.363931101] [exploration]: v=+0.20 w=+0.00 | 直行 d=3.20
[INFO] [1790744876.464604285] [exploration]: v=+0.20 w=+0.00 | 直行 d=3.18
[INFO] [1790744876.564488935] [exploration]: v=+0.20 w=+0.00 | 直行 d=3.15
[INFO] [1790744876.665306114] [exploration]: v=+0.20 w=+0.00 | 直行 d=3.14
[INFO] [1790744876.765564051] [exploration]: v=+0.20 w=+0.00 | 直行 d=2.41
[INFO] [1790744876.865990514] [exploration]: v=+0.20 w=+0.00 | 直行 d=2.38
[INFO] [1790744876.965926159] [exploration]: v=+0.20 w=+0.00 | 直行 d=2.36
[INFO] [1790744877.065254180] [exploration]: v=+0.20 w=+0.00 | 直行 d=2.32
[INFO] [1790744877.165414737] [exploration]: v=+0.20 w=+0.00 | 直行 d=2.31
[INFO] [1790744877.265904996] [exploration]: v=+0.20 w=+0.00 | 直行 d=2.28
[INFO] [1790744877.365603803] [exploration]: v=+0.20 w=+0.00 | 直行 d=2.27
[INFO] [1790744877.565278193] [exploration]: v=+0.20 w=+0.00 | 直行 d=2.25
[INFO] [1790744877.665302116] [exploration]: v=+0.20 w=+0.00 | 直行 d=2.24
[INFO] [1790744877.767797375] [exploration]: v=+0.20 w=+0.00 | 直行 d=2.20
[INFO] [1790744877.866095929] [exploration]: v=+0.20 w=+0.00 | 直行 d=2.18
[INFO] [1790744877.968043683] [exploration]: v=+0.20 w=+0.00 | 直行 d=2.13
[INFO] [1790744878.067205279] [exploration]: v=+0.20 w=+0.00 | 直行 d=2.11
[INFO] [1790744878.167531433] [exploration]: v=+0.20 w=+0.00 | 直行 d=2.09
[INFO] [1790744878.267856281] [exploration]: v=+0.20 w=+0.00 | 直行 d=2.08
[INFO] [1790744878.367672268] [exploration]: v=+0.20 w=+0.00 | 直行 d=2.07
[INFO] [1790744878.468325396] [exploration]: v=+0.20 w=+0.00 | 直行 d=2.06
[INFO] [1790744878.568686828] [exploration]: v=+0.20 w=+0.00 | 直行 d=2.02
[INFO] [1790744878.669727189] [exploration]: v=+0.20 w=+0.00 | 直行 d=2.03
[INFO] [1790744878.768849657] [exploration]: v=+0.20 w=+0.00 | 直行 d=1.99
[INFO] [1790744878.869143637] [exploration]: v=+0.20 w=+0.00 | 直行 d=1.98
[INFO] [1790744878.969119217] [exploration]: v=+0.20 w=+0.00 | 直行 d=1.93
[INFO] [1790744879.069120513] [exploration]: v=+0.20 w=+0.00 | 直行 d=1.92
[INFO] [1790744879.169557287] [exploration]: v=+0.20 w=+0.00 | 直行 d=1.90
[INFO] [1790744879.269137821] [exploration]: v=+0.20 w=+0.00 | 直行 d=1.89
[INFO] [1790744879.369549124] [exploration]: v=+0.20 w=+0.00 | 直行 d=1.86
[INFO] [1790744879.469853788] [exploration]: v=+0.20 w=+0.00 | 直行 d=1.84
[INFO] [1790744879.570283935] [exploration]: v=+0.20 w=+0.00 | 直行 d=1.81
[INFO] [1790744879.769797951] [exploration]: v=+0.20 w=+0.00 | 直行 d=1.77
[INFO] [1790744879.870895838] [exploration]: v=+0.20 w=+0.00 | 直行 d=1.75
[INFO] [1790744880.071565849] [exploration]: v=+0.20 w=+0.00 | 直行 d=1.72
[INFO] [1790744880.171500535] [exploration]: v=+0.20 w=+0.00 | 直行 d=1.73
[INFO] [1790744880.271618733] [exploration]: v=+0.20 w=+0.00 | 直行 d=1.68
[INFO] [1790744880.371824829] [exploration]: v=+0.20 w=+0.00 | 直行 d=1.67
[INFO] [1790744880.471580990] [exploration]: v=+0.20 w=+0.00 | 直行 d=1.66
[INFO] [1790744880.771160184] [exploration]: v=+0.20 w=+0.00 | 直行 d=2.34
[INFO] [1790744880.871782384] [exploration]: v=+0.20 w=+0.00 | 直行 d=2.31
[INFO] [1790744881.073155825] [exploration]: v=+0.20 w=+0.00 | 直行 d=2.28
[INFO] [1790744881.173173549] [exploration]: v=+0.20 w=+0.00 | 直行 d=2.26
[INFO] [1790744881.273465061] [exploration]: v=+0.20 w=+0.00 | 直行 d=2.25
[INFO] [1790744881.374007336] [exploration]: v=+0.20 w=+0.00 | 直行 d=2.23
[INFO] [1790744881.473665970] [exploration]: v=+0.20 w=+0.00 | 直行 d=2.21
[INFO] [1790744881.573962138] [exploration]: v=+0.20 w=+0.00 | 直行 d=2.18
[INFO] [1790744881.674697304] [exploration]: v=+0.20 w=+0.00 | 直行 d=2.16
[INFO] [1790744881.873790055] [exploration]: v=+0.20 w=+0.00 | 直行 d=2.12
[INFO] [1790744881.974542537] [exploration]: v=+0.20 w=+0.00 | 直行 d=2.11
[INFO] [1790744882.074070920] [exploration]: v=+0.20 w=+0.00 | 直行 d=2.09
[INFO] [1790744882.175027565] [exploration]: v=+0.20 w=+0.00 | 直行 d=2.07
[INFO] [1790744882.274307581] [exploration]: v=+0.20 w=+0.00 | 直行 d=2.06
[INFO] [1790744882.374428875] [exploration]: v=+0.20 w=+0.00 | 直行 d=2.04
[INFO] [1790744882.475044309] [exploration]: v=+0.20 w=+0.00 | 直行 d=2.02
[INFO] [1790744882.574841124] [exploration]: v=+0.20 w=+0.00 | 直行 d=2.00
[INFO] [1790744882.675837228] [exploration]: v=+0.20 w=+0.00 | 直行 d=1.98
[INFO] [1790744882.775292599] [exploration]: v=+0.20 w=+0.00 | 直行 d=1.96
[INFO] [1790744882.875382746] [exploration]: v=+0.20 w=+0.00 | 直行 d=1.94
[INFO] [1790744882.976844622] [exploration]: v=+0.20 w=+0.00 | 直行 d=1.93
[INFO] [1790744883.076401804] [exploration]: v=+0.20 w=+0.00 | 直行 d=1.91
[INFO] [1790744883.177076078] [exploration]: v=+0.20 w=+0.00 | 直行 d=1.88
[INFO] [1790744883.275751098] [exploration]: v=+0.20 w=+0.00 | 直行 d=1.87
[INFO] [1790744883.375806626] [exploration]: v=+0.20 w=+0.00 | 直行 d=1.85
[INFO] [1790744883.477125154] [exploration]: v=+0.20 w=+0.00 | 直行 d=1.83
[INFO] [1790744883.576444262] [exploration]: v=+0.20 w=+0.00 | 直行 d=1.81
[INFO] [1790744883.676899755] [exploration]: v=+0.20 w=+0.00 | 直行 d=1.78
[INFO] [1790744883.877960028] [exploration]: v=+0.20 w=+0.00 | 直行 d=1.74
[INFO] [1790744883.978590011] [exploration]: v=+0.20 w=+0.00 | 直行 d=1.72
[INFO] [1790744884.078779424] [exploration]: v=+0.20 w=+0.00 | 直行 d=1.71
[INFO] [1790744884.177569929] [exploration]: v=+0.20 w=+0.00 | 直行 d=1.69
[INFO] [1790744884.276911971] [exploration]: v=+0.20 w=+0.00 | 直行 d=1.67
[INFO] [1790744884.378105907] [exploration]: v=+0.20 w=+0.00 | 直行 d=1.66
[INFO] [1790744884.477567810] [exploration]: v=+0.20 w=+0.00 | 直行 d=1.63
[INFO] [1790744884.577397942] [exploration]: v=+0.20 w=+0.00 | 直行 d=1.61
[INFO] [1790744884.677870737] [exploration]: v=+0.20 w=+0.00 | 直行 d=1.59
[INFO] [1790744884.778322175] [exploration]: v=+0.20 w=+0.00 | 直行 d=1.57
[INFO] [1790744884.879666248] [exploration]: v=+0.20 w=+0.00 | 直行 d=1.55
[INFO] [1790744884.978971624] [exploration]: v=+0.20 w=+0.00 | 直行 d=1.53
[INFO] [1790744885.078748555] [exploration]: v=+0.20 w=+0.00 | 直行 d=1.51
[INFO] [1790744885.179012064] [exploration]: v=+0.20 w=+0.00 | 直行 d=1.49
[INFO] [1790744885.279344705] [exploration]: v=+0.20 w=+0.00 | 直行 d=1.47
[INFO] [1790744885.379251583] [exploration]: v=+0.20 w=+0.00 | 直行 d=1.45
[INFO] [1790744885.479420940] [exploration]: v=+0.20 w=+0.00 | 直行 d=1.43
[INFO] [1790744885.580212648] [exploration]: v=+0.20 w=+0.00 | 直行 d=1.42
[INFO] [1790744885.679541229] [exploration]: v=+0.20 w=+0.00 | 直行 d=1.40
[INFO] [1790744885.778220731] [exploration]: v=+0.20 w=+0.00 | 直行 d=1.38
[INFO] [1790744885.879589890] [exploration]: v=+0.20 w=+0.00 | 直行 d=1.35
[INFO] [1790744885.979813919] [exploration]: v=+0.20 w=+0.00 | 直行 d=1.33
[INFO] [1790744886.081030066] [exploration]: v=+0.20 w=+0.00 | 直行 d=1.32
[INFO] [1790744886.181100191] [exploration]: v=+0.20 w=+0.00 | 直行 d=1.30
[INFO] [1790744886.280951965] [exploration]: v=+0.20 w=+0.00 | 直行 d=1.27
[INFO] [1790744886.380383448] [exploration]: v=+0.20 w=+0.00 | 直行 d=1.26
[INFO] [1790744886.481052940] [exploration]: v=+0.20 w=+0.00 | 直行 d=1.24
[INFO] [1790744886.580185101] [exploration]: v=+0.20 w=+0.00 | 直行 d=1.23
[INFO] [1790744886.680479332] [exploration]: v=+0.20 w=+0.00 | 直行 d=1.20
[INFO] [1790744886.781048477] [exploration]: v=+0.20 w=+0.00 | 直行 d=1.17
[INFO] [1790744886.881915590] [exploration]: v=+0.20 w=+0.00 | 直行 d=1.16
[INFO] [1790744886.982642825] [exploration]: v=+0.20 w=+0.00 | 直行 d=1.13
[INFO] [1790744887.082777116] [exploration]: v=+0.20 w=+0.00 | 直行 d=1.12
[INFO] [1790744887.182935980] [exploration]: v=+0.20 w=+0.00 | 直行 d=1.10
[INFO] [1790744887.282789169] [exploration]: v=+0.20 w=+0.00 | 直行 d=1.08
[INFO] [1790744887.383039269] [exploration]: v=+0.20 w=+0.00 | 直行 d=1.06
[INFO] [1790744887.484249159] [exploration]: v=+0.20 w=+0.00 | 直行 d=1.04
[INFO] [1790744887.583442664] [exploration]: v=+0.20 w=+0.00 | 直行 d=1.03
[INFO] [1790744887.682391048] [exploration]: v=+0.20 w=+0.00 | 直行 d=1.00
[INFO] [1790744887.783838247] [exploration]: v=+0.20 w=+0.00 | 直行 d=0.99
[INFO] [1790744887.883939856] [exploration]: v=+0.20 w=+0.00 | 直行 d=0.96
[INFO] [1790744887.985157287] [exploration]: v=+0.20 w=+0.00 | 直行 d=0.95
[INFO] [1790744888.084031379] [exploration]: v=+0.20 w=+0.00 | 直行 d=0.93
[INFO] [1790744888.183878220] [exploration]: v=+0.20 w=+0.00 | 直行 d=0.90
[INFO] [1790744888.284288631] [exploration]: v=+0.20 w=+0.00 | 直行 d=0.88
[INFO] [1790744888.383913751] [exploration]: v=+0.20 w=+0.00 | 直行 d=0.87
[INFO] [1790744888.484114624] [exploration]: v=+0.20 w=+0.00 | 直行 d=0.84
[INFO] [1790744888.584526355] [exploration]: v=+0.20 w=+0.00 | 直行 d=0.82
[INFO] [1790744888.685265707] [exploration]: v=+0.20 w=+0.00 | 直行 d=0.81
[INFO] [1790744888.784719894] [exploration]: v=+0.00 w=+0.50 | 左侧缺口 l=0.34 r=1.32
[INFO] [1790744888.884597632] [exploration]: v=+0.00 w=+0.50 | 转向中 front=0.15 目标>0.8
[INFO] [1790744888.984933611] [exploration]: v=+0.00 w=+0.50 | 转向中 front=0.13 目标>0.8
[INFO] [1790744889.085914660] [exploration]: v=+0.00 w=+0.50 | 转向中 front=0.14 目标>0.8
[INFO] [1790744889.286709830] [exploration]: v=+0.00 w=+0.50 | 转向中 front=0.13 目标>0.8
[INFO] [1790744889.386379410] [exploration]: v=+0.00 w=+0.50 | 转向中 front=0.14 目标>0.8
[INFO] [1790744889.586874082] [exploration]: v=+0.00 w=+0.50 | 转向中 front=0.79 目标>0.8
[INFO] [1790744889.685847627] [exploration]: v=+0.00 w=+0.50 | 转向中 front=0.14 目标>0.8
[INFO] [1790744889.785944662] [exploration]: v=+0.00 w=+0.00 | 转向完成，停稳 front=0.82
[INFO] [1790744889.887325474] [exploration]: v=+0.20 w=+0.00 | 直行 d=0.83
[INFO] [1790744890.088063531] [exploration]: v=+0.20 w=+0.00 | 直行 d=0.82
[INFO] [1790744890.187707930] [exploration]: v=+0.09 w=+0.00 | 减速 d=0.79
[INFO] [1790744890.288190361] [exploration]: v=+0.00 w=-0.50 | 转向，由于危险 d=0.13
[INFO] [1790744890.387942953] [exploration]: v=+0.00 w=-0.50 | 转向中 front=0.13 目标>0.8
[INFO] [1790744890.487256589] [exploration]: v=+0.00 w=-0.50 | 转向中 front=0.75 目标>0.8
[INFO] [1790744890.587547621] [exploration]: v=+0.00 w=-0.50 | 转向中 front=0.74 目标>0.8
[INFO] [1790744890.687730038] [exploration]: v=+0.00 w=-0.50 | 转向中 front=0.13 目标>0.8
[INFO] [1790744890.787959361] [exploration]: v=+0.00 w=-0.50 | 转向中 front=0.14 目标>0.8
[INFO] [1790744890.988735718] [exploration]: v=+0.00 w=-0.50 | 转向中 front=0.72 目标>0.8
[INFO] [1790744891.088838323] [exploration]: v=+0.00 w=-0.50 | 转向中 front=0.71 目标>0.8
[INFO] [1790744891.289674604] [exploration]: v=+0.00 w=-0.50 | 转向中 front=0.70 目标>0.8
[INFO] [1790744891.490883661] [exploration]: v=+0.00 w=-0.50 | 转向中 front=0.69 目标>0.8
[INFO] [1790744891.590195917] [exploration]: v=+0.00 w=-0.50 | 转向中 front=0.70 目标>0.8
[INFO] [1790744892.192798845] [exploration]: v=+0.00 w=-0.50 | 转向中 front=0.71 目标>0.8
[INFO] [1790744892.391071006] [exploration]: v=+0.00 w=-0.50 | 转向中 front=0.72 目标>0.8
[INFO] [1790744892.491241047] [exploration]: v=+0.00 w=-0.50 | 转向中 front=0.74 目标>0.8
[INFO] [1790744892.691778273] [exploration]: v=+0.00 w=-0.50 | 转向中 front=0.75 目标>0.8
[INFO] [1790744892.791852624] [exploration]: v=+0.00 w=-0.50 | 转向中 front=0.77 目标>0.8
[INFO] [1790744892.892079893] [exploration]: v=+0.00 w=-0.50 | 转向中 front=0.79 目标>0.8
[INFO] [1790744892.992118485] [exploration]: v=+0.00 w=+0.00 | 转向完成，停稳 front=0.82
[INFO] [1790744893.092309066] [exploration]: v=-0.08 w=+0.00 | 卡死：3.0s 内位移 < 0.05m，倒退脱困
[INFO] [1790744893.191979827] [exploration]: v=-0.08 w=+0.00 | 脱困：倒退
[INFO] [1790744895.095999631] [exploration]: v=+0.00 w=+0.00 | 脱困完成，停稳
[INFO] [1790744895.195619759] [exploration]: v=+0.00 w=-0.50 | 转向，由于危险 d=0.14
[INFO] [1790744895.295571343] [exploration]: v=+0.00 w=-0.50 | 转向中 front=0.13 目标>0.8
[INFO] [1790744895.395556515] [exploration]: v=+0.00 w=+0.00 | 转向完成，停稳 front=0.87
[INFO] [1790744895.496403643] [exploration]: v=+0.00 w=-0.50 | 转向，由于危险 d=0.16
[INFO] [1790744895.595990379] [exploration]: v=+0.00 w=-0.50 | 转向中 front=0.14 目标>0.8
[INFO] [1790744895.694816349] [exploration]: v=+0.00 w=-0.50 | 转向中 front=0.13 目标>0.8
[INFO] [1790744895.796470542] [exploration]: v=+0.00 w=+0.00 | 转向完成，停稳 front=0.87
[INFO] [1790744895.894760063] [exploration]: v=+0.00 w=-0.50 | 转向，由于危险 d=0.15
[INFO] [1790744895.996361540] [exploration]: v=+0.00 w=-0.50 | 转向中 front=0.15 目标>0.8
[INFO] [1790744896.097588827] [exploration]: v=+0.00 w=+0.00 | 转向完成，停稳 front=0.87
[INFO] [1790744896.196758696] [exploration]: v=+0.20 w=+0.00 | 直行 d=0.87
[INFO] [1790744896.297554598] [exploration]: v=+0.00 w=-0.50 | 转向，由于危险 d=0.13
[INFO] [1790744896.398315375] [exploration]: v=+0.00 w=+0.00 | 转向完成，停稳 front=1.22
[INFO] [1790744896.497502679] [exploration]: v=+0.00 w=+0.50 | 转向，由于危险 d=0.16
[INFO] [1790744896.598515838] [exploration]: v=+0.00 w=+0.50 | 转向中 front=0.13 目标>0.8
[INFO] [1790744896.697298145] [exploration]: v=+0.00 w=+0.00 | 转向完成，停稳 front=0.96
[INFO] [1790744896.797558596] [exploration]: v=+0.20 w=+0.00 | 直行 d=0.89
[INFO] [1790744896.898056499] [exploration]: v=+0.00 w=+0.50 | 转向，由于危险 d=0.16
[INFO] [1790744896.998685858] [exploration]: v=+0.00 w=+0.50 | 转向中 front=0.14 目标>0.8
[INFO] [1790744897.098534443] [exploration]: v=+0.00 w=+0.50 | 转向中 front=0.13 目标>0.8
[INFO] [1790744897.300338096] [exploration]: v=+0.00 w=+0.00 | 转向完成，停稳 front=0.97
[INFO] [1790744897.400523530] [exploration]: v=+0.00 w=+0.50 | 转向，由于危险 d=0.14
[INFO] [1790744897.499578865] [exploration]: v=+0.00 w=+0.00 | 转向完成，停稳 front=0.97
[INFO] [1790744897.599707968] [exploration]: v=+0.20 w=+0.00 | 直行 d=0.99
[INFO] [1790744897.698856360] [exploration]: v=+0.00 w=+0.50 | 转向，由于危险 d=0.14
[INFO] [1790744897.799425024] [exploration]: v=+0.00 w=+0.50 | 转向中 front=0.14 目标>0.8
[INFO] [1790744897.900313278] [exploration]: v=+0.00 w=+0.50 | 转向中 front=0.13 目标>0.8
[INFO] [1790744897.999470793] [exploration]: v=+0.00 w=+0.00 | 转向完成，停稳 front=0.88
[INFO] [1790744898.099996845] [exploration]: v=+0.00 w=+0.50 | 转向，由于危险 d=0.13
[INFO] [1790744898.200706062] [exploration]: v=-0.08 w=+0.00 | 卡死：3.0s 内位移 < 0.05m，倒退脱困
[INFO] [1790744898.300420739] [exploration]: v=-0.08 w=+0.00 | 脱困：倒退
[INFO] [1790744900.204995155] [exploration]: v=+0.00 w=+0.00 | 脱困完成，停稳
[INFO] [1790744900.305277958] [exploration]: v=+0.00 w=+0.00 | 转向完成，停稳 front=0.87
[INFO] [1790744900.406190878] [exploration]: v=+0.00 w=-0.50 | 转向，由于危险 d=0.13
[INFO] [1790744900.506633078] [exploration]: v=+0.00 w=-0.50 | 转向中 front=0.13 目标>0.8
[INFO] [1790744900.604972443] [exploration]: v=+0.00 w=+0.00 | 转向完成，停稳 front=0.87
[INFO] [1790744900.706034939] [exploration]: v=+0.00 w=-0.50 | 转向，由于危险 d=0.40
[INFO] [1790744900.806605340] [exploration]: v=+0.00 w=-0.50 | 转向中 front=0.14 目标>0.8
[INFO] [1790744901.006792738] [exploration]: v=+0.00 w=+0.00 | 转向完成，停稳 front=0.87
[INFO] [1790744901.106468479] [exploration]: v=+0.00 w=-0.50 | 转向，由于危险 d=0.14
[INFO] [1790744901.205881572] [exploration]: v=+0.00 w=-0.50 | 转向中 front=0.14 目标>0.8
[INFO] [1790744901.305692466] [exploration]: v=+0.00 w=+0.00 | 转向完成，停稳 front=0.87
[INFO] [1790744901.406180183] [exploration]: v=+0.20 w=+0.00 | 直行 d=0.87
[INFO] [1790744901.505778973] [exploration]: v=+0.00 w=-0.50 | 转向，由于危险 d=0.14
[INFO] [1790744901.606209445] [exploration]: v=+0.00 w=-0.50 | 转向中 front=0.13 目标>0.8
[INFO] [1790744901.806279951] [exploration]: v=+0.00 w=+0.00 | 转向完成，停稳 front=1.01
[INFO] [1790744901.906973197] [exploration]: v=+0.00 w=-0.50 | 转向，由于危险 d=0.13
[INFO] [1790744902.008017663] [exploration]: v=+0.00 w=-0.50 | 转向中 front=0.14 目标>0.8
[INFO] [1790744902.107771966] [exploration]: v=+0.00 w=+0.00 | 转向完成，停稳 front=0.88
[INFO] [1790744902.207524862] [exploration]: v=+0.00 w=-0.50 | 转向，由于危险 d=0.13
[INFO] [1790744902.308190323] [exploration]: v=+0.00 w=+0.00 | 转向完成，停稳 front=0.87
[INFO] [1790744902.408030818] [exploration]: v=+0.00 w=-0.50 | 转向，由于危险 d=0.13
[INFO] [1790744902.509033597] [exploration]: v=+0.00 w=-0.50 | 转向中 front=0.14 目标>0.8
[INFO] [1790744902.608862638] [exploration]: v=+0.00 w=+0.00 | 转向完成，停稳 front=0.87
[INFO] [1790744902.709706351] [exploration]: v=+0.00 w=-0.50 | 转向，由于危险 d=0.13
[INFO] [1790744902.810129449] [exploration]: v=+0.00 w=-0.50 | 转向中 front=0.14 目标>0.8
[INFO] [1790744902.910479651] [exploration]: v=+0.00 w=+0.00 | 转向完成，停稳 front=0.87
[INFO] [1790744903.010169958] [exploration]: v=+0.00 w=-0.50 | 转向，由于危险 d=0.14
[INFO] [1790744903.111180401] [exploration]: v=+0.00 w=-0.50 | 转向中 front=0.13 目标>0.8
[INFO] [1790744903.209929454] [exploration]: v=+0.00 w=-0.50 | 转向中 front=0.15 目标>0.8
[INFO] [1790744903.310076630] [exploration]: v=-0.08 w=+0.00 | 卡死：3.0s 内位移 < 0.05m，倒退脱困
[INFO] [1790744903.409592164] [exploration]: v=-0.08 w=+0.00 | 脱困：倒退
[INFO] [1790744905.312827659] [exploration]: v=+0.00 w=+0.00 | 脱困完成，停稳
[INFO] [1790744905.412414823] [exploration]: v=+0.00 w=-0.50 | 转向中 front=0.13 目标>0.8
[INFO] [1790744905.614560402] [exploration]: v=+0.00 w=+0.00 | 转向完成，停稳 front=0.87
[INFO] [1790744905.714818598] [exploration]: v=+0.00 w=-0.50 | 转向，由于危险 d=0.13
[INFO] [1790744905.813480043] [exploration]: v=+0.00 w=-0.50 | 转向中 front=0.13 目标>0.8
[INFO] [1790744905.912529320] [exploration]: v=+0.00 w=+0.00 | 转向完成，停稳 front=0.87
[INFO] [1790744906.014708919] [exploration]: v=+0.20 w=+0.00 | 直行 d=0.87
[INFO] [1790744906.115485798] [exploration]: v=+0.20 w=+0.00 | 直行 d=0.94
[INFO] [1790744906.215033755] [exploration]: v=+0.00 w=-0.50 | 转向，由于危险 d=0.13
[INFO] [1790744906.314924485] [exploration]: v=+0.00 w=-0.50 | 转向中 front=0.13 目标>0.8
[INFO] [1790744906.414212201] [exploration]: v=+0.00 w=-0.50 | 转向中 front=0.15 目标>0.8
[INFO] [1790744906.514854636] [exploration]: v=+0.00 w=-0.50 | 转向中 front=0.14 目标>0.8
[INFO] [1790744906.613816577] [exploration]: v=+0.00 w=+0.00 | 转向完成，停稳 front=0.98
[INFO] [1790744906.713882216] [exploration]: v=+0.00 w=-0.50 | 转向，由于危险 d=0.13
[INFO] [1790744906.815597941] [exploration]: v=+0.00 w=+0.00 | 转向完成，停稳 front=1.17
[INFO] [1790744906.915276733] [exploration]: v=+0.20 w=+0.00 | 直行 d=1.39
[INFO] [1790744907.015750481] [exploration]: v=+0.00 w=-0.50 | 转向，由于危险 d=0.13
[INFO] [1790744907.115848350] [exploration]: v=+0.00 w=-0.50 | 转向中 front=0.14 目标>0.8
[INFO] [1790744907.316116126] [exploration]: v=+0.00 w=-0.50 | 转向中 front=0.13 目标>0.8
[INFO] [1790744907.416309411] [exploration]: v=+0.00 w=-0.50 | 转向中 front=0.14 目标>0.8
[INFO] [1790744907.516128243] [exploration]: v=+0.00 w=-0.50 | 转向中 front=0.13 目标>0.8
[INFO] [1790744907.817048043] [exploration]: v=+0.00 w=+0.00 | 转向完成，停稳 front=1.58
[INFO] [1790744907.917441862] [exploration]: v=+0.00 w=-0.50 | 转向，由于危险 d=0.14
[INFO] [1790744908.017749525] [exploration]: v=+0.00 w=+0.00 | 转向完成，停稳 front=1.60
[INFO] [1790744908.118792785] [exploration]: v=+0.20 w=+0.00 | 直行 d=1.61
[INFO] [1790744908.219823821] [exploration]: v=+0.20 w=+0.00 | 直行 d=1.60
[INFO] [1790744908.320036845] [exploration]: v=+0.20 w=+0.00 | 直行 d=1.62
[INFO] [1790744908.420360672] [exploration]: v=+0.20 w=+0.00 | 直行 d=1.59
[INFO] [1790744908.619831864] [exploration]: v=+0.20 w=+0.00 | 直行 d=1.56
[INFO] [1790744908.719180411] [exploration]: v=+0.20 w=+0.00 | 直行 d=1.55
[INFO] [1790744908.819019093] [exploration]: v=+0.20 w=+0.00 | 直行 d=1.54
[INFO] [1790744908.917677412] [exploration]: v=+0.20 w=+0.00 | 直行 d=1.52
[INFO] [1790744909.020018859] [exploration]: v=+0.20 w=+0.00 | 直行 d=1.48
[INFO] [1790744909.219935997] [exploration]: v=+0.20 w=+0.00 | 直行 d=1.45
[INFO] [1790744909.420118472] [exploration]: v=+0.20 w=+0.00 | 直行 d=1.42
[INFO] [1790744909.520926704] [exploration]: v=+0.20 w=+0.00 | 直行 d=1.40
[INFO] [1790744909.621106407] [exploration]: v=+0.20 w=+0.00 | 直行 d=1.41
[INFO] [1790744909.733884922] [exploration]: v=+0.20 w=+0.00 | 直行 d=1.37
[INFO] [1790744909.824933352] [exploration]: v=+0.20 w=+0.00 | 直行 d=1.35
[INFO] [1790744909.924491349] [exploration]: v=+0.20 w=+0.00 | 直行 d=1.34
[INFO] [1790744910.024447000] [exploration]: v=+0.20 w=+0.00 | 直行 d=1.32
[INFO] [1790744910.122996984] [exploration]: v=+0.20 w=+0.00 | 直行 d=1.29
[INFO] [1790744910.323507858] [exploration]: v=+0.20 w=+0.00 | 直行 d=1.27
[INFO] [1790744910.423068630] [exploration]: v=+0.20 w=+0.00 | 直行 d=1.25
[INFO] [1790744910.521965072] [exploration]: v=+0.20 w=+0.00 | 直行 d=1.24
[INFO] [1790744910.622634707] [exploration]: v=+0.20 w=+0.00 | 直行 d=1.22
[INFO] [1790744910.722536735] [exploration]: v=+0.20 w=+0.00 | 直行 d=1.20
[INFO] [1790744910.923357461] [exploration]: v=+0.20 w=+0.00 | 直行 d=1.17
[INFO] [1790744911.023209129] [exploration]: v=+0.20 w=+0.00 | 直行 d=1.15
[INFO] [1790744911.223271895] [exploration]: v=+0.20 w=+0.00 | 直行 d=1.12
[INFO] [1790744911.324190307] [exploration]: v=+0.20 w=+0.00 | 直行 d=1.10
[INFO] [1790744911.425134624] [exploration]: v=+0.20 w=+0.00 | 直行 d=1.09
[INFO] [1790744911.524964905] [exploration]: v=+0.20 w=+0.00 | 直行 d=1.07
[INFO] [1790744911.624172100] [exploration]: v=+0.20 w=+0.00 | 直行 d=1.06
[INFO] [1790744911.724713597] [exploration]: v=+0.20 w=+0.00 | 直行 d=1.03
[INFO] [1790744911.823860470] [exploration]: v=+0.20 w=+0.00 | 直行 d=1.02
[INFO] [1790744911.924484979] [exploration]: v=+0.20 w=+0.00 | 直行 d=1.00
[INFO] [1790744912.025515041] [exploration]: v=+0.20 w=+0.00 | 直行 d=0.99
[INFO] [1790744912.125314782] [exploration]: v=+0.20 w=+0.00 | 直行 d=0.97
[INFO] [1790744912.226644981] [exploration]: v=+0.20 w=+0.00 | 直行 d=0.95
[INFO] [1790744912.326758718] [exploration]: v=+0.20 w=+0.00 | 直行 d=0.94
[INFO] [1790744912.426940416] [exploration]: v=+0.20 w=+0.00 | 直行 d=0.93
[INFO] [1790744912.525967189] [exploration]: v=+0.20 w=+0.00 | 直行 d=0.90
[INFO] [1790744912.626906759] [exploration]: v=+0.20 w=+0.00 | 直行 d=0.89
[INFO] [1790744912.726481904] [exploration]: v=+0.20 w=+0.00 | 直行 d=0.86
[INFO] [1790744912.826017858] [exploration]: v=+0.20 w=+0.00 | 直行 d=0.85
[INFO] [1790744912.926637413] [exploration]: v=+0.20 w=+0.00 | 直行 d=0.82
[INFO] [1790744913.027231268] [exploration]: v=+0.20 w=+0.00 | 直行 d=0.81
[INFO] [1790744913.126585487] [exploration]: v=+0.20 w=+0.00 | 直行 d=0.80
[INFO] [1790744913.226566765] [exploration]: v=+0.08 w=+0.00 | 减速 d=0.78
[INFO] [1790744913.327394468] [exploration]: v=+0.00 w=-0.50 | 转向，由于危险 d=0.14
[INFO] [1790744913.428066071] [exploration]: v=+0.00 w=-0.50 | 转向中 front=0.76 目标>0.8
[INFO] [1790744913.526854979] [exploration]: v=+0.00 w=-0.50 | 转向中 front=0.13 目标>0.8
[INFO] [1790744913.627641501] [exploration]: v=+0.00 w=-0.50 | 转向中 front=0.79 目标>0.8
[INFO] [1790744913.727557886] [exploration]: v=+0.00 w=-0.50 | 转向中 front=0.14 目标>0.8
[INFO] [1790744913.927195197] [exploration]: v=+0.00 w=+0.00 | 转向完成，停稳 front=0.88
[INFO] [1790744914.027481507] [exploration]: v=+0.00 w=-0.50 | 转向，由于危险 d=0.13
[INFO] [1790744914.127853736] [exploration]: v=+0.00 w=+0.00 | 转向完成，停稳 front=0.90
[INFO] [1790744914.229077388] [exploration]: v=+0.20 w=+0.00 | 直行 d=0.93
[INFO] [1790744914.328492190] [exploration]: v=+0.20 w=+0.00 | 直行 d=0.92
[INFO] [1790744914.429718866] [exploration]: v=+0.20 w=+0.00 | 直行 d=0.91
[INFO] [1790744914.630226477] [exploration]: v=+0.20 w=+0.00 | 直行 d=0.90
[INFO] [1790744914.730192442] [exploration]: v=+0.20 w=+0.00 | 直行 d=0.87
[INFO] [1790744914.830736850] [exploration]: v=+0.20 w=+0.00 | 直行 d=0.86
[INFO] [1790744914.929754659] [exploration]: v=+0.20 w=+0.00 | 直行 d=0.82
[INFO] [1790744915.030097088] [exploration]: v=+0.20 w=+0.00 | 直行 d=0.84
[INFO] [1790744915.129314618] [exploration]: v=+0.09 w=+0.00 | 减速 d=0.79
[INFO] [1790744915.229800307] [exploration]: v=+0.00 w=-0.50 | 转向，由于危险 d=0.13
[INFO] [1790744915.331009857] [exploration]: v=+0.00 w=-0.50 | 转向中 front=0.14 目标>0.8
[INFO] [1790744915.530492094] [exploration]: v=+0.00 w=+0.00 | 转向完成，停稳 front=1.07
[INFO] [1790744915.629997505] [exploration]: v=+0.00 w=-0.50 | 转向，由于危险 d=0.13
[INFO] [1790744915.730334834] [exploration]: v=+0.00 w=+0.00 | 转向完成，停稳 front=2.24
[INFO] [1790744915.830529649] [exploration]: v=+0.00 w=-0.50 | 转向，由于危险 d=0.13
[INFO] [1790744915.931752019] [exploration]: v=+0.00 w=+0.00 | 转向完成，停稳 front=3.40
[INFO] [1790744916.032277900] [exploration]: v=+0.20 w=+0.00 | 开阔（有效回波太少）
[INFO] [1790744916.632322848] [exploration]: v=+0.20 w=+0.00 | 直行 d=3.49
[INFO] [1790744916.832687263] [exploration]: v=+0.20 w=+0.00 | 直行 d=3.46
[INFO] [1790744917.032934434] [exploration]: v=+0.20 w=+0.00 | 直行 d=3.44
[INFO] [1790744917.132897784] [exploration]: v=+0.20 w=+0.00 | 直行 d=3.43
[INFO] [1790744917.233509267] [exploration]: v=+0.20 w=+0.00 | 直行 d=3.41
[INFO] [1790744917.434270153] [exploration]: v=+0.20 w=+0.00 | 直行 d=3.40
[INFO] [1790744917.533975212] [exploration]: v=+0.20 w=+0.00 | 直行 d=3.39
[INFO] [1790744917.634135771] [exploration]: v=+0.20 w=+0.00 | 直行 d=3.38
[INFO] [1790744917.734043165] [exploration]: v=+0.20 w=+0.00 | 直行 d=3.35
[INFO] [1790744917.834901742] [exploration]: v=+0.20 w=+0.00 | 直行 d=3.37
[INFO] [1790744917.933394730] [exploration]: v=+0.20 w=+0.00 | 直行 d=3.32
[INFO] [1790744918.034666653] [exploration]: v=+0.20 w=+0.00 | 直行 d=3.33
[INFO] [1790744918.134472311] [exploration]: v=+0.20 w=+0.00 | 直行 d=3.31
[INFO] [1790744918.234728197] [exploration]: v=+0.20 w=+0.00 | 直行 d=3.30
[INFO] [1790744918.435602124] [exploration]: v=+0.20 w=+0.00 | 直行 d=3.27
[INFO] [1790744918.734931023] [exploration]: v=+0.20 w=+0.00 | 直行 d=3.26
[INFO] [1790744918.835280409] [exploration]: v=+0.20 w=+0.00 | 直行 d=3.24
[INFO] [1790744918.935323661] [exploration]: v=+0.20 w=+0.00 | 直行 d=3.22
[INFO] [1790744919.035081401] [exploration]: v=+0.20 w=+0.00 | 直行 d=3.21
[INFO] [1790744919.136186971] [exploration]: v=+0.20 w=+0.00 | 直行 d=3.19
[INFO] [1790744919.235107997] [exploration]: v=+0.20 w=+0.00 | 直行 d=3.20
[INFO] [1790744919.336803773] [exploration]: v=+0.20 w=+0.00 | 直行 d=3.17
[INFO] [1790744919.537150219] [exploration]: v=+0.20 w=+0.00 | 直行 d=3.15
[INFO] [1790744919.738245038] [exploration]: v=+0.20 w=+0.00 | 直行 d=3.19
[INFO] [1790744919.838440061] [exploration]: v=+0.20 w=+0.00 | 直行 d=3.21
[INFO] [1790744919.937818484] [exploration]: v=+0.20 w=+0.00 | 直行 d=3.19
[INFO] [1790744920.038571823] [exploration]: v=+0.20 w=+0.00 | 直行 d=3.18
[INFO] [1790744920.137381763] [exploration]: v=+0.20 w=+0.00 | 直行 d=3.16
[INFO] [1790744920.238856475] [exploration]: v=+0.20 w=+0.00 | 直行 d=3.14
[INFO] [1790744920.337738060] [exploration]: v=+0.20 w=+0.00 | 直行 d=3.22
[INFO] [1790744920.438172019] [exploration]: v=+0.20 w=+0.00 | 直行 d=3.21
[INFO] [1790744920.539000170] [exploration]: v=+0.20 w=+0.00 | 直行 d=3.20
[INFO] [1790744920.639231164] [exploration]: v=+0.20 w=+0.00 | 直行 d=3.18
[INFO] [1790744920.739386326] [exploration]: v=+0.20 w=+0.00 | 直行 d=3.20
[INFO] [1790744920.837929604] [exploration]: v=+0.20 w=+0.00 | 直行 d=3.14
[INFO] [1790744920.939736653] [exploration]: v=+0.20 w=+0.00 | 直行 d=3.24
[INFO] [1790744921.039394979] [exploration]: v=+0.20 w=+0.00 | 直行 d=3.22
[INFO] [1790744921.138904603] [exploration]: v=+0.20 w=+0.00 | 直行 d=3.19
[INFO] [1790744921.239530989] [exploration]: v=+0.20 w=+0.00 | 直行 d=3.18
[INFO] [1790744921.338987685] [exploration]: v=+0.20 w=+0.00 | 直行 d=3.16
[INFO] [1790744921.439392788] [exploration]: v=+0.20 w=+0.00 | 直行 d=3.12
[INFO] [1790744921.539051776] [exploration]: v=+0.20 w=+0.00 | 直行 d=3.09
[INFO] [1790744921.639610994] [exploration]: v=+0.20 w=+0.00 | 直行 d=3.08
[INFO] [1790744921.739735795] [exploration]: v=+0.20 w=+0.00 | 直行 d=3.07
[INFO] [1790744921.939772119] [exploration]: v=+0.20 w=+0.00 | 直行 d=3.03
[INFO] [1790744922.039574045] [exploration]: v=+0.20 w=+0.00 | 直行 d=3.01
[INFO] [1790744922.140203462] [exploration]: v=+0.20 w=+0.00 | 直行 d=2.98
[INFO] [1790744922.241559640] [exploration]: v=+0.20 w=+0.00 | 直行 d=2.99
[INFO] [1790744922.341151121] [exploration]: v=+0.20 w=+0.00 | 直行 d=2.98
[INFO] [1790744922.441276674] [exploration]: v=+0.20 w=+0.00 | 直行 d=2.95
[INFO] [1790744922.542004477] [exploration]: v=+0.20 w=+0.00 | 直行 d=2.93
[INFO] [1790744922.641393886] [exploration]: v=+0.20 w=+0.00 | 直行 d=2.91
[INFO] [1790744922.842276815] [exploration]: v=+0.20 w=+0.00 | 直行 d=2.89
[INFO] [1790744922.942238400] [exploration]: v=+0.20 w=+0.00 | 直行 d=2.87
[INFO] [1790744923.043503290] [exploration]: v=+0.20 w=+0.00 | 直行 d=2.84
[INFO] [1790744923.142340818] [exploration]: v=+0.20 w=+0.00 | 直行 d=2.83
[INFO] [1790744923.243529907] [exploration]: v=+0.20 w=+0.00 | 直行 d=2.80
[INFO] [1790744923.343224640] [exploration]: v=+0.20 w=+0.00 | 直行 d=2.79
[INFO] [1790744923.443112613] [exploration]: v=+0.20 w=+0.00 | 直行 d=2.76
[INFO] [1790744923.543482712] [exploration]: v=+0.20 w=+0.00 | 直行 d=2.75
[INFO] [1790744923.643413981] [exploration]: v=+0.20 w=+0.00 | 直行 d=2.72
[INFO] [1790744923.845601731] [exploration]: v=+0.20 w=+0.00 | 直行 d=2.68
[INFO] [1790744923.945571591] [exploration]: v=+0.20 w=+0.00 | 直行 d=2.66
[INFO] [1790744924.044996317] [exploration]: v=+0.20 w=+0.00 | 直行 d=2.67
[INFO] [1790744924.144587245] [exploration]: v=+0.20 w=+0.00 | 直行 d=2.63
[INFO] [1790744924.245122919] [exploration]: v=+0.20 w=+0.00 | 直行 d=2.61
[INFO] [1790744924.444669758] [exploration]: v=+0.20 w=+0.00 | 直行 d=2.56
[INFO] [1790744924.545805131] [exploration]: v=+0.20 w=+0.00 | 直行 d=2.57
[INFO] [1790744924.646125418] [exploration]: v=+0.20 w=+0.00 | 直行 d=2.53
[INFO] [1790744924.745486626] [exploration]: v=+0.20 w=+0.00 | 直行 d=2.52
[INFO] [1790744924.845122472] [exploration]: v=+0.20 w=+0.00 | 直行 d=2.50
[INFO] [1790744924.945126048] [exploration]: v=+0.20 w=+0.00 | 直行 d=2.48
[INFO] [1790744925.045080562] [exploration]: v=+0.20 w=+0.00 | 直行 d=2.45
[INFO] [1790744925.245654359] [exploration]: v=+0.20 w=+0.00 | 直行 d=2.41
[INFO] [1790744925.346547890] [exploration]: v=+0.20 w=+0.00 | 直行 d=2.40
[INFO] [1790744925.445535014] [exploration]: v=+0.20 w=+0.00 | 直行 d=2.39
[INFO] [1790744925.545991461] [exploration]: v=+0.20 w=+0.00 | 直行 d=2.37
[INFO] [1790744925.647697933] [exploration]: v=+0.20 w=+0.00 | 直行 d=2.35
[INFO] [1790744925.747301840] [exploration]: v=+0.20 w=+0.00 | 直行 d=2.32
[INFO] [1790744925.846152813] [exploration]: v=+0.20 w=+0.00 | 直行 d=2.30
[INFO] [1790744925.947307685] [exploration]: v=+0.20 w=+0.00 | 直行 d=2.27
[INFO] [1790744926.047721513] [exploration]: v=+0.20 w=+0.00 | 直行 d=2.26
[INFO] [1790744926.147984198] [exploration]: v=+0.20 w=+0.00 | 直行 d=2.24
[INFO] [1790744926.248065444] [exploration]: v=+0.20 w=+0.00 | 直行 d=2.20
[INFO] [1790744926.449395715] [exploration]: v=+0.20 w=+0.00 | 直行 d=2.18
[INFO] [1790744926.549063822] [exploration]: v=+0.20 w=+0.00 | 直行 d=2.16
[INFO] [1790744926.649230720] [exploration]: v=+0.20 w=+0.00 | 直行 d=2.15
[INFO] [1790744926.750221789] [exploration]: v=+0.20 w=+0.00 | 直行 d=2.12
[INFO] [1790744926.849247920] [exploration]: v=+0.20 w=+0.00 | 直行 d=2.08
[INFO] [1790744927.047831499] [exploration]: v=+0.20 w=+0.00 | 直行 d=2.05
[INFO] [1790744927.150118279] [exploration]: v=+0.20 w=+0.00 | 直行 d=2.03
[INFO] [1790744927.247913221] [exploration]: v=+0.20 w=+0.00 | 直行 d=2.02
[INFO] [1790744927.349020313] [exploration]: v=+0.20 w=+0.00 | 直行 d=1.98
[INFO] [1790744927.550072076] [exploration]: v=+0.20 w=+0.00 | 直行 d=1.95
[INFO] [1790744927.650275120] [exploration]: v=+0.20 w=+0.00 | 直行 d=1.93
[INFO] [1790744927.750883529] [exploration]: v=+0.20 w=+0.00 | 直行 d=1.91
[INFO] [1790744927.850946492] [exploration]: v=+0.20 w=+0.00 | 直行 d=1.90
[INFO] [1790744927.951612352] [exploration]: v=+0.20 w=+0.00 | 直行 d=1.86
[INFO] [1790744928.150663618] [exploration]: v=+0.20 w=+0.00 | 直行 d=1.83
[INFO] [1790744928.251628772] [exploration]: v=+0.20 w=+0.00 | 直行 d=1.82
[INFO] [1790744928.351484670] [exploration]: v=+0.20 w=+0.00 | 直行 d=1.80
[INFO] [1790744928.452245867] [exploration]: v=+0.20 w=+0.00 | 直行 d=1.76
[INFO] [1790744928.551927885] [exploration]: v=+0.20 w=+0.00 | 直行 d=1.75
[INFO] [1790744928.651093546] [exploration]: v=+0.20 w=+0.00 | 直行 d=1.74
[INFO] [1790744928.753184017] [exploration]: v=+0.20 w=+0.00 | 直行 d=1.72
[INFO] [1790744928.853737233] [exploration]: v=+0.20 w=+0.00 | 直行 d=1.69
[INFO] [1790744928.952909717] [exploration]: v=+0.20 w=+0.00 | 直行 d=1.68
[INFO] [1790744929.053804881] [exploration]: v=+0.20 w=+0.00 | 直行 d=1.65
[INFO] [1790744929.153033255] [exploration]: v=+0.20 w=+0.00 | 直行 d=1.63
[INFO] [1790744929.252772535] [exploration]: v=+0.20 w=+0.00 | 直行 d=1.62
[INFO] [1790744929.353882941] [exploration]: v=+0.20 w=+0.00 | 直行 d=1.58
[INFO] [1790744929.553603614] [exploration]: v=+0.20 w=+0.00 | 直行 d=1.56
[INFO] [1790744929.655288522] [exploration]: v=+0.20 w=+0.00 | 直行 d=1.54
[INFO] [1790744929.754459515] [exploration]: v=+0.20 w=+0.00 | 直行 d=1.52
[INFO] [1790744929.855488601] [exploration]: v=+0.20 w=+0.00 | 直行 d=1.51
[INFO] [1790744929.954777623] [exploration]: v=+0.20 w=+0.00 | 直行 d=1.48
[INFO] [1790744930.055172636] [exploration]: v=+0.20 w=+0.00 | 直行 d=1.46
[INFO] [1790744930.155784821] [exploration]: v=+0.20 w=+0.00 | 直行 d=1.44
[INFO] [1790744930.256221465] [exploration]: v=+0.20 w=+0.00 | 直行 d=1.42
[INFO] [1790744930.354536898] [exploration]: v=+0.20 w=+0.00 | 直行 d=1.40
[INFO] [1790744930.454737389] [exploration]: v=+0.20 w=+0.00 | 直行 d=1.39
[INFO] [1790744930.555874617] [exploration]: v=+0.20 w=+0.00 | 直行 d=1.37
[INFO] [1790744930.656028331] [exploration]: v=+0.20 w=+0.00 | 直行 d=1.35
[INFO] [1790744930.755605614] [exploration]: v=+0.20 w=+0.00 | 直行 d=1.33
[INFO] [1790744930.855354668] [exploration]: v=+0.20 w=+0.00 | 直行 d=1.30
[INFO] [1790744931.055569828] [exploration]: v=+0.20 w=+0.00 | 直行 d=1.27
[INFO] [1790744931.155899370] [exploration]: v=+0.20 w=+0.00 | 直行 d=1.26
[INFO] [1790744931.255794350] [exploration]: v=+0.20 w=+0.00 | 直行 d=1.22
[INFO] [1790744931.356699319] [exploration]: v=+0.20 w=+0.00 | 直行 d=1.21
[INFO] [1790744931.456650912] [exploration]: v=+0.20 w=+0.00 | 直行 d=1.20
[INFO] [1790744931.558540220] [exploration]: v=+0.20 w=+0.00 | 直行 d=1.19
[INFO] [1790744931.657557238] [exploration]: v=+0.20 w=+0.00 | 直行 d=1.15
[INFO] [1790744931.757280600] [exploration]: v=+0.20 w=+0.00 | 直行 d=1.14
[INFO] [1790744931.857427756] [exploration]: v=+0.20 w=+0.00 | 直行 d=1.12
[INFO] [1790744931.958557782] [exploration]: v=+0.20 w=+0.00 | 直行 d=1.10
[INFO] [1790744932.057884022] [exploration]: v=+0.20 w=+0.00 | 直行 d=1.09
[INFO] [1790744932.157876054] [exploration]: v=+0.20 w=+0.00 | 直行 d=1.06
[INFO] [1790744932.258141330] [exploration]: v=+0.20 w=+0.00 | 直行 d=1.05
[INFO] [1790744932.359498768] [exploration]: v=+0.20 w=+0.00 | 直行 d=1.02
[INFO] [1790744932.459034842] [exploration]: v=+0.20 w=+0.00 | 直行 d=1.01
[INFO] [1790744932.558956439] [exploration]: v=+0.20 w=+0.00 | 直行 d=0.98
[INFO] [1790744932.659555375] [exploration]: v=+0.20 w=+0.00 | 直行 d=0.96
[INFO] [1790744932.758664088] [exploration]: v=+0.20 w=+0.00 | 直行 d=0.95
[INFO] [1790744932.860041420] [exploration]: v=+0.20 w=+0.00 | 直行 d=0.93
[INFO] [1790744932.959797084] [exploration]: v=+0.20 w=+0.00 | 直行 d=0.91
[INFO] [1790744933.059299933] [exploration]: v=+0.20 w=+0.00 | 直行 d=0.89
[INFO] [1790744933.159332061] [exploration]: v=+0.20 w=+0.00 | 直行 d=0.88
[INFO] [1790744933.259505830] [exploration]: v=+0.20 w=+0.00 | 直行 d=0.85
[INFO] [1790744933.360971474] [exploration]: v=+0.20 w=+0.00 | 直行 d=0.84
[INFO] [1790744933.460414430] [exploration]: v=+0.20 w=+0.00 | 直行 d=0.81
[INFO] [1790744933.560473403] [exploration]: v=+0.09 w=+0.00 | 减速 d=0.80
[INFO] [1790744933.659990544] [exploration]: v=+0.00 w=-0.50 | 转向，由于危险 d=0.14
[INFO] [1790744933.760286014] [exploration]: v=+0.00 w=-0.50 | 转向中 front=0.76 目标>0.8
[INFO] [1790744933.860891635] [exploration]: v=+0.00 w=-0.50 | 转向中 front=0.13 目标>0.8
[INFO] [1790744933.960193739] [exploration]: v=+0.00 w=-0.50 | 转向中 front=0.74 目标>0.8
[INFO] [1790744934.161592133] [exploration]: v=+0.00 w=-0.50 | 转向中 front=0.75 目标>0.8
[INFO] [1790744934.262078168] [exploration]: v=+0.00 w=-0.50 | 转向中 front=0.72 目标>0.8
[INFO] [1790744934.361618233] [exploration]: v=+0.00 w=-0.50 | 转向中 front=0.75 目标>0.8
[INFO] [1790744935.062794578] [exploration]: v=+0.00 w=-0.50 | 转向中 front=0.77 目标>0.8
[INFO] [1790744935.163198198] [exploration]: v=+0.00 w=-0.50 | 转向中 front=0.76 目标>0.8
[INFO] [1790744935.264226397] [exploration]: v=+0.00 w=-0.50 | 转向中 front=0.78 目标>0.8
[INFO] [1790744935.363737098] [exploration]: v=+0.00 w=+0.00 | 转向完成，停稳 front=1.57
[INFO] [1790744935.463481016] [exploration]: v=+0.20 w=+0.00 | 直行 d=1.55
[INFO] [1790744935.563061789] [exploration]: v=+0.20 w=+0.00 | 直行 d=1.56
[INFO] [1790744935.662996547] [exploration]: v=+0.20 w=+0.00 | 直行 d=1.55
[INFO] [1790744935.763913566] [exploration]: v=+0.20 w=+0.00 | 直行 d=1.54
[INFO] [1790744935.863916709] [exploration]: v=+0.20 w=+0.00 | 直行 d=1.53
[INFO] [1790744935.964179190] [exploration]: v=+0.20 w=+0.00 | 直行 d=1.51
[INFO] [1790744936.064644999] [exploration]: v=+0.20 w=+0.00 | 直行 d=1.48
[INFO] [1790744936.165537878] [exploration]: v=+0.20 w=+0.00 | 直行 d=1.49
[INFO] [1790744936.264589220] [exploration]: v=+0.20 w=+0.00 | 直行 d=1.46
[INFO] [1790744936.364610193] [exploration]: v=+0.20 w=+0.00 | 直行 d=1.44
[INFO] [1790744936.464886759] [exploration]: v=+0.20 w=+0.00 | 直行 d=1.43
[INFO] [1790744936.564102901] [exploration]: v=+0.20 w=+0.00 | 直行 d=1.42
[INFO] [1790744936.665141414] [exploration]: v=+0.20 w=+0.00 | 直行 d=1.39
[INFO] [1790744936.765880789] [exploration]: v=+0.20 w=+0.00 | 直行 d=1.38
[INFO] [1790744936.865884503] [exploration]: v=+0.20 w=+0.00 | 直行 d=1.37
[INFO] [1790744936.965455982] [exploration]: v=+0.20 w=+0.00 | 直行 d=1.36
[INFO] [1790744937.065965929] [exploration]: v=+0.20 w=+0.00 | 直行 d=1.34
[INFO] [1790744937.166918097] [exploration]: v=+0.20 w=+0.00 | 直行 d=1.35
[INFO] [1790744937.266526728] [exploration]: v=+0.20 w=+0.00 | 直行 d=1.31
[INFO] [1790744937.366729153] [exploration]: v=+0.20 w=+0.00 | 直行 d=1.29
[INFO] [1790744937.566330609] [exploration]: v=+0.20 w=+0.00 | 直行 d=1.26
[INFO] [1790744937.866768590] [exploration]: v=+0.20 w=+0.00 | 直行 d=1.22
[INFO] [1790744937.966926709] [exploration]: v=+0.20 w=+0.00 | 直行 d=1.21
[INFO] [1790744938.068290061] [exploration]: v=+0.20 w=+0.00 | 直行 d=1.19
[INFO] [1790744938.167686727] [exploration]: v=+0.20 w=+0.00 | 直行 d=1.17
[INFO] [1790744938.369098249] [exploration]: v=+0.20 w=+0.00 | 直行 d=1.15
[INFO] [1790744938.467931558] [exploration]: v=+0.20 w=+0.00 | 直行 d=1.14
[INFO] [1790744938.569316593] [exploration]: v=+0.20 w=+0.00 | 直行 d=1.11
[INFO] [1790744938.770671792] [exploration]: v=+0.20 w=+0.00 | 直行 d=1.10
[INFO] [1790744938.869574895] [exploration]: v=+0.20 w=+0.00 | 直行 d=1.07
[INFO] [1790744938.970115841] [exploration]: v=+0.20 w=+0.00 | 直行 d=1.06
[INFO] [1790744939.069623986] [exploration]: v=+0.20 w=+0.00 | 直行 d=1.03
[INFO] [1790744939.169334590] [exploration]: v=+0.20 w=+0.00 | 直行 d=1.02
[INFO] [1790744939.269215845] [exploration]: v=+0.20 w=+0.00 | 直行 d=1.00
[INFO] [1790744939.370141967] [exploration]: v=+0.20 w=+0.00 | 直行 d=0.98
[INFO] [1790744939.469764590] [exploration]: v=+0.20 w=+0.00 | 直行 d=0.99
[INFO] [1790744939.570965146] [exploration]: v=+0.20 w=+0.00 | 直行 d=0.96
[INFO] [1790744939.670091883] [exploration]: v=+0.20 w=+0.00 | 直行 d=0.95
[INFO] [1790744939.771613218] [exploration]: v=+0.20 w=+0.00 | 直行 d=0.93
[INFO] [1790744939.871713668] [exploration]: v=+0.20 w=+0.00 | 直行 d=0.90
[INFO] [1790744940.072323049] [exploration]: v=+0.20 w=+0.00 | 直行 d=0.91
[INFO] [1790744940.171479129] [exploration]: v=+0.20 w=+0.00 | 直行 d=0.88
[INFO] [1790744940.271910729] [exploration]: v=+0.20 w=+0.00 | 直行 d=0.86
[INFO] [1790744940.372456965] [exploration]: v=+0.20 w=+0.00 | 直行 d=0.83
[INFO] [1790744940.571749011] [exploration]: v=+0.09 w=+0.00 | 减速 d=0.80
[INFO] [1790744940.671896395] [exploration]: v=+0.00 w=-0.50 | 转向，由于危险 d=0.14
[INFO] [1790744940.771362699] [exploration]: v=+0.00 w=-0.50 | 转向中 front=0.78 目标>0.8
[INFO] [1790744940.871677051] [exploration]: v=+0.00 w=-0.50 | 转向中 front=0.15 目标>0.8
[INFO] [1790744940.972545314] [exploration]: v=+0.00 w=-0.50 | 转向中 front=0.69 目标>0.8
[INFO] [1790744941.072816976] [exploration]: v=+0.00 w=-0.50 | 转向中 front=0.68 目标>0.8
[INFO] [1790744941.173223061] [exploration]: v=+0.00 w=-0.50 | 转向中 front=0.16 目标>0.8
[INFO] [1790744941.273395738] [exploration]: v=+0.00 w=-0.50 | 转向中 front=0.64 目标>0.8
[INFO] [1790744941.374491439] [exploration]: v=+0.00 w=-0.50 | 转向中 front=0.61 目标>0.8
[INFO] [1790744941.474426242] [exploration]: v=+0.00 w=-0.50 | 转向中 front=0.59 目标>0.8
[INFO] [1790744941.574057706] [exploration]: v=+0.00 w=-0.50 | 转向中 front=0.58 目标>0.8
[INFO] [1790744941.673710707] [exploration]: v=+0.00 w=-0.50 | 转向中 front=0.56 目标>0.8
[INFO] [1790744941.775014270] [exploration]: v=+0.00 w=-0.50 | 转向中 front=0.55 目标>0.8
[INFO] [1790744941.872626520] [exploration]: v=+0.00 w=-0.50 | 转向中 front=0.53 目标>0.8
[INFO] [1790744941.973905263] [exploration]: v=+0.00 w=-0.50 | 转向中 front=0.52 目标>0.8
[INFO] [1790744942.173698041] [exploration]: v=+0.00 w=-0.50 | 转向中 front=0.51 目标>0.8
[INFO] [1790744942.273684818] [exploration]: v=+0.00 w=-0.50 | 转向中 front=0.50 目标>0.8
[INFO] [1790744942.674364325] [exploration]: v=+0.00 w=-0.50 | 转向中 front=0.49 目标>0.8
[INFO] [1790744943.476449995] [exploration]: v=-0.08 w=+0.00 | 卡死：3.0s 内位移 < 0.05m，倒退脱困
[INFO] [1790744943.577023776] [exploration]: v=-0.08 w=+0.00 | 脱困：倒退
[INFO] [1790744945.478765166] [exploration]: v=+0.00 w=+0.00 | 脱困完成，停稳
[INFO] [1790744945.578541190] [exploration]: v=+0.00 w=-0.50 | 转向中 front=0.63 目标>0.8
[INFO] [1790744945.779456561] [exploration]: v=+0.00 w=-0.50 | 转向中 front=0.14 目标>0.8
[INFO] [1790744945.879774207] [exploration]: v=+0.00 w=-0.50 | 转向中 front=0.13 目标>0.8
[INFO] [1790744945.979556315] [exploration]: v=+0.00 w=-0.50 | 转向中 front=0.64 目标>0.8
[INFO] [1790744946.079641766] [exploration]: v=+0.00 w=-0.50 | 转向中 front=0.13 目标>0.8
[INFO] [1790744946.180200413] [exploration]: v=+0.00 w=-0.50 | 转向中 front=0.64 目标>0.8
[INFO] [1790744946.280678440] [exploration]: v=+0.00 w=-0.50 | 转向中 front=0.14 目标>0.8
[INFO] [1790744946.481474313] [exploration]: v=+0.00 w=+0.00 | 转向完成，停稳 front=0.86
[INFO] [1790744946.580458781] [exploration]: v=+0.00 w=-0.50 | 转向，由于危险 d=0.13
[INFO] [1790744946.680409647] [exploration]: v=+0.00 w=+0.00 | 转向完成，停稳 front=0.87
[INFO] [1790744946.781565498] [exploration]: v=+0.20 w=+0.00 | 直行 d=0.88
[INFO] [1790744946.881075376] [exploration]: v=+0.20 w=+0.00 | 直行 d=0.93
[INFO] [1790744946.981534740] [exploration]: v=+0.00 w=-0.50 | 转向，由于危险 d=0.14
[INFO] [1790744947.081266785] [exploration]: v=+0.00 w=+0.00 | 转向完成，停稳 front=1.41
[INFO] [1790744947.182750457] [exploration]: v=+0.20 w=+0.00 | 直行 d=1.42
[INFO] [1790744947.381966821] [exploration]: v=+0.20 w=+0.00 | 直行 d=1.40
[INFO] [1790744947.482685265] [exploration]: v=+0.00 w=-0.50 | 转向，由于危险 d=0.15
[INFO] [1790744947.582759797] [exploration]: v=+0.00 w=-0.50 | 转向中 front=0.14 目标>0.8
[INFO] [1790744947.682033183] [exploration]: v=+0.00 w=+0.00 | 转向完成，停稳 front=1.37
[INFO] [1790744947.782148301] [exploration]: v=+0.00 w=-0.50 | 转向，由于危险 d=0.14
[INFO] [1790744947.881558909] [exploration]: v=+0.00 w=+0.00 | 转向完成，停稳 front=1.35
[INFO] [1790744947.982446336] [exploration]: v=+0.00 w=-0.50 | 转向，由于危险 d=0.40
[INFO] [1790744948.082650194] [exploration]: v=+0.00 w=-0.50 | 转向中 front=0.14 目标>0.8
[INFO] [1790744948.183806590] [exploration]: v=+0.00 w=+0.00 | 转向完成，停稳 front=1.47
[INFO] [1790744948.283793251] [exploration]: v=+0.20 w=+0.00 | 直行 d=1.51
[INFO] [1790744948.482406030] [exploration]: v=+0.20 w=+0.00 | 直行 d=1.49
[INFO] [1790744948.683606367] [exploration]: v=+0.20 w=+0.00 | 直行 d=1.47
[INFO] [1790744948.783986506] [exploration]: v=+0.20 w=+0.00 | 直行 d=1.44
[INFO] [1790744948.983890868] [exploration]: v=+0.20 w=+0.00 | 直行 d=1.42
[INFO] [1790744949.084816695] [exploration]: v=+0.20 w=+0.00 | 直行 d=1.40
[INFO] [1790744949.184971240] [exploration]: v=+0.20 w=+0.00 | 直行 d=1.37
[INFO] [1790744949.285140335] [exploration]: v=+0.20 w=+0.00 | 直行 d=1.35
[INFO] [1790744949.483937228] [exploration]: v=+0.20 w=+0.00 | 直行 d=1.32
[INFO] [1790744949.585200299] [exploration]: v=+0.20 w=+0.00 | 直行 d=1.30
[INFO] [1790744949.784048577] [exploration]: v=+0.20 w=+0.00 | 直行 d=1.28
[INFO] [1790744949.884239542] [exploration]: v=+0.20 w=+0.00 | 直行 d=1.26
[INFO] [1790744949.985094759] [exploration]: v=+0.20 w=+0.00 | 直行 d=1.25
[INFO] [1790744950.084906181] [exploration]: v=+0.20 w=+0.00 | 直行 d=1.23
[INFO] [1790744950.184749506] [exploration]: v=+0.20 w=+0.00 | 直行 d=1.21
[INFO] [1790744950.286216156] [exploration]: v=+0.20 w=+0.00 | 直行 d=1.18
[INFO] [1790744950.386190100] [exploration]: v=+0.20 w=+0.00 | 直行 d=1.17
[INFO] [1790744950.486098196] [exploration]: v=+0.20 w=+0.00 | 直行 d=1.15
[INFO] [1790744950.586266319] [exploration]: v=+0.20 w=+0.00 | 直行 d=1.14
[INFO] [1790744950.686305215] [exploration]: v=+0.20 w=+0.00 | 直行 d=1.13
[INFO] [1790744950.787026495] [exploration]: v=+0.20 w=+0.00 | 直行 d=1.10
[INFO] [1790744950.887190092] [exploration]: v=+0.20 w=+0.00 | 直行 d=1.08
[INFO] [1790744950.987030242] [exploration]: v=+0.20 w=+0.00 | 直行 d=1.06
[INFO] [1790744951.188088679] [exploration]: v=+0.20 w=+0.00 | 直行 d=1.03
[INFO] [1790744951.287790476] [exploration]: v=+0.20 w=+0.00 | 直行 d=1.02
[INFO] [1790744951.387636555] [exploration]: v=+0.20 w=+0.00 | 直行 d=1.01
[INFO] [1790744951.487455449] [exploration]: v=+0.20 w=+0.00 | 直行 d=0.99
[INFO] [1790744951.587843347] [exploration]: v=+0.20 w=+0.00 | 直行 d=0.97
[INFO] [1790744951.687380148] [exploration]: v=+0.20 w=+0.00 | 直行 d=0.96
[INFO] [1790744951.788348575] [exploration]: v=+0.20 w=+0.00 | 直行 d=0.94
[INFO] [1790744951.889476315] [exploration]: v=+0.20 w=+0.00 | 直行 d=0.91
[INFO] [1790744951.989742833] [exploration]: v=+0.20 w=+0.00 | 直行 d=0.89
[INFO] [1790744952.088867960] [exploration]: v=+0.20 w=+0.00 | 直行 d=0.88
[INFO] [1790744952.190071230] [exploration]: v=+0.20 w=+0.00 | 直行 d=0.87
[INFO] [1790744952.289557845] [exploration]: v=+0.20 w=+0.00 | 直行 d=0.85
[INFO] [1790744952.390059956] [exploration]: v=+0.20 w=+0.00 | 直行 d=0.84
[INFO] [1790744952.489335205] [exploration]: v=+0.20 w=+0.00 | 直行 d=0.82
[INFO] [1790744952.589481421] [exploration]: v=+0.09 w=+0.00 | 减速 d=0.80
[INFO] [1790744952.689388376] [exploration]: v=+0.00 w=-0.50 | 转向，由于危险 d=0.14
[INFO] [1790744952.790308427] [exploration]: v=+0.00 w=-0.50 | 转向中 front=0.14 目标>0.8
[INFO] [1790744952.890236919] [exploration]: v=+0.00 w=-0.50 | 转向中 front=0.78 目标>0.8
[INFO] [1790744952.989769249] [exploration]: v=+0.00 w=+0.00 | 转向完成，停稳 front=0.81
[INFO] [1790744953.091313163] [exploration]: v=+0.20 w=+0.00 | 直行 d=0.83
[INFO] [1790744953.191213433] [exploration]: v=+0.20 w=+0.00 | 直行 d=0.84
[INFO] [1790744953.290475883] [exploration]: v=+0.20 w=+0.00 | 直行 d=0.82
[INFO] [1790744953.390657135] [exploration]: v=+0.20 w=+0.00 | 直行 d=0.80
[INFO] [1790744953.590569399] [exploration]: v=+0.08 w=+0.00 | 减速 d=0.78
[INFO] [1790744953.689406278] [exploration]: v=+0.00 w=+0.50 | 转向，由于危险 d=0.13
[INFO] [1790744953.790018202] [exploration]: v=+0.00 w=+0.50 | 转向中 front=0.13 目标>0.8
[INFO] [1790744953.891871163] [exploration]: v=+0.00 w=+0.50 | 转向中 front=0.14 目标>0.8
[INFO] [1790744953.992063812] [exploration]: v=+0.00 w=+0.50 | 转向中 front=0.69 目标>0.8
[INFO] [1790744954.091647617] [exploration]: v=+0.00 w=+0.50 | 转向中 front=0.13 目标>0.8
[INFO] [1790744954.192623962] [exploration]: v=+0.00 w=+0.50 | 转向中 front=0.67 目标>0.8
[INFO] [1790744954.292266227] [exploration]: v=+0.00 w=+0.50 | 转向中 front=0.65 目标>0.8
[INFO] [1790744954.392309525] [exploration]: v=+0.00 w=+0.50 | 转向中 front=0.64 目标>0.8
[INFO] [1790744954.491552894] [exploration]: v=+0.00 w=+0.50 | 转向中 front=0.61 目标>0.8
[INFO] [1790744954.692723561] [exploration]: v=+0.00 w=+0.50 | 转向中 front=0.60 目标>0.8
[INFO] [1790744954.792583786] [exploration]: v=+0.00 w=+0.50 | 转向中 front=0.61 目标>0.8
[INFO] [1790744954.892734205] [exploration]: v=+0.00 w=+0.50 | 转向中 front=0.59 目标>0.8
[INFO] [1790744954.993432766] [exploration]: v=+0.00 w=+0.50 | 转向中 front=0.58 目标>0.8
[INFO] [1790744955.093615704] [exploration]: v=+0.00 w=+0.50 | 转向中 front=0.59 目标>0.8
[INFO] [1790744955.194257188] [exploration]: v=+0.00 w=+0.50 | 转向中 front=0.58 目标>0.8
[INFO] [1790744955.293309427] [exploration]: v=+0.00 w=+0.50 | 转向中 front=0.57 目标>0.8
[INFO] [1790744955.393930914] [exploration]: v=+0.00 w=+0.50 | 转向中 front=0.58 目标>0.8
[INFO] [1790744955.593417618] [exploration]: v=+0.00 w=+0.50 | 转向中 front=0.57 目标>0.8
[INFO] [1790744955.693550082] [exploration]: v=+0.00 w=+0.50 | 转向中 front=0.58 目标>0.8
[INFO] [1790744955.895927306] [exploration]: v=+0.00 w=+0.50 | 转向中 front=0.57 目标>0.8
[INFO] [1790744955.995024660] [exploration]: v=+0.00 w=+0.50 | 转向中 front=0.58 目标>0.8
[INFO] [1790744956.194686136] [exploration]: v=+0.00 w=+0.50 | 转向中 front=0.59 目标>0.8
[INFO] [1790744956.494978949] [exploration]: v=-0.08 w=+0.00 | 卡死：3.0s 内位移 < 0.05m，倒退脱困
[INFO] [1790744956.595934967] [exploration]: v=-0.08 w=+0.00 | 脱困：倒退
[INFO] [1790744958.496627109] [exploration]: v=+0.00 w=+0.00 | 脱困完成，停稳
[INFO] [1790744958.597400869] [exploration]: v=+0.00 w=+0.50 | 转向中 front=0.76 目标>0.8
[INFO] [1790744958.897681864] [exploration]: v=+0.00 w=+0.50 | 转向中 front=0.14 目标>0.8
[INFO] [1790744959.097374525] [exploration]: v=+0.00 w=+0.00 | 转向完成，停稳 front=0.82
[INFO] [1790744959.197792119] [exploration]: v=+0.20 w=+0.00 | 直行 d=0.80
[INFO] [1790744959.297439973] [exploration]: v=+0.09 w=+0.00 | 减速 d=0.80
[INFO] [1790744959.398682613] [exploration]: v=+0.09 w=+0.00 | 减速 d=0.79
[INFO] [1790744959.498237153] [exploration]: v=+0.08 w=+0.00 | 减速 d=0.78
[INFO] [1790744959.598885417] [exploration]: v=+0.08 w=+0.00 | 减速 d=0.77
[INFO] [1790744959.697540420] [exploration]: v=+0.08 w=+0.00 | 减速 d=0.78
[INFO] [1790744959.799472066] [exploration]: v=+0.08 w=+0.00 | 减速 d=0.74
[INFO] [1790744959.998779654] [exploration]: v=+0.08 w=+0.00 | 减速 d=0.75
[INFO] [1790744960.098587445] [exploration]: v=+0.07 w=+0.00 | 减速 d=0.73
[INFO] [1790744960.198611906] [exploration]: v=+0.07 w=+0.00 | 减速 d=0.74
[INFO] [1790744960.298143896] [exploration]: v=+0.07 w=+0.00 | 减速 d=0.72
[INFO] [1790744960.499300769] [exploration]: v=+0.07 w=+0.00 | 减速 d=0.71
[INFO] [1790744960.799466354] [exploration]: v=+0.07 w=+0.00 | 减速 d=0.70
[INFO] [1790744960.998657455] [exploration]: v=+0.06 w=+0.00 | 减速 d=0.69
[INFO] [1790744961.098901060] [exploration]: v=+0.06 w=+0.00 | 减速 d=0.68
[INFO] [1790744961.199395562] [exploration]: v=+0.06 w=+0.00 | 减速 d=0.67
[INFO] [1790744961.398887711] [exploration]: v=+0.06 w=+0.00 | 减速 d=0.68
[INFO] [1790744961.499944153] [exploration]: v=+0.06 w=+0.00 | 减速 d=0.67
[INFO] [1790744961.601062059] [exploration]: v=+0.06 w=+0.00 | 减速 d=0.66
[INFO] [1790744961.699695931] [exploration]: v=+0.05 w=+0.00 | 减速 d=0.64
[INFO] [1790744962.000329256] [exploration]: v=+0.05 w=+0.00 | 减速 d=0.62
[INFO] [1790744962.100985077] [exploration]: v=+0.05 w=+0.00 | 减速 d=0.63
[INFO] [1790744962.200290575] [exploration]: v=+0.05 w=+0.00 | 减速 d=0.62
[INFO] [1790744962.300689782] [exploration]: v=+0.05 w=+0.00 | 减速 d=0.63
[INFO] [1790744962.400717231] [exploration]: v=+0.05 w=+0.00 | 减速 d=0.62
[INFO] [1790744962.501356438] [exploration]: v=+0.05 w=+0.00 | 减速 d=0.63
[INFO] [1790744962.601730578] [exploration]: v=+0.05 w=+0.00 | 减速 d=0.61
[INFO] [1790744962.902024730] [exploration]: v=+0.05 w=+0.00 | 减速 d=0.60
[INFO] [1790744963.103775207] [exploration]: v=+0.05 w=+0.00 | 减速 d=0.59
[INFO] [1790744963.302355742] [exploration]: v=+0.05 w=+0.00 | 减速 d=0.58
[INFO] [1790744963.403444417] [exploration]: v=+0.05 w=+0.00 | 减速 d=0.57
[INFO] [1790744963.501978966] [exploration]: v=+0.05 w=+0.00 | 减速 d=0.59
[INFO] [1790744963.602201744] [exploration]: v=+0.05 w=+0.00 | 减速 d=0.58
[INFO] [1790744963.701472953] [exploration]: v=+0.05 w=+0.00 | 减速 d=0.57
[INFO] [1790744963.801805973] [exploration]: v=+0.05 w=+0.00 | 减速 d=0.56
[INFO] [1790744964.103219478] [exploration]: v=+0.05 w=+0.00 | 减速 d=0.55
[INFO] [1790744964.303759926] [exploration]: v=+0.05 w=+0.00 | 减速 d=0.54
[INFO] [1790744964.502928591] [exploration]: v=+0.05 w=+0.00 | 减速 d=0.53
[INFO] [1790744964.803712329] [exploration]: v=+0.05 w=+0.00 | 减速 d=0.52
[INFO] [1790744965.103837331] [exploration]: v=+0.05 w=+0.00 | 减速 d=0.51
[INFO] [1790744965.304363641] [exploration]: v=+0.05 w=+0.00 | 减速 d=0.50
[INFO] [1790744965.504832816] [exploration]: v=+0.05 w=+0.00 | 减速 d=0.48
[INFO] [1790744965.703738668] [exploration]: v=+0.05 w=+0.00 | 减速 d=0.49
[INFO] [1790744965.805061564] [exploration]: v=+0.05 w=+0.00 | 减速 d=0.48
[INFO] [1790744966.006500771] [exploration]: v=+0.05 w=+0.00 | 减速 d=0.47
[INFO] [1790744966.205334573] [exploration]: v=+0.05 w=+0.00 | 减速 d=0.46
[INFO] [1790744966.405628175] [exploration]: v=+0.05 w=+0.00 | 减速 d=0.45
[INFO] [1790744966.706109322] [exploration]: v=+0.05 w=+0.00 | 减速 d=0.44
[INFO] [1790744966.806813055] [exploration]: v=+0.05 w=+0.00 | 减速 d=0.43
[INFO] [1790744966.906862498] [exploration]: v=+0.05 w=+0.00 | 减速 d=0.42
[INFO] [1790744967.506429489] [exploration]: v=+0.00 w=+0.50 | 转向，由于危险 d=0.40
[INFO] [1790744967.607030847] [exploration]: v=+0.00 w=+0.50 | 转向中 front=0.14 目标>0.8
[INFO] [1790744968.007486800] [exploration]: v=+0.00 w=+0.50 | 转向中 front=0.35 目标>0.8
[INFO] [1790744968.107514243] [exploration]: v=+0.00 w=+0.50 | 转向中 front=0.34 目标>0.8
[INFO] [1790744968.207448846] [exploration]: v=+0.00 w=+0.50 | 转向中 front=0.32 目标>0.8
[INFO] [1790744968.308009037] [exploration]: v=+0.00 w=+0.50 | 转向中 front=0.13 目标>0.8
[INFO] [1790744968.407539392] [exploration]: v=+0.00 w=+0.50 | 转向中 front=0.14 目标>0.8
[INFO] [1790744968.507727035] [exploration]: v=+0.00 w=+0.50 | 转向中 front=0.13 目标>0.8
[INFO] [1790744968.607914537] [exploration]: v=+0.00 w=+0.50 | 转向中 front=0.14 目标>0.8
[INFO] [1790744968.708877487] [exploration]: v=+0.00 w=+0.50 | 转向中 front=0.31 目标>0.8
[INFO] [1790744968.807498609] [exploration]: v=+0.00 w=+0.50 | 转向中 front=0.13 目标>0.8
[INFO] [1790744969.109251301] [exploration]: v=+0.00 w=+0.50 | 转向中 front=0.30 目标>0.8
[INFO] [1790744969.209264748] [exploration]: v=+0.00 w=+0.50 | 转向中 front=0.14 目标>0.8
[INFO] [1790744969.309885077] [exploration]: v=+0.00 w=+0.50 | 转向中 front=0.15 目标>0.8
[INFO] [1790744969.409198731] [exploration]: v=+0.00 w=+0.50 | 转向中 front=0.31 目标>0.8
[INFO] [1790744969.509206452] [exploration]: v=+0.00 w=+0.50 | 转向中 front=0.14 目标>0.8
[INFO] [1790744969.609069877] [exploration]: v=+0.00 w=+0.50 | 转向中 front=0.29 目标>0.8
[INFO] [1790744969.708773959] [exploration]: v=+0.00 w=+0.50 | 转向中 front=0.14 目标>0.8
[INFO] [1790744969.808747815] [exploration]: v=+0.00 w=+0.50 | 转向中 front=0.13 目标>0.8
[INFO] [1790744969.911081790] [exploration]: v=+0.00 w=+0.50 | 转向中 front=0.30 目标>0.8
[INFO] [1790744970.010558830] [exploration]: v=+0.00 w=+0.50 | 转向中 front=0.32 目标>0.8
[INFO] [1790744970.109945636] [exploration]: v=+0.00 w=+0.50 | 转向中 front=0.13 目标>0.8
[INFO] [1790744970.210404502] [exploration]: v=+0.00 w=+0.50 | 转向中 front=0.33 目标>0.8
[INFO] [1790744970.309989863] [exploration]: v=+0.00 w=+0.50 | 转向中 front=0.14 目标>0.8
[INFO] [1790744970.410183077] [exploration]: v=+0.00 w=+0.50 | 转向中 front=0.13 目标>0.8
[INFO] [1790744970.510342134] [exploration]: v=+0.00 w=+0.50 | 转向中 front=0.35 目标>0.8
[INFO] [1790744970.612034503] [exploration]: v=+0.00 w=+0.50 | 转向中 front=0.36 目标>0.8
[INFO] [1790744970.711888699] [exploration]: v=+0.00 w=+0.50 | 转向中 front=0.38 目标>0.8
[INFO] [1790744970.811692828] [exploration]: v=+0.00 w=+0.50 | 转向中 front=0.39 目标>0.8
[INFO] [1790744970.911351167] [exploration]: v=+0.00 w=+0.50 | 转向中 front=0.40 目标>0.8
[INFO] [1790744971.011681360] [exploration]: v=+0.00 w=+0.50 | 转向中 front=0.13 目标>0.8
[INFO] [1790744971.211612491] [exploration]: v=+0.00 w=+0.50 | 转向中 front=0.14 目标>0.8
[INFO] [1790744971.311430892] [exploration]: v=+0.00 w=+0.00 | 转向完成，停稳 front=0.87
[INFO] [1790744971.412216638] [exploration]: v=+0.00 w=+0.50 | 转向，由于危险 d=0.14
[INFO] [1790744971.511540790] [exploration]: v=+0.00 w=+0.50 | 转向中 front=0.13 目标>0.8
[INFO] [1790744971.612590520] [exploration]: v=+0.00 w=+0.00 | 转向完成，停稳 front=0.87
[INFO] [1790744971.711429848] [exploration]: v=+0.20 w=+0.00 | 直行 d=0.87
[INFO] [1790744971.811983420] [exploration]: v=-0.08 w=+0.00 | 卡死：3.0s 内位移 < 0.05m，倒退脱困
[INFO] [1790744971.911874834] [exploration]: v=-0.08 w=+0.00 | 脱困：倒退
[INFO] [1790744973.814810310] [exploration]: v=+0.00 w=+0.00 | 脱困完成，停稳
[INFO] [1790744973.914539514] [exploration]: v=+0.00 w=+0.50 | 转向，由于危险 d=0.40
[INFO] [1790744974.014662502] [exploration]: v=+0.00 w=+0.50 | 转向中 front=0.16 目标>0.8
[INFO] [1790744974.116005137] [exploration]: v=+0.00 w=+0.50 | 转向中 front=0.13 目标>0.8
[INFO] [1790744974.216067039] [exploration]: v=+0.00 w=+0.50 | 转向中 front=0.14 目标>0.8
[INFO] [1790744974.416460761] [exploration]: v=+0.00 w=+0.00 | 转向完成，停稳 front=1.37
[INFO] [1790744974.516672684] [exploration]: v=+0.20 w=+0.00 | 直行 d=1.38
[INFO] [1790744974.717954455] [exploration]: v=+0.20 w=+0.00 | 直行 d=1.37
[INFO] [1790744974.817252414] [exploration]: v=+0.20 w=+0.00 | 直行 d=1.35
[INFO] [1790744974.917648135] [exploration]: v=+0.20 w=+0.00 | 直行 d=1.33
[INFO] [1790744975.017219450] [exploration]: v=+0.20 w=+0.00 | 直行 d=1.30
[INFO] [1790744975.117556307] [exploration]: v=+0.20 w=+0.00 | 直行 d=1.27
[INFO] [1790744975.217916371] [exploration]: v=+0.20 w=+0.00 | 直行 d=1.25
[INFO] [1790744975.318653389] [exploration]: v=+0.20 w=+0.00 | 直行 d=1.24
[INFO] [1790744975.418624268] [exploration]: v=+0.20 w=+0.00 | 直行 d=1.25
[INFO] [1790744975.517505602] [exploration]: v=+0.20 w=+0.00 | 直行 d=1.23
[INFO] [1790744975.617483142] [exploration]: v=+0.20 w=+0.00 | 直行 d=1.21
[INFO] [1790744975.717503889] [exploration]: v=+0.20 w=+0.00 | 直行 d=1.20
[INFO] [1790744975.818479549] [exploration]: v=+0.20 w=+0.00 | 直行 d=1.21
[INFO] [1790744976.018299395] [exploration]: v=+0.20 w=+0.00 | 直行 d=1.19
[INFO] [1790744976.120025281] [exploration]: v=+0.20 w=+0.00 | 直行 d=1.16
[INFO] [1790744976.219417600] [exploration]: v=+0.20 w=+0.00 | 直行 d=1.17
[INFO] [1790744976.319642598] [exploration]: v=+0.20 w=+0.00 | 直行 d=1.15
[INFO] [1790744976.419852022] [exploration]: v=+0.20 w=+0.00 | 直行 d=1.16
[INFO] [1790744976.519768978] [exploration]: v=+0.20 w=+0.00 | 直行 d=1.14
[INFO] [1790744976.619560899] [exploration]: v=+0.20 w=+0.00 | 直行 d=1.15
[INFO] [1790744976.719037535] [exploration]: v=+0.20 w=+0.00 | 直行 d=1.14
[INFO] [1790744976.819871456] [exploration]: v=+0.20 w=+0.00 | 直行 d=1.12
[INFO] [1790744976.920509787] [exploration]: v=+0.20 w=+0.00 | 直行 d=1.13
[INFO] [1790744977.020496036] [exploration]: v=+0.20 w=+0.00 | 直行 d=1.12
[INFO] [1790744977.120704494] [exploration]: v=+0.20 w=+0.00 | 直行 d=1.10
[INFO] [1790744977.321821577] [exploration]: v=+0.20 w=+0.00 | 直行 d=1.09
[INFO] [1790744977.421929012] [exploration]: v=+0.20 w=+0.00 | 直行 d=1.10
[INFO] [1790744977.521720204] [exploration]: v=+0.20 w=+0.00 | 直行 d=1.08
[INFO] [1790744977.621435704] [exploration]: v=+0.20 w=+0.00 | 直行 d=1.07
[INFO] [1790744977.721273807] [exploration]: v=+0.20 w=+0.00 | 直行 d=1.06
[INFO] [1790744977.821531338] [exploration]: v=+0.20 w=+0.00 | 直行 d=1.03
[INFO] [1790744978.021459082] [exploration]: v=+0.20 w=+0.00 | 直行 d=1.04
[INFO] [1790744978.121501959] [exploration]: v=+0.20 w=+0.00 | 直行 d=1.01
[INFO] [1790744978.221753831] [exploration]: v=+0.20 w=+0.00 | 直行 d=1.04
[INFO] [1790744978.321571837] [exploration]: v=+0.20 w=+0.00 | 直行 d=1.02
[INFO] [1790744978.422906478] [exploration]: v=+0.20 w=+0.00 | 直行 d=1.00
[INFO] [1790744978.522838495] [exploration]: v=+0.20 w=+0.00 | 直行 d=1.01
[INFO] [1790744978.623727988] [exploration]: v=+0.20 w=+0.00 | 直行 d=1.00
[INFO] [1790744978.722422674] [exploration]: v=+0.20 w=+0.00 | 直行 d=0.99
[INFO] [1790744978.822650341] [exploration]: v=+0.20 w=+0.00 | 直行 d=0.97
[INFO] [1790744978.923086515] [exploration]: v=+0.20 w=+0.00 | 直行 d=0.98
[INFO] [1790744979.123858704] [exploration]: v=+0.20 w=+0.00 | 直行 d=0.95
[INFO] [1790744979.224164909] [exploration]: v=+0.20 w=+0.00 | 直行 d=0.96
[INFO] [1790744979.324266272] [exploration]: v=+0.20 w=+0.00 | 直行 d=0.92
[INFO] [1790744979.424218868] [exploration]: v=+0.20 w=+0.00 | 直行 d=0.93
[INFO] [1790744979.523437755] [exploration]: v=+0.20 w=+0.00 | 直行 d=0.92
[INFO] [1790744979.623700227] [exploration]: v=+0.20 w=+0.00 | 直行 d=0.93
[INFO] [1790744979.723460666] [exploration]: v=+0.20 w=+0.00 | 直行 d=0.90
[INFO] [1790744979.823938590] [exploration]: v=+0.20 w=+0.00 | 直行 d=0.92
[INFO] [1790744979.923344484] [exploration]: v=+0.20 w=+0.00 | 直行 d=0.89
[INFO] [1790744980.024609074] [exploration]: v=+0.20 w=+0.00 | 直行 d=0.91
[INFO] [1790744980.124480088] [exploration]: v=+0.20 w=+0.00 | 直行 d=0.89
[INFO] [1790744980.325793476] [exploration]: v=+0.20 w=+0.00 | 直行 d=0.86
[INFO] [1790744980.525563417] [exploration]: v=+0.20 w=+0.00 | 直行 d=0.85
[INFO] [1790744980.625878590] [exploration]: v=+0.20 w=+0.00 | 直行 d=0.84
[INFO] [1790744980.725665445] [exploration]: v=+0.20 w=+0.00 | 直行 d=0.85
[INFO] [1790744980.825962451] [exploration]: v=+0.20 w=+0.00 | 直行 d=0.83
[INFO] [1790744980.925585521] [exploration]: v=+0.20 w=+0.00 | 直行 d=0.81
[INFO] [1790744981.227073626] [exploration]: v=+0.09 w=+0.00 | 减速 d=0.79
[INFO] [1790744981.326953829] [exploration]: v=+0.00 w=+0.50 | 转向，由于危险 d=0.14
[INFO] [1790744981.426854452] [exploration]: v=+0.00 w=+0.50 | 转向中 front=0.13 目标>0.8
[INFO] [1790744981.527932037] [exploration]: v=+0.00 w=+0.00 | 转向完成，停稳 front=0.89
[INFO] [1790744981.625843797] [exploration]: v=+0.00 w=+0.50 | 转向，由于危险 d=0.14
[INFO] [1790744981.727681126] [exploration]: v=+0.00 w=+0.00 | 转向完成，停稳 front=0.90
[INFO] [1790744981.827214065] [exploration]: v=+0.20 w=+0.00 | 直行 d=0.98
[INFO] [1790744981.927232135] [exploration]: v=+0.00 w=+0.50 | 转向，由于危险 d=0.13
[INFO] [1790744982.026877967] [exploration]: v=+0.00 w=+0.50 | 转向中 front=0.13 目标>0.8
[INFO] [1790744982.127380886] [exploration]: v=+0.00 w=+0.50 | 转向中 front=0.14 目标>0.8
[INFO] [1790744982.328547503] [exploration]: v=+0.00 w=+0.00 | 转向完成，停稳 front=0.91
[INFO] [1790744982.429532434] [exploration]: v=+0.20 w=+0.00 | 直行 d=0.97
[INFO] [1790744982.529971764] [exploration]: v=+0.00 w=+0.50 | 转向，由于危险 d=0.15
[INFO] [1790744982.629256166] [exploration]: v=+0.00 w=+0.00 | 转向完成，停稳 front=0.95
[INFO] [1790744982.728656882] [exploration]: v=+0.20 w=+0.00 | 直行 d=0.95
[INFO] [1790744982.829821975] [exploration]: v=+0.00 w=+0.50 | 转向，由于危险 d=0.15
[INFO] [1790744982.929803698] [exploration]: v=+0.00 w=+0.50 | 转向中 front=0.14 目标>0.8
[INFO] [1790744983.029774505] [exploration]: v=+0.00 w=+0.50 | 转向中 front=0.15 目标>0.8
[INFO] [1790744983.130860899] [exploration]: v=+0.00 w=+0.50 | 转向中 front=0.14 目标>0.8
[INFO] [1790744983.230563517] [exploration]: v=+0.00 w=+0.00 | 转向完成，停稳 front=0.88
[INFO] [1790744983.330229976] [exploration]: v=+0.20 w=+0.00 | 直行 d=0.95
[INFO] [1790744983.530392959] [exploration]: v=+0.00 w=+0.50 | 转向，由于危险 d=0.13
[INFO] [1790744983.631051245] [exploration]: v=+0.00 w=+0.50 | 转向中 front=0.15 目标>0.8
[INFO] [1790744983.730361139] [exploration]: v=+0.00 w=+0.50 | 转向中 front=0.13 目标>0.8
[INFO] [1790744983.831105921] [exploration]: v=+0.00 w=+0.50 | 转向中 front=0.14 目标>0.8
[INFO] [1790744983.931329846] [exploration]: v=+0.00 w=+0.50 | 转向中 front=0.13 目标>0.8
[INFO] [1790744984.031845331] [exploration]: v=+0.00 w=+0.50 | 转向中 front=0.14 目标>0.8
[INFO] [1790744984.231097038] [exploration]: v=+0.00 w=+0.00 | 转向完成，停稳 front=0.97
[INFO] [1790744984.331451887] [exploration]: v=+0.20 w=+0.00 | 直行 d=0.99
[INFO] [1790744984.430880044] [exploration]: v=+0.20 w=+0.00 | 直行 d=0.98
[INFO] [1790744984.531944459] [exploration]: v=+0.20 w=+0.00 | 直行 d=0.97
[INFO] [1790744984.632157804] [exploration]: v=+0.20 w=+0.00 | 直行 d=0.96
[INFO] [1790744984.731761674] [exploration]: v=+0.20 w=+0.00 | 直行 d=0.92
[INFO] [1790744984.931853439] [exploration]: v=+0.20 w=+0.00 | 直行 d=0.90
[INFO] [1790744985.032286886] [exploration]: v=+0.20 w=+0.00 | 直行 d=0.88
[INFO] [1790744985.132539114] [exploration]: v=+0.20 w=+0.00 | 直行 d=0.87
[INFO] [1790744985.232788581] [exploration]: v=+0.20 w=+0.00 | 直行 d=0.84
[INFO] [1790744985.333390515] [exploration]: v=+0.20 w=+0.00 | 直行 d=0.83
[INFO] [1790744985.434332530] [exploration]: v=+0.20 w=+0.00 | 直行 d=0.81
[INFO] [1790744985.533934894] [exploration]: v=+0.09 w=+0.00 | 减速 d=0.79
[INFO] [1790744985.632863618] [exploration]: v=+0.00 w=+0.50 | 转向，由于危险 d=0.14
[INFO] [1790744985.733517559] [exploration]: v=+0.00 w=+0.50 | 转向中 front=0.13 目标>0.8
[INFO] [1790744985.833692976] [exploration]: v=+0.00 w=+0.50 | 转向中 front=0.75 目标>0.8
[INFO] [1790744985.933575200] [exploration]: v=+0.00 w=+0.50 | 转向中 front=0.13 目标>0.8
[INFO] [1790744986.034311082] [exploration]: v=+0.00 w=+0.00 | 转向完成，停稳 front=0.81
[INFO] [1790744986.134712892] [exploration]: v=+0.00 w=+0.50 | 转向，由于危险 d=0.13
[INFO] [1790744986.234178882] [exploration]: v=+0.00 w=+0.50 | 转向中 front=0.14 目标>0.8
[INFO] [1790744986.335442482] [exploration]: v=+0.00 w=+0.00 | 转向完成，停稳 front=0.87
[INFO] [1790744986.434612603] [exploration]: v=+0.20 w=+0.00 | 直行 d=0.89
[INFO] [1790744986.534880309] [exploration]: v=+0.20 w=+0.00 | 直行 d=0.87
[INFO] [1790744986.634029243] [exploration]: v=+0.20 w=+0.00 | 直行 d=0.88
[INFO] [1790744986.735092870] [exploration]: v=+0.20 w=+0.00 | 直行 d=0.86
[INFO] [1790744986.834393627] [exploration]: v=+0.20 w=+0.00 | 直行 d=0.84
[INFO] [1790744986.934458834] [exploration]: v=+0.20 w=+0.00 | 直行 d=0.85
[INFO] [1790744987.035178997] [exploration]: v=+0.20 w=+0.00 | 直行 d=0.81
[INFO] [1790744987.135589807] [exploration]: v=+0.09 w=+0.00 | 减速 d=0.79
[INFO] [1790744987.235391203] [exploration]: v=+0.00 w=+0.50 | 转向，由于危险 d=0.14
[INFO] [1790744987.335817595] [exploration]: v=+0.00 w=+0.50 | 转向中 front=0.77 目标>0.8
[INFO] [1790744987.535787275] [exploration]: v=+0.00 w=+0.50 | 转向中 front=0.80 目标>0.8
[INFO] [1790744987.635514729] [exploration]: v=+0.00 w=+0.50 | 转向中 front=0.14 目标>0.8
[INFO] [1790744987.937834327] [exploration]: v=+0.00 w=+0.00 | 转向完成，停稳 front=1.04
[INFO] [1790744988.036815438] [exploration]: v=+0.20 w=+0.00 | 直行 d=1.09
[INFO] [1790744988.236574436] [exploration]: v=+0.20 w=+0.00 | 直行 d=1.06
[INFO] [1790744988.337327462] [exploration]: v=+0.20 w=+0.00 | 直行 d=1.08
[INFO] [1790744988.437544459] [exploration]: v=+0.20 w=+0.00 | 直行 d=1.05
[INFO] [1790744988.537966218] [exploration]: v=+0.20 w=+0.00 | 直行 d=1.03
[INFO] [1790744988.638162741] [exploration]: v=+0.20 w=+0.00 | 直行 d=1.04
[INFO] [1790744988.738280317] [exploration]: v=+0.20 w=+0.00 | 直行 d=1.01
[INFO] [1790744988.837489190] [exploration]: v=+0.20 w=+0.00 | 直行 d=0.98
[INFO] [1790744989.037924268] [exploration]: v=+0.20 w=+0.00 | 直行 d=0.95
[INFO] [1790744989.137961424] [exploration]: v=+0.20 w=+0.00 | 直行 d=0.96
[INFO] [1790744989.237836754] [exploration]: v=+0.20 w=+0.00 | 直行 d=0.93
[INFO] [1790744989.338614986] [exploration]: v=+0.20 w=+0.00 | 直行 d=0.92
[INFO] [1790744989.438849903] [exploration]: v=+0.20 w=+0.00 | 直行 d=0.90
[INFO] [1790744989.538676104] [exploration]: v=+0.20 w=+0.00 | 直行 d=0.89
[INFO] [1790744989.638822599] [exploration]: v=+0.20 w=+0.00 | 直行 d=0.90
[INFO] [1790744989.739686360] [exploration]: v=+0.20 w=+0.00 | 直行 d=0.87
[INFO] [1790744989.838313103] [exploration]: v=+0.20 w=+0.00 | 直行 d=0.85
[INFO] [1790744989.938731889] [exploration]: v=+0.20 w=+0.00 | 直行 d=0.84
[INFO] [1790744990.039102802] [exploration]: v=+0.20 w=+0.00 | 直行 d=0.82
[INFO] [1790744990.138597804] [exploration]: v=+0.20 w=+0.00 | 直行 d=0.81
[INFO] [1790744990.239624924] [exploration]: v=+0.09 w=+0.00 | 减速 d=0.79
[INFO] [1790744990.340911005] [exploration]: v=+0.00 w=+0.50 | 转向，由于危险 d=0.14
[INFO] [1790744990.440066716] [exploration]: v=+0.00 w=+0.50 | 转向中 front=0.14 目标>0.8
[INFO] [1790744990.640884268] [exploration]: v=+0.00 w=+0.00 | 转向完成，停稳 front=0.83
[INFO] [1790744990.740756653] [exploration]: v=+0.20 w=+0.00 | 直行 d=0.92
[INFO] [1790744990.841177937] [exploration]: v=+0.00 w=+0.50 | 转向，由于危险 d=0.13
[INFO] [1790744990.941917520] [exploration]: v=+0.00 w=+0.50 | 转向中 front=0.13 目标>0.8
[INFO] [1790744991.040677058] [exploration]: v=+0.00 w=+0.00 | 转向完成，停稳 front=1.03
[INFO] [1790744991.141463457] [exploration]: v=+0.00 w=+0.50 | 转向，由于危险 d=0.15
[INFO] [1790744991.241613358] [exploration]: v=+0.00 w=+0.50 | 转向中 front=0.13 目标>0.8
[INFO] [1790744991.442008332] [exploration]: v=+0.00 w=+0.00 | 转向完成，停稳 front=0.90
[INFO] [1790744991.542595440] [exploration]: v=+0.00 w=+0.50 | 转向，由于危险 d=0.15
[INFO] [1790744991.642164166] [exploration]: v=+0.00 w=+0.00 | 转向完成，停稳 front=0.87
[INFO] [1790744991.742205606] [exploration]: v=+0.00 w=+0.50 | 转向，由于危险 d=0.40
[INFO] [1790744991.842763271] [exploration]: v=+0.00 w=+0.00 | 转向完成，停稳 front=0.85
[INFO] [1790744991.942486958] [exploration]: v=+0.20 w=+0.00 | 直行 d=0.87
[INFO] [1790744992.042679350] [exploration]: v=+0.00 w=+0.50 | 转向，由于危险 d=0.15
[INFO] [1790744992.142875338] [exploration]: v=+0.00 w=+0.00 | 转向完成，停稳 front=1.22
[INFO] [1790744992.243668722] [exploration]: v=+0.20 w=+0.00 | 直行 d=1.25
[INFO] [1790744992.343344446] [exploration]: v=+0.00 w=+0.50 | 转向，由于危险 d=0.40
[INFO] [1790744992.443704669] [exploration]: v=+0.00 w=+0.50 | 转向中 front=0.13 目标>0.8
[INFO] [1790744992.542983857] [exploration]: v=+0.00 w=+0.00 | 转向完成，停稳 front=1.56
[INFO] [1790744992.644461602] [exploration]: v=+0.20 w=+0.00 | 直行 d=1.30
[INFO] [1790744992.743187389] [exploration]: v=+0.20 w=+0.00 | 直行 d=1.23
[INFO] [1790744992.843538055] [exploration]: v=+0.20 w=+0.00 | 直行 d=1.83
[INFO] [1790744992.944728514] [exploration]: v=+0.20 w=+0.00 | 直行 d=1.82
[INFO] [1790744993.044937999] [exploration]: v=+0.20 w=+0.00 | 直行 d=1.81
[INFO] [1790744993.145330767] [exploration]: v=+0.00 w=+0.50 | 转向，由于危险 d=0.16
[INFO] [1790744993.245051538] [exploration]: v=+0.00 w=+0.50 | 转向中 front=0.14 目标>0.8
[INFO] [1790744993.344570388] [exploration]: v=+0.00 w=+0.00 | 转向完成，停稳 front=1.54
[INFO] [1790744993.444507596] [exploration]: v=+0.20 w=+0.00 | 直行 d=0.89
[INFO] [1790744993.544478206] [exploration]: v=+0.00 w=+0.50 | 转向，由于危险 d=0.13
[INFO] [1790744993.643943131] [exploration]: v=+0.00 w=+0.50 | 转向中 front=0.13 目标>0.8
[INFO] [1790744993.743388179] [exploration]: v=+0.00 w=+0.50 | 转向中 front=0.15 目标>0.8
[INFO] [1790744993.843987759] [exploration]: v=+0.00 w=+0.50 | 转向中 front=0.13 目标>0.8
[INFO] [1790744993.946175140] [exploration]: v=+0.00 w=+0.00 | 转向完成，停稳 front=2.48
[INFO] [1790744994.045611542] [exploration]: v=+0.00 w=+0.50 | 转向，由于危险 d=0.14
[INFO] [1790744994.145463617] [exploration]: v=+0.00 w=+0.50 | 转向中 front=0.13 目标>0.8
[INFO] [1790744994.244628726] [exploration]: v=+0.00 w=+0.50 | 转向中 front=0.14 目标>0.8
[INFO] [1790744994.345858351] [exploration]: v=+0.00 w=+0.00 | 转向完成，停稳 front=2.52
[INFO] [1790744994.445967049] [exploration]: v=+0.20 w=+0.00 | 直行 d=2.52
[INFO] [1790744994.645240491] [exploration]: v=+0.20 w=+0.00 | 直行 d=2.51
[INFO] [1790744994.746629981] [exploration]: v=+0.20 w=+0.00 | 直行 d=2.49
[INFO] [1790744994.846788611] [exploration]: v=+0.20 w=+0.00 | 直行 d=2.48
[INFO] [1790744994.947776871] [exploration]: v=+0.20 w=+0.00 | 直行 d=2.45
[INFO] [1790744995.047748617] [exploration]: v=+0.20 w=+0.00 | 直行 d=2.44
[INFO] [1790744995.147129228] [exploration]: v=+0.20 w=+0.00 | 直行 d=2.43
[INFO] [1790744995.247763667] [exploration]: v=+0.20 w=+0.00 | 直行 d=2.41
[INFO] [1790744995.348073349] [exploration]: v=+0.20 w=+0.00 | 直行 d=2.38
[INFO] [1790744995.448571236] [exploration]: v=+0.20 w=+0.00 | 直行 d=2.37
[INFO] [1790744995.548631388] [exploration]: v=+0.20 w=+0.00 | 直行 d=2.33
[INFO] [1790744995.647695138] [exploration]: v=+0.20 w=+0.00 | 直行 d=2.34
[INFO] [1790744995.748155445] [exploration]: v=+0.20 w=+0.00 | 直行 d=2.31
[INFO] [1790744995.849245105] [exploration]: v=+0.20 w=+0.00 | 直行 d=2.29
[INFO] [1790744995.948047018] [exploration]: v=+0.20 w=+0.00 | 直行 d=2.27
[INFO] [1790744996.049396942] [exploration]: v=+0.20 w=+0.00 | 直行 d=2.24
[INFO] [1790744996.248560420] [exploration]: v=+0.20 w=+0.00 | 直行 d=2.21
[INFO] [1790744996.348717867] [exploration]: v=+0.20 w=+0.00 | 直行 d=2.20
[INFO] [1790744996.449220138] [exploration]: v=+0.20 w=+0.00 | 直行 d=2.18
[INFO] [1790744996.549577146] [exploration]: v=+0.20 w=+0.00 | 直行 d=2.16
[INFO] [1790744996.649419426] [exploration]: v=+0.20 w=+0.00 | 直行 d=2.14
[INFO] [1790744996.749027631] [exploration]: v=+0.20 w=+0.00 | 直行 d=2.11
[INFO] [1790744996.849482982] [exploration]: v=+0.20 w=+0.00 | 直行 d=2.09
[INFO] [1790744997.049846364] [exploration]: v=+0.20 w=+0.00 | 直行 d=2.07
[INFO] [1790744997.149573466] [exploration]: v=+0.20 w=+0.00 | 直行 d=2.04
[INFO] [1790744997.249806317] [exploration]: v=+0.20 w=+0.00 | 直行 d=2.02
[INFO] [1790744997.349193167] [exploration]: v=+0.20 w=+0.00 | 直行 d=2.01
[INFO] [1790744997.448972257] [exploration]: v=+0.20 w=+0.00 | 直行 d=1.99
[INFO] [1790744997.549943428] [exploration]: v=+0.20 w=+0.00 | 直行 d=1.98
[INFO] [1790744997.649439762] [exploration]: v=+0.20 w=+0.00 | 直行 d=1.95
[INFO] [1790744997.762479762] [exploration]: v=+0.20 w=+0.00 | 直行 d=1.93
[INFO] [1790744997.854146230] [exploration]: v=+0.20 w=+0.00 | 直行 d=1.92
[INFO] [1790744997.951637628] [exploration]: v=+0.20 w=+0.00 | 直行 d=1.90
[INFO] [1790744998.050495823] [exploration]: v=+0.20 w=+0.00 | 直行 d=1.87
[INFO] [1790744998.250049374] [exploration]: v=+0.20 w=+0.00 | 直行 d=1.84
[INFO] [1790744998.350306274] [exploration]: v=+0.20 w=+0.00 | 直行 d=1.82
[INFO] [1790744998.451321590] [exploration]: v=+0.20 w=+0.00 | 直行 d=1.81
[INFO] [1790744998.551066276] [exploration]: v=+0.20 w=+0.00 | 直行 d=1.79
[INFO] [1790744998.651186271] [exploration]: v=+0.20 w=+0.00 | 直行 d=1.76
[INFO] [1790744998.851488969] [exploration]: v=+0.20 w=+0.00 | 直行 d=1.73
[INFO] [1790744998.952028118] [exploration]: v=+0.20 w=+0.00 | 直行 d=1.72
[INFO] [1790744999.051571773] [exploration]: v=+0.20 w=+0.00 | 直行 d=1.69
[INFO] [1790744999.152156860] [exploration]: v=+0.20 w=+0.00 | 直行 d=1.68
[INFO] [1790744999.252655437] [exploration]: v=+0.20 w=+0.00 | 直行 d=1.66
[INFO] [1790744999.353079221] [exploration]: v=+0.20 w=+0.00 | 直行 d=1.64
[INFO] [1790744999.452975577] [exploration]: v=+0.20 w=+0.00 | 直行 d=1.60
[INFO] [1790744999.752668704] [exploration]: v=+0.20 w=+0.00 | 直行 d=1.56
[INFO] [1790744999.852287954] [exploration]: v=+0.20 w=+0.00 | 直行 d=1.55
[INFO] [1790744999.953516017] [exploration]: v=+0.20 w=+0.00 | 直行 d=1.52
[INFO] [1790745000.053616339] [exploration]: v=+0.20 w=+0.00 | 直行 d=1.51
[INFO] [1790745000.153861256] [exploration]: v=+0.20 w=+0.00 | 直行 d=1.49
[INFO] [1790745000.254258793] [exploration]: v=+0.20 w=+0.00 | 直行 d=1.48
[INFO] [1790745000.354024262] [exploration]: v=+0.20 w=+0.00 | 直行 d=1.46
[INFO] [1790745000.454191925] [exploration]: v=+0.20 w=+0.00 | 直行 d=1.44
[INFO] [1790745000.554805437] [exploration]: v=+0.20 w=+0.00 | 直行 d=1.42
[INFO] [1790745000.655742532] [exploration]: v=+0.20 w=+0.00 | 直行 d=1.40
[INFO] [1790745000.755250413] [exploration]: v=+0.20 w=+0.00 | 直行 d=1.37
[INFO] [1790745000.855846217] [exploration]: v=+0.20 w=+0.00 | 直行 d=1.36
[INFO] [1790745000.955055756] [exploration]: v=+0.20 w=+0.00 | 直行 d=1.34
[INFO] [1790745001.055922780] [exploration]: v=+0.20 w=+0.00 | 直行 d=1.32
[INFO] [1790745001.155529695] [exploration]: v=+0.20 w=+0.00 | 直行 d=1.31
[INFO] [1790745001.254986846] [exploration]: v=+0.20 w=+0.00 | 直行 d=1.28
[INFO] [1790745001.355607911] [exploration]: v=+0.20 w=+0.00 | 直行 d=1.27
[INFO] [1790745001.455970761] [exploration]: v=+0.20 w=+0.00 | 直行 d=1.25
[INFO] [1790745001.555987150] [exploration]: v=+0.20 w=+0.00 | 直行 d=1.22
[INFO] [1790745001.657098407] [exploration]: v=+0.20 w=+0.00 | 直行 d=1.21
[INFO] [1790745001.768231304] [exploration]: v=+0.20 w=+0.00 | 直行 d=1.19
[INFO] [1790745001.860520517] [exploration]: v=+0.20 w=+0.00 | 直行 d=1.18
[INFO] [1790745001.959698503] [exploration]: v=+0.20 w=+0.00 | 直行 d=1.15
[INFO] [1790745002.059399763] [exploration]: v=+0.20 w=+0.00 | 直行 d=1.13
[INFO] [1790745002.159915672] [exploration]: v=+0.20 w=+0.00 | 直行 d=1.11
[INFO] [1790745002.360291437] [exploration]: v=+0.20 w=+0.00 | 直行 d=1.08
[INFO] [1790745002.459324242] [exploration]: v=+0.20 w=+0.00 | 直行 d=1.07
[INFO] [1790745002.560579459] [exploration]: v=+0.20 w=+0.00 | 直行 d=1.06
[INFO] [1790745002.659840043] [exploration]: v=+0.20 w=+0.00 | 直行 d=1.03
[INFO] [1790745002.759240885] [exploration]: v=+0.20 w=+0.00 | 直行 d=1.02
[INFO] [1790745002.859776685] [exploration]: v=+0.20 w=+0.00 | 直行 d=0.99
[INFO] [1790745002.959749860] [exploration]: v=+0.20 w=+0.00 | 直行 d=0.98
[INFO] [1790745003.059646846] [exploration]: v=+0.20 w=+0.00 | 直行 d=0.96
[INFO] [1790745003.160632962] [exploration]: v=+0.20 w=+0.00 | 直行 d=0.93
[INFO] [1790745003.260850323] [exploration]: v=+0.20 w=+0.00 | 直行 d=0.92
[INFO] [1790745003.361155203] [exploration]: v=+0.20 w=+0.00 | 直行 d=0.91
[INFO] [1790745003.460726423] [exploration]: v=+0.20 w=+0.00 | 直行 d=0.88
[INFO] [1790745003.660054876] [exploration]: v=+0.20 w=+0.00 | 直行 d=0.86
[INFO] [1790745003.759949875] [exploration]: v=+0.20 w=+0.00 | 直行 d=0.82
[INFO] [1790745003.860858950] [exploration]: v=+0.20 w=+0.00 | 直行 d=0.81
[INFO] [1790745003.959750870] [exploration]: v=+0.09 w=+0.00 | 减速 d=0.80
[INFO] [1790745004.061837031] [exploration]: v=+0.00 w=+0.50 | 转向，由于危险 d=0.14
[INFO] [1790745004.161916528] [exploration]: v=+0.00 w=+0.50 | 转向中 front=0.14 目标>0.8
[INFO] [1790745004.261444930] [exploration]: v=+0.00 w=+0.50 | 转向中 front=0.78 目标>0.8
[INFO] [1790745004.361843219] [exploration]: v=+0.00 w=+0.00 | 转向完成，停稳 front=1.09
[INFO] [1790745004.460917771] [exploration]: v=+0.00 w=-0.50 | 转向，由于危险 d=0.14
[INFO] [1790745004.561695521] [exploration]: v=+0.00 w=-0.50 | 转向中 front=0.76 目标>0.8
[INFO] [1790745004.662874212] [exploration]: v=+0.00 w=-0.50 | 转向中 front=0.77 目标>0.8
[INFO] [1790745004.862872137] [exploration]: v=+0.00 w=-0.50 | 转向中 front=0.75 目标>0.8
[INFO] [1790745005.362719704] [exploration]: v=+0.00 w=-0.50 | 转向中 front=0.74 目标>0.8
[INFO] [1790745005.965900887] [exploration]: v=+0.00 w=-0.50 | 转向中 front=0.75 目标>0.8
[INFO] [1790745006.265214471] [exploration]: v=+0.00 w=-0.50 | 转向中 front=0.76 目标>0.8
[INFO] [1790745006.564577265] [exploration]: v=+0.00 w=-0.50 | 转向中 front=0.79 目标>0.8
[INFO] [1790745006.664144187] [exploration]: v=+0.00 w=-0.50 | 转向中 front=0.80 目标>0.8
[INFO] [1790745006.764868404] [exploration]: v=+0.00 w=+0.00 | 转向完成，停稳 front=0.82
[INFO] [1790745006.865664588] [exploration]: v=-0.08 w=+0.00 | 卡死：3.0s 内位移 < 0.05m，倒退脱困
[INFO] [1790745006.965468031] [exploration]: v=-0.08 w=+0.00 | 脱困：倒退
[INFO] [1790745008.866867163] [exploration]: v=+0.00 w=+0.00 | 脱困完成，停稳
[INFO] [1790745008.967493983] [exploration]: v=+0.20 w=+0.00 | 直行 d=0.94
[INFO] [1790745009.069008833] [exploration]: v=+0.00 w=-0.50 | 转向，由于危险 d=0.40
[INFO] [1790745009.169127838] [exploration]: v=+0.00 w=-0.50 | 转向中 front=0.14 目标>0.8
[INFO] [1790745009.268608821] [exploration]: v=+0.00 w=+0.00 | 转向完成，停稳 front=0.96
[INFO] [1790745009.368626254] [exploration]: v=+0.00 w=-0.50 | 转向，由于危险 d=0.14
[INFO] [1790745009.468797191] [exploration]: v=+0.00 w=-0.50 | 转向中 front=0.14 目标>0.8
[INFO] [1790745009.569540523] [exploration]: v=+0.00 w=+0.00 | 转向完成，停稳 front=1.03
[INFO] [1790745009.669073321] [exploration]: v=+0.00 w=-0.50 | 转向，由于危险 d=0.16
[INFO] [1790745009.769770371] [exploration]: v=+0.00 w=-0.50 | 转向中 front=0.13 目标>0.8
[INFO] [1790745009.868978641] [exploration]: v=+0.00 w=-0.50 | 转向中 front=0.14 目标>0.8
[INFO] [1790745010.069416542] [exploration]: v=+0.00 w=+0.00 | 转向完成，停稳 front=1.15
[INFO] [1790745010.169749748] [exploration]: v=+0.20 w=+0.00 | 直行 d=1.07
[INFO] [1790745010.269949760] [exploration]: v=+0.00 w=-0.50 | 转向，由于危险 d=0.14
[INFO] [1790745010.371035908] [exploration]: v=+0.00 w=-0.50 | 转向中 front=0.14 目标>0.8
[INFO] [1790745010.470216467] [exploration]: v=+0.00 w=+0.00 | 转向完成，停稳 front=1.03
[INFO] [1790745010.570013717] [exploration]: v=+0.00 w=+0.50 | 转向，由于危险 d=0.14
[INFO] [1790745010.670796383] [exploration]: v=+0.00 w=+0.50 | 转向中 front=0.13 目标>0.8
[INFO] [1790745010.770189850] [exploration]: v=+0.00 w=+0.50 | 转向中 front=0.14 目标>0.8
[INFO] [1790745010.971457276] [exploration]: v=+0.00 w=+0.00 | 转向完成，停稳 front=0.90
[INFO] [1790745011.070609980] [exploration]: v=+0.20 w=+0.00 | 直行 d=0.88
[INFO] [1790745011.170894354] [exploration]: v=+0.00 w=-0.50 | 转向，由于危险 d=0.40
[INFO] [1790745011.271183367] [exploration]: v=+0.00 w=+0.00 | 转向完成，停稳 front=1.06
[INFO] [1790745011.371223961] [exploration]: v=+0.00 w=-0.50 | 转向，由于危险 d=0.13
[INFO] [1790745011.472077713] [exploration]: v=+0.00 w=+0.00 | 转向完成，停稳 front=1.12
[INFO] [1790745011.571656750] [exploration]: v=+0.20 w=+0.00 | 直行 d=1.11
[INFO] [1790745011.670885604] [exploration]: v=+0.00 w=-0.50 | 转向，由于危险 d=0.14
[INFO] [1790745011.771070283] [exploration]: v=+0.00 w=-0.50 | 转向中 front=0.15 目标>0.8
[INFO] [1790745011.871724920] [exploration]: v=+0.00 w=+0.00 | 转向完成，停稳 front=1.06
[INFO] [1790745011.972484623] [exploration]: v=+0.00 w=-0.50 | 转向，由于危险 d=0.13
[INFO] [1790745012.073553692] [exploration]: v=-0.08 w=+0.00 | 卡死：3.0s 内位移 < 0.05m，倒退脱困
[INFO] [1790745012.173500921] [exploration]: v=-0.08 w=+0.00 | 脱困：倒退
[INFO] [1790745014.076695466] [exploration]: v=+0.00 w=+0.00 | 脱困完成，停稳
[INFO] [1790745014.176177522] [exploration]: v=+0.00 w=-0.50 | 转向中 front=0.14 目标>0.8
[INFO] [1790745014.276011582] [exploration]: v=+0.00 w=+0.00 | 转向完成，停稳 front=1.14
[INFO] [1790745014.375613959] [exploration]: v=+0.00 w=-0.50 | 转向，由于危险 d=0.13
[INFO] [1790745014.474999396] [exploration]: v=+0.00 w=-0.50 | 转向中 front=0.14 目标>0.8
[INFO] [1790745014.576106728] [exploration]: v=+0.00 w=+0.00 | 转向完成，停稳 front=1.13
[INFO] [1790745014.677815548] [exploration]: v=+0.20 w=+0.00 | 直行 d=1.14
[INFO] [1790745014.777474357] [exploration]: v=+0.20 w=+0.00 | 直行 d=1.13
[INFO] [1790745014.876979339] [exploration]: v=+0.20 w=+0.00 | 直行 d=1.12
[INFO] [1790745014.978286533] [exploration]: v=+0.20 w=+0.00 | 直行 d=1.10
[INFO] [1790745015.077992240] [exploration]: v=+0.20 w=+0.00 | 直行 d=1.08
[INFO] [1790745015.177791029] [exploration]: v=+0.20 w=+0.00 | 直行 d=1.06
[INFO] [1790745015.279036717] [exploration]: v=+0.20 w=+0.00 | 直行 d=1.04
[INFO] [1790745015.378323014] [exploration]: v=+0.20 w=+0.00 | 直行 d=1.02
[INFO] [1790745015.477541154] [exploration]: v=+0.20 w=+0.00 | 直行 d=1.00
[INFO] [1790745015.578089956] [exploration]: v=+0.20 w=+0.00 | 直行 d=0.97
[INFO] [1790745015.677851362] [exploration]: v=+0.20 w=+0.00 | 直行 d=0.96
[INFO] [1790745015.777548616] [exploration]: v=+0.20 w=+0.00 | 直行 d=0.93
[INFO] [1790745015.877693383] [exploration]: v=+0.20 w=+0.00 | 直行 d=0.91
[INFO] [1790745015.977725764] [exploration]: v=+0.20 w=+0.00 | 直行 d=0.89
[INFO] [1790745016.077769309] [exploration]: v=+0.20 w=+0.00 | 直行 d=0.87
[INFO] [1790745016.178442633] [exploration]: v=+0.20 w=+0.00 | 直行 d=0.86
[INFO] [1790745016.279326257] [exploration]: v=+0.20 w=+0.00 | 直行 d=0.84
[INFO] [1790745016.380030913] [exploration]: v=+0.20 w=+0.00 | 直行 d=0.81
[INFO] [1790745016.479887136] [exploration]: v=+0.09 w=+0.00 | 减速 d=0.79
[INFO] [1790745016.579156090] [exploration]: v=+0.00 w=-0.50 | 转向，由于危险 d=0.13
[INFO] [1790745016.679917883] [exploration]: v=+0.00 w=-0.50 | 转向中 front=0.77 目标>0.8
[INFO] [1790745016.780391728] [exploration]: v=+0.00 w=-0.50 | 转向中 front=0.13 目标>0.8
[INFO] [1790745016.979444754] [exploration]: v=+0.00 w=-0.50 | 转向中 front=0.15 目标>0.8
[INFO] [1790745017.079628426] [exploration]: v=+0.00 w=-0.50 | 转向中 front=0.76 目标>0.8
[INFO] [1790745017.179991422] [exploration]: v=+0.00 w=-0.50 | 转向中 front=0.77 目标>0.8
[INFO] [1790745017.279529566] [exploration]: v=+0.00 w=-0.50 | 转向中 front=0.76 目标>0.8
[INFO] [1790745017.379138960] [exploration]: v=+0.00 w=-0.50 | 转向中 front=0.77 目标>0.8
[INFO] [1790745017.579600886] [exploration]: v=+0.00 w=-0.50 | 转向中 front=0.78 目标>0.8
[INFO] [1790745017.679599075] [exploration]: v=+0.00 w=+0.00 | 转向完成，停稳 front=1.35
[INFO] [1790745017.780457178] [exploration]: v=+0.20 w=+0.00 | 直行 d=1.37
[INFO] [1790745017.879888651] [exploration]: v=+0.20 w=+0.00 | 直行 d=1.36
[INFO] [1790745017.980802573] [exploration]: v=+0.20 w=+0.00 | 直行 d=1.40
[INFO] [1790745018.082089502] [exploration]: v=+0.20 w=+0.00 | 直行 d=1.38
[INFO] [1790745018.181954704] [exploration]: v=+0.20 w=+0.00 | 直行 d=1.37
[INFO] [1790745018.283031267] [exploration]: v=+0.20 w=+0.00 | 直行 d=1.41
[INFO] [1790745018.482974383] [exploration]: v=+0.20 w=+0.00 | 直行 d=1.39
[INFO] [1790745018.582764869] [exploration]: v=+0.20 w=+0.00 | 直行 d=1.40
[INFO] [1790745018.682395755] [exploration]: v=+0.20 w=+0.00 | 直行 d=1.37
[INFO] [1790745018.882169616] [exploration]: v=+0.20 w=+0.00 | 直行 d=1.36
[INFO] [1790745018.982788343] [exploration]: v=+0.20 w=+0.00 | 直行 d=1.34
[INFO] [1790745019.182615252] [exploration]: v=+0.20 w=+0.00 | 直行 d=1.33
[INFO] [1790745019.282191566] [exploration]: v=+0.20 w=+0.00 | 直行 d=1.31
[INFO] [1790745019.383614331] [exploration]: v=+0.20 w=+0.00 | 直行 d=1.29
[INFO] [1790745019.482362956] [exploration]: v=+0.20 w=+0.00 | 直行 d=1.28
[INFO] [1790745019.584360087] [exploration]: v=+0.20 w=+0.00 | 直行 d=1.27
[INFO] [1790745019.783540275] [exploration]: v=+0.20 w=+0.00 | 直行 d=1.25
[INFO] [1790745019.983886200] [exploration]: v=+0.20 w=+0.00 | 直行 d=1.22
[INFO] [1790745020.084860601] [exploration]: v=+0.20 w=+0.00 | 直行 d=1.20
[INFO] [1790745020.284531799] [exploration]: v=+0.20 w=+0.00 | 直行 d=1.19
[INFO] [1790745020.485756365] [exploration]: v=+0.20 w=+0.00 | 直行 d=1.16
[INFO] [1790745020.585022749] [exploration]: v=+0.20 w=+0.00 | 直行 d=2.08
[INFO] [1790745020.686434967] [exploration]: v=+0.20 w=+0.00 | 直行 d=2.04
[INFO] [1790745020.785865677] [exploration]: v=+0.20 w=+0.00 | 直行 d=2.03
[INFO] [1790745020.886051190] [exploration]: v=+0.20 w=+0.00 | 直行 d=2.01
[INFO] [1790745020.985065218] [exploration]: v=+0.20 w=+0.00 | 直行 d=2.00
[INFO] [1790745021.085671541] [exploration]: v=+0.20 w=+0.00 | 直行 d=1.98
[INFO] [1790745021.186454433] [exploration]: v=+0.20 w=+0.00 | 直行 d=1.96
[INFO] [1790745021.285251090] [exploration]: v=+0.20 w=+0.00 | 直行 d=1.94
[INFO] [1790745021.384955590] [exploration]: v=+0.20 w=+0.00 | 直行 d=1.92
[INFO] [1790745021.485469879] [exploration]: v=+0.20 w=+0.00 | 直行 d=1.91
[INFO] [1790745021.585963980] [exploration]: v=+0.20 w=+0.00 | 直行 d=1.88
[INFO] [1790745021.686622499] [exploration]: v=+0.20 w=+0.00 | 直行 d=1.86
[INFO] [1790745021.786356147] [exploration]: v=+0.20 w=+0.00 | 直行 d=1.84
[INFO] [1790745021.886267215] [exploration]: v=+0.20 w=+0.00 | 直行 d=1.83
[INFO] [1790745021.986838743] [exploration]: v=+0.20 w=+0.00 | 直行 d=1.81
[INFO] [1790745022.086548280] [exploration]: v=+0.20 w=+0.00 | 直行 d=1.79
[INFO] [1790745022.187755941] [exploration]: v=+0.20 w=+0.00 | 直行 d=1.76
[INFO] [1790745022.287009344] [exploration]: v=+0.20 w=+0.00 | 直行 d=1.75
[INFO] [1790745022.386693720] [exploration]: v=+0.20 w=+0.00 | 直行 d=1.73
[INFO] [1790745022.487326121] [exploration]: v=+0.20 w=+0.00 | 直行 d=1.71
[INFO] [1790745022.587199869] [exploration]: v=+0.20 w=+0.00 | 直行 d=1.69
[INFO] [1790745022.687589020] [exploration]: v=+0.20 w=+0.00 | 直行 d=1.67
[INFO] [1790745022.787175004] [exploration]: v=+0.20 w=+0.00 | 直行 d=1.66
[INFO] [1790745022.888121156] [exploration]: v=+0.20 w=+0.00 | 直行 d=1.63
[INFO] [1790745022.987187043] [exploration]: v=+0.20 w=+0.00 | 直行 d=1.62
[INFO] [1790745023.087865773] [exploration]: v=+0.20 w=+0.00 | 直行 d=1.60
[INFO] [1790745023.189955891] [exploration]: v=+0.20 w=+0.00 | 直行 d=1.58
[INFO] [1790745023.289801731] [exploration]: v=+0.20 w=+0.00 | 直行 d=1.56
[INFO] [1790745023.388564257] [exploration]: v=+0.20 w=+0.00 | 直行 d=1.54
[INFO] [1790745023.489307578] [exploration]: v=+0.20 w=+0.00 | 直行 d=1.52
[INFO] [1790745023.588597391] [exploration]: v=+0.20 w=+0.00 | 直行 d=1.50
[INFO] [1790745023.689654830] [exploration]: v=+0.20 w=+0.00 | 直行 d=1.47
[INFO] [1790745023.788957523] [exploration]: v=+0.20 w=+0.00 | 直行 d=1.45
[INFO] [1790745023.888966866] [exploration]: v=+0.20 w=+0.00 | 直行 d=1.44
[INFO] [1790745023.989975022] [exploration]: v=+0.20 w=+0.00 | 直行 d=1.41
[INFO] [1790745024.089941706] [exploration]: v=+0.20 w=+0.00 | 直行 d=1.40
[INFO] [1790745024.190216154] [exploration]: v=+0.20 w=+0.00 | 直行 d=1.38
[INFO] [1790745024.289887255] [exploration]: v=+0.20 w=+0.00 | 直行 d=1.36
[INFO] [1790745024.389680297] [exploration]: v=+0.20 w=+0.00 | 直行 d=1.34
[INFO] [1790745024.488514599] [exploration]: v=+0.20 w=+0.00 | 直行 d=1.32
[INFO] [1790745024.590932664] [exploration]: v=+0.20 w=+0.00 | 直行 d=1.30
[INFO] [1790745024.691346069] [exploration]: v=+0.20 w=+0.00 | 直行 d=1.28
[INFO] [1790745024.790939456] [exploration]: v=+0.20 w=+0.00 | 直行 d=1.26
[INFO] [1790745024.890557946] [exploration]: v=+0.20 w=+0.00 | 直行 d=1.25
[INFO] [1790745024.990053753] [exploration]: v=+0.20 w=+0.00 | 直行 d=1.22
[INFO] [1790745025.090705869] [exploration]: v=+0.20 w=+0.00 | 直行 d=1.20
[INFO] [1790745025.190159884] [exploration]: v=+0.20 w=+0.00 | 直行 d=1.18
[INFO] [1790745025.292207773] [exploration]: v=+0.20 w=+0.00 | 直行 d=1.16
[INFO] [1790745025.390847420] [exploration]: v=+0.20 w=+0.00 | 直行 d=1.14
[INFO] [1790745025.491803430] [exploration]: v=+0.20 w=+0.00 | 直行 d=1.12
[INFO] [1790745025.592975045] [exploration]: v=+0.20 w=+0.00 | 直行 d=1.10
[INFO] [1790745025.691891755] [exploration]: v=+0.20 w=+0.00 | 直行 d=1.08
[INFO] [1790745025.792841996] [exploration]: v=+0.20 w=+0.00 | 直行 d=1.06
[INFO] [1790745025.892580382] [exploration]: v=+0.20 w=+0.00 | 直行 d=1.04
[INFO] [1790745025.992277345] [exploration]: v=+0.20 w=+0.00 | 直行 d=1.03
[INFO] [1790745026.092506686] [exploration]: v=+0.20 w=+0.00 | 直行 d=1.00
[INFO] [1790745026.192838981] [exploration]: v=+0.20 w=+0.00 | 直行 d=0.99
[INFO] [1790745026.293005504] [exploration]: v=+0.20 w=+0.00 | 直行 d=0.97
[INFO] [1790745026.392631987] [exploration]: v=+0.20 w=+0.00 | 直行 d=0.95
[INFO] [1790745026.493059062] [exploration]: v=+0.20 w=+0.00 | 直行 d=0.93
[INFO] [1790745026.592960337] [exploration]: v=+0.20 w=+0.00 | 直行 d=0.91
[INFO] [1790745026.692685860] [exploration]: v=+0.20 w=+0.00 | 直行 d=0.89
[INFO] [1790745026.792466399] [exploration]: v=+0.20 w=+0.00 | 直行 d=0.86
[INFO] [1790745026.893964015] [exploration]: v=+0.20 w=+0.00 | 直行 d=0.85
[INFO] [1790745026.994405641] [exploration]: v=+0.20 w=+0.00 | 直行 d=0.83
[INFO] [1790745027.093672046] [exploration]: v=+0.20 w=+0.00 | 直行 d=0.81
[INFO] [1790745027.193805368] [exploration]: v=+0.09 w=+0.00 | 减速 d=0.79
[INFO] [1790745027.292924836] [exploration]: v=+0.00 w=-0.50 | 转向，由于危险 d=0.14
[INFO] [1790745027.393728537] [exploration]: v=+0.00 w=-0.50 | 转向中 front=0.76 目标>0.8
[INFO] [1790745027.493526267] [exploration]: v=+0.00 w=-0.50 | 转向中 front=0.14 目标>0.8
[INFO] [1790745027.593783899] [exploration]: v=+0.00 w=-0.50 | 转向中 front=0.13 目标>0.8
[INFO] [1790745027.694408737] [exploration]: v=+0.00 w=-0.50 | 转向中 front=0.77 目标>0.8
[INFO] [1790745027.893735414] [exploration]: v=+0.00 w=-0.50 | 转向中 front=0.14 目标>0.8
[INFO] [1790745027.994756038] [exploration]: v=+0.00 w=-0.50 | 转向中 front=0.80 目标>0.8
[INFO] [1790745028.095012612] [exploration]: v=+0.00 w=-0.50 | 转向中 front=0.14 目标>0.8
[INFO] [1790745028.196100966] [exploration]: v=+0.00 w=+0.00 | 转向完成，停稳 front=0.84
[INFO] [1790745028.295906529] [exploration]: v=+0.20 w=+0.00 | 直行 d=0.84
[INFO] [1790745028.495622626] [exploration]: v=+0.20 w=+0.00 | 直行 d=0.83
[INFO] [1790745028.596857516] [exploration]: v=+0.20 w=+0.00 | 直行 d=0.82
[INFO] [1790745028.696674941] [exploration]: v=+0.00 w=-0.50 | 右侧缺口 l=0.86 r=0.35
[INFO] [1790745028.796660028] [exploration]: v=+0.00 w=-0.50 | 转向中 front=0.14 目标>0.8
[INFO] [1790745028.895926512] [exploration]: v=+0.00 w=-0.50 | 转向中 front=0.76 目标>0.8
[INFO] [1790745028.996711380] [exploration]: v=+0.00 w=-0.50 | 转向中 front=0.77 目标>0.8
[INFO] [1790745029.097791179] [exploration]: v=+0.00 w=-0.50 | 转向中 front=0.13 目标>0.8
[INFO] [1790745029.198375120] [exploration]: v=+0.00 w=-0.50 | 转向中 front=0.14 目标>0.8
[INFO] [1790745029.496188961] [exploration]: v=+0.00 w=+0.00 | 转向完成，停稳 front=0.91
[INFO] [1790745029.597083154] [exploration]: v=+0.20 w=+0.00 | 直行 d=0.92
[INFO] [1790745029.897453691] [exploration]: v=+0.20 w=+0.00 | 直行 d=0.91
[INFO] [1790745029.997256023] [exploration]: v=+0.20 w=+0.00 | 直行 d=0.88
[INFO] [1790745030.097575569] [exploration]: v=+0.20 w=+0.00 | 直行 d=0.87
[INFO] [1790745030.197689565] [exploration]: v=+0.20 w=+0.00 | 直行 d=0.84
[INFO] [1790745030.297887593] [exploration]: v=+0.20 w=+0.00 | 直行 d=0.83
[INFO] [1790745030.497804062] [exploration]: v=+0.08 w=+0.00 | 减速 d=0.78
[INFO] [1790745030.598952745] [exploration]: v=+0.00 w=-0.50 | 转向，由于危险 d=0.14
[INFO] [1790745030.699092078] [exploration]: v=+0.00 w=-0.50 | 转向中 front=0.14 目标>0.8
[INFO] [1790745030.799404318] [exploration]: v=+0.00 w=-0.50 | 转向中 front=0.12 目标>0.8
[INFO] [1790745030.898754388] [exploration]: v=+0.00 w=-0.50 | 转向中 front=0.13 目标>0.8
[INFO] [1790745030.998480978] [exploration]: v=+0.00 w=-0.50 | 转向中 front=0.14 目标>0.8
[INFO] [1790745031.099549913] [exploration]: v=+0.00 w=+0.00 | 转向完成，停稳 front=0.92
[INFO] [1790745031.199949678] [exploration]: v=+0.00 w=-0.50 | 转向，由于危险 d=0.14
[INFO] [1790745031.300079477] [exploration]: v=+0.00 w=+0.00 | 转向完成，停稳 front=1.00
[INFO] [1790745031.399761056] [exploration]: v=+0.20 w=+0.00 | 直行 d=1.04
[INFO] [1790745031.499174531] [exploration]: v=+0.20 w=+0.00 | 直行 d=1.05
[INFO] [1790745031.600433788] [exploration]: v=+0.20 w=+0.00 | 直行 d=1.04
[INFO] [1790745031.700717637] [exploration]: v=+0.20 w=+0.00 | 直行 d=1.03
[INFO] [1790745031.799947591] [exploration]: v=+0.20 w=+0.00 | 直行 d=1.02
[INFO] [1790745031.900099087] [exploration]: v=+0.20 w=+0.00 | 直行 d=1.00
[INFO] [1790745032.100813414] [exploration]: v=+0.20 w=+0.00 | 直行 d=0.98
[INFO] [1790745032.200813281] [exploration]: v=+0.20 w=+0.00 | 直行 d=0.95
[INFO] [1790745032.400411218] [exploration]: v=+0.20 w=+0.00 | 直行 d=0.93
[INFO] [1790745032.502347507] [exploration]: v=+0.20 w=+0.00 | 直行 d=0.92
[INFO] [1790745032.601598152] [exploration]: v=+0.20 w=+0.00 | 直行 d=0.88
[INFO] [1790745032.702122874] [exploration]: v=+0.20 w=+0.00 | 直行 d=0.89
[INFO] [1790745032.801595041] [exploration]: v=+0.20 w=+0.00 | 直行 d=0.87
[INFO] [1790745032.901330470] [exploration]: v=+0.20 w=+0.00 | 直行 d=0.85
[INFO] [1790745033.001793231] [exploration]: v=+0.20 w=+0.00 | 直行 d=0.83
[INFO] [1790745033.203531033] [exploration]: v=+0.20 w=+0.00 | 直行 d=0.82
[INFO] [1790745033.303654394] [exploration]: v=+0.20 w=+0.00 | 直行 d=0.81
[INFO] [1790745033.402847741] [exploration]: v=+0.20 w=+0.00 | 直行 d=0.80
[INFO] [1790745033.502871360] [exploration]: v=+0.08 w=+0.00 | 减速 d=0.77
[INFO] [1790745033.602552773] [exploration]: v=+0.00 w=-0.50 | 转向，由于危险 d=0.15
[INFO] [1790745033.702174895] [exploration]: v=+0.00 w=-0.50 | 转向中 front=0.16 目标>0.8
[INFO] [1790745033.802409211] [exploration]: v=+0.00 w=-0.50 | 转向中 front=0.78 目标>0.8
[INFO] [1790745033.903665725] [exploration]: v=+0.00 w=+0.00 | 转向完成，停稳 front=0.84
[INFO] [1790745034.003777696] [exploration]: v=+0.20 w=+0.00 | 直行 d=0.90
[INFO] [1790745034.103984357] [exploration]: v=+0.00 w=-0.50 | 转向，由于危险 d=0.13
[INFO] [1790745034.202601419] [exploration]: v=+0.00 w=+0.00 | 转向完成，停稳 front=0.92
[INFO] [1790745034.304448910] [exploration]: v=+0.00 w=-0.50 | 转向，由于危险 d=0.40
[INFO] [1790745034.404546183] [exploration]: v=+0.00 w=-0.50 | 转向中 front=0.14 目标>0.8
[INFO] [1790745034.504234617] [exploration]: v=+0.00 w=-0.50 | 转向中 front=0.13 目标>0.8
[INFO] [1790745034.605299113] [exploration]: v=+0.00 w=+0.00 | 转向完成，停稳 front=0.90
[INFO] [1790745034.704493723] [exploration]: v=+0.00 w=-0.50 | 转向，由于危险 d=0.14
[INFO] [1790745034.805205380] [exploration]: v=+0.00 w=+0.00 | 转向完成，停稳 front=0.87
[INFO] [1790745034.905022321] [exploration]: v=+0.00 w=-0.50 | 转向，由于危险 d=0.14
[INFO] [1790745035.004237023] [exploration]: v=+0.00 w=+0.00 | 转向完成，停稳 front=0.85
[INFO] [1790745035.104969523] [exploration]: v=+0.00 w=-0.50 | 转向，由于危险 d=0.40
[INFO] [1790745035.205209885] [exploration]: v=+0.00 w=-0.50 | 转向中 front=0.13 目标>0.8
[INFO] [1790745035.405566394] [exploration]: v=+0.00 w=+0.00 | 转向完成，停稳 front=0.84
[INFO] [1790745035.505669699] [exploration]: v=+0.20 w=+0.00 | 直行 d=0.85
[INFO] [1790745035.605250933] [exploration]: v=+0.00 w=-0.50 | 转向，由于危险 d=0.14
[INFO] [1790745035.707294935] [exploration]: v=+0.00 w=-0.50 | 转向中 front=0.13 目标>0.8
[INFO] [1790745035.807348425] [exploration]: v=+0.00 w=+0.00 | 转向完成，停稳 front=0.84
[INFO] [1790745035.906554109] [exploration]: v=+0.00 w=-0.50 | 转向，由于危险 d=0.14
[INFO] [1790745036.006799100] [exploration]: v=+0.00 w=-0.50 | 转向中 front=0.13 目标>0.8
[INFO] [1790745036.108407289] [exploration]: v=+0.00 w=+0.00 | 转向完成，停稳 front=0.83
[INFO] [1790745036.208117965] [exploration]: v=+0.00 w=-0.50 | 转向，由于危险 d=0.17
[INFO] [1790745036.306858341] [exploration]: v=+0.00 w=-0.50 | 转向中 front=0.15 目标>0.8
[INFO] [1790745036.407838402] [exploration]: v=+0.00 w=-0.50 | 转向中 front=0.16 目标>0.8
[INFO] [1790745036.507753437] [exploration]: v=+0.00 w=-0.50 | 转向中 front=0.15 目标>0.8
[INFO] [1790745036.607511741] [exploration]: v=-0.08 w=+0.00 | 卡死：3.0s 内位移 < 0.05m，倒退脱困
[INFO] [1790745036.706791550] [exploration]: v=-0.08 w=+0.00 | 脱困：倒退
[INFO] [1790745038.609537316] [exploration]: v=+0.00 w=+0.00 | 脱困完成，停稳
[INFO] [1790745038.710072098] [exploration]: v=+0.00 w=+0.00 | 转向完成，停稳 front=0.95
[INFO] [1790745038.810040915] [exploration]: v=+0.20 w=+0.00 | 直行 d=1.01
[INFO] [1790745038.909578528] [exploration]: v=+0.00 w=-0.50 | 转向，由于危险 d=0.13
[INFO] [1790745039.011858139] [exploration]: v=+0.00 w=+0.00 | 转向完成，停稳 front=1.02
[INFO] [1790745039.112400932] [exploration]: v=+0.00 w=-0.50 | 转向，由于危险 d=0.14
[INFO] [1790745039.211386897] [exploration]: v=+0.00 w=-0.50 | 转向中 front=0.13 目标>0.8
[INFO] [1790745039.312015561] [exploration]: v=+0.00 w=+0.00 | 转向完成，停稳 front=1.38
[INFO] [1790745039.411772745] [exploration]: v=+0.00 w=-0.50 | 转向，由于危险 d=0.15
[INFO] [1790745039.512809596] [exploration]: v=+0.00 w=-0.50 | 转向中 front=0.13 目标>0.8
[INFO] [1790745039.612083621] [exploration]: v=+0.00 w=+0.00 | 转向完成，停稳 front=0.91
[INFO] [1790745039.711754307] [exploration]: v=+0.20 w=+0.00 | 直行 d=0.95
[INFO] [1790745039.812532586] [exploration]: v=+0.20 w=+0.00 | 直行 d=1.05
[INFO] [1790745039.912396420] [exploration]: v=+0.20 w=+0.00 | 直行 d=1.27
[INFO] [1790745040.012252851] [exploration]: v=+0.20 w=+0.00 | 直行 d=1.26
[INFO] [1790745040.112646405] [exploration]: v=+0.00 w=-0.50 | 转向，由于危险 d=0.15
[INFO] [1790745040.213216951] [exploration]: v=+0.00 w=-0.50 | 转向中 front=0.13 目标>0.8
[INFO] [1790745040.313310899] [exploration]: v=+0.00 w=+0.00 | 转向完成，停稳 front=1.16
[INFO] [1790745040.413215191] [exploration]: v=+0.00 w=-0.50 | 转向，由于危险 d=0.14
[INFO] [1790745040.514138508] [exploration]: v=+0.00 w=-0.50 | 转向中 front=0.14 目标>0.8
[INFO] [1790745040.613439617] [exploration]: v=+0.00 w=+0.00 | 转向完成，停稳 front=1.11
[INFO] [1790745040.713713678] [exploration]: v=+0.20 w=+0.00 | 直行 d=1.12
[INFO] [1790745040.813926583] [exploration]: v=+0.00 w=-0.50 | 转向，由于危险 d=0.14
[INFO] [1790745040.913779499] [exploration]: v=+0.00 w=-0.50 | 转向中 front=0.14 目标>0.8
[INFO] [1790745041.014353122] [exploration]: v=+0.00 w=-0.50 | 转向中 front=0.13 目标>0.8
[INFO] [1790745041.113758603] [exploration]: v=+0.00 w=-0.50 | 转向中 front=0.15 目标>0.8
[INFO] [1790745041.215552640] [exploration]: v=+0.00 w=-0.50 | 转向中 front=0.14 目标>0.8
[INFO] [1790745041.314837280] [exploration]: v=+0.00 w=-0.50 | 转向中 front=0.13 目标>0.8
[INFO] [1790745041.414669524] [exploration]: v=+0.00 w=+0.00 | 转向完成，停稳 front=0.98
[INFO] [1790745041.515448637] [exploration]: v=+0.00 w=-0.50 | 转向，由于危险 d=0.13
[INFO] [1790745041.615356785] [exploration]: v=+0.00 w=-0.50 | 转向中 front=0.14 目标>0.8
[INFO] [1790745041.715224891] [exploration]: v=+0.00 w=+0.00 | 转向完成，停稳 front=0.92
[INFO] [1790745041.815253584] [exploration]: v=+0.00 w=-0.50 | 转向，由于危险 d=0.15
[INFO] [1790745041.916424905] [exploration]: v=+0.00 w=+0.00 | 转向完成，停稳 front=0.87
[INFO] [1790745042.016142158] [exploration]: v=+0.00 w=-0.50 | 转向，由于危险 d=0.15
[INFO] [1790745042.116423790] [exploration]: v=+0.00 w=-0.50 | 转向中 front=0.14 目标>0.8
[INFO] [1790745042.217080577] [exploration]: v=+0.00 w=-0.50 | 转向中 front=0.15 目标>0.8
[INFO] [1790745042.516625997] [exploration]: v=+0.00 w=+0.00 | 转向完成，停稳 front=0.87
[INFO] [1790745042.617780596] [exploration]: v=+0.00 w=-0.50 | 转向，由于危险 d=0.40
[INFO] [1790745042.717594598] [exploration]: v=+0.00 w=-0.50 | 转向中 front=0.13 目标>0.8
[INFO] [1790745042.918595420] [exploration]: v=+0.00 w=-0.50 | 转向中 front=0.16 目标>0.8
[INFO] [1790745043.019631018] [exploration]: v=+0.00 w=-0.50 | 转向中 front=0.13 目标>0.8
[INFO] [1790745043.119096662] [exploration]: v=-0.08 w=+0.00 | 卡死：3.0s 内位移 < 0.05m，倒退脱困
[INFO] [1790745043.219082107] [exploration]: v=-0.08 w=+0.00 | 脱困：倒退
[INFO] [1790745045.121343185] [exploration]: v=+0.00 w=+0.00 | 脱困完成，停稳
[INFO] [1790745045.221411001] [exploration]: v=+0.00 w=-0.50 | 转向中 front=0.14 目标>0.8
[INFO] [1790745045.321389083] [exploration]: v=+0.00 w=-0.50 | 转向中 front=0.13 目标>0.8
[INFO] [1790745045.421130017] [exploration]: v=+0.00 w=+0.00 | 转向完成，停稳 front=0.83
[INFO] [1790745045.521085568] [exploration]: v=+0.00 w=-0.50 | 转向，由于危险 d=0.14
[INFO] [1790745045.621192516] [exploration]: v=+0.00 w=+0.00 | 转向完成，停稳 front=0.83
[INFO] [1790745045.722504500] [exploration]: v=+0.20 w=+0.00 | 直行 d=0.83
[INFO] [1790745045.922699789] [exploration]: v=+0.20 w=+0.00 | 直行 d=0.82
[INFO] [1790745046.022383996] [exploration]: v=+0.09 w=+0.00 | 减速 d=0.80
[INFO] [1790745046.122747992] [exploration]: v=+0.00 w=-0.50 | 转向，由于危险 d=0.13
[INFO] [1790745046.222772946] [exploration]: v=+0.00 w=-0.50 | 转向中 front=0.14 目标>0.8
[INFO] [1790745046.622949358] [exploration]: v=+0.00 w=-0.50 | 转向中 front=0.13 目标>0.8
[INFO] [1790745046.822653150] [exploration]: v=+0.00 w=-0.50 | 转向中 front=0.79 目标>0.8
[INFO] [1790745046.922878998] [exploration]: v=+0.00 w=+0.00 | 转向完成，停稳 front=0.81
[INFO] [1790745047.023505319] [exploration]: v=+0.20 w=+0.00 | 直行 d=1.62
[INFO] [1790745047.123284062] [exploration]: v=+0.20 w=+0.00 | 直行 d=1.61
[INFO] [1790745047.222385481] [exploration]: v=+0.20 w=+0.00 | 直行 d=1.59
[INFO] [1790745047.423511291] [exploration]: v=+0.20 w=+0.00 | 直行 d=1.57
[INFO] [1790745047.523050417] [exploration]: v=+0.20 w=+0.00 | 直行 d=1.54
[INFO] [1790745047.623612454] [exploration]: v=+0.20 w=+0.00 | 直行 d=1.53
[INFO] [1790745047.823694288] [exploration]: v=+0.20 w=+0.00 | 直行 d=1.50
[INFO] [1790745047.923879781] [exploration]: v=+0.20 w=+0.00 | 直行 d=1.47
[INFO] [1790745048.024958250] [exploration]: v=+0.20 w=+0.00 | 直行 d=1.45
[INFO] [1790745048.124471064] [exploration]: v=+0.20 w=+0.00 | 直行 d=1.44
[INFO] [1790745048.224359042] [exploration]: v=+0.20 w=+0.00 | 直行 d=1.43
[INFO] [1790745048.324284765] [exploration]: v=+0.20 w=+0.00 | 直行 d=1.40
[INFO] [1790745048.424287034] [exploration]: v=+0.20 w=+0.00 | 直行 d=1.37
[INFO] [1790745048.626034108] [exploration]: v=+0.20 w=+0.00 | 直行 d=1.36
[INFO] [1790745048.726028597] [exploration]: v=+0.20 w=+0.00 | 直行 d=1.33
[INFO] [1790745048.825843762] [exploration]: v=+0.20 w=+0.00 | 直行 d=1.30
[INFO] [1790745048.926684874] [exploration]: v=+0.20 w=+0.00 | 直行 d=1.28
[INFO] [1790745049.025935914] [exploration]: v=+0.20 w=+0.00 | 直行 d=1.26
[INFO] [1790745049.126330890] [exploration]: v=+0.20 w=+0.00 | 直行 d=1.23
[INFO] [1790745049.226115420] [exploration]: v=+0.20 w=+0.00 | 直行 d=1.22
[INFO] [1790745049.325987292] [exploration]: v=+0.20 w=+0.00 | 直行 d=1.19
[INFO] [1790745049.526428801] [exploration]: v=+0.20 w=+0.00 | 直行 d=1.17
[INFO] [1790745049.626246390] [exploration]: v=+0.20 w=+0.00 | 直行 d=1.15
[INFO] [1790745049.725704594] [exploration]: v=+0.20 w=+0.00 | 直行 d=1.11
[INFO] [1790745049.826855148] [exploration]: v=+0.20 w=+0.00 | 直行 d=1.09
[INFO] [1790745050.026494776] [exploration]: v=+0.20 w=+0.00 | 直行 d=1.08
[INFO] [1790745050.126312992] [exploration]: v=+0.20 w=+0.00 | 直行 d=1.04
[INFO] [1790745050.227638205] [exploration]: v=+0.20 w=+0.00 | 直行 d=1.02
[INFO] [1790745050.326946600] [exploration]: v=+0.20 w=+0.00 | 直行 d=0.99
[INFO] [1790745050.427856206] [exploration]: v=+0.20 w=+0.00 | 直行 d=0.98
[INFO] [1790745050.527035303] [exploration]: v=+0.20 w=+0.00 | 直行 d=0.97
[INFO] [1790745050.628141800] [exploration]: v=+0.20 w=+0.00 | 直行 d=0.94
[INFO] [1790745050.727811056] [exploration]: v=+0.20 w=+0.00 | 直行 d=0.91
[INFO] [1790745050.827564394] [exploration]: v=+0.20 w=+0.00 | 直行 d=0.89
[INFO] [1790745050.928336956] [exploration]: v=+0.20 w=+0.00 | 直行 d=0.88
[INFO] [1790745051.029276029] [exploration]: v=+0.20 w=+0.00 | 直行 d=0.85
[INFO] [1790745051.129526890] [exploration]: v=+0.20 w=+0.00 | 直行 d=0.84
[INFO] [1790745051.228387442] [exploration]: v=+0.20 w=+0.00 | 直行 d=0.81
[INFO] [1790745051.328861180] [exploration]: v=+0.09 w=+0.00 | 减速 d=0.79
[INFO] [1790745051.428504418] [exploration]: v=+0.00 w=-0.50 | 转向，由于危险 d=0.14
[INFO] [1790745051.528906734] [exploration]: v=+0.00 w=-0.50 | 转向中 front=0.13 目标>0.8
[INFO] [1790745051.728400867] [exploration]: v=+0.00 w=-0.50 | 转向中 front=0.75 目标>0.8
[INFO] [1790745051.828847059] [exploration]: v=+0.00 w=-0.50 | 转向中 front=0.13 目标>0.8
[INFO] [1790745052.029657187] [exploration]: v=+0.00 w=-0.50 | 转向中 front=0.14 目标>0.8
[INFO] [1790745052.131458042] [exploration]: v=+0.00 w=+0.00 | 转向完成，停稳 front=0.89
[INFO] [1790745052.229933986] [exploration]: v=+0.20 w=+0.00 | 直行 d=0.91
[INFO] [1790745052.330897639] [exploration]: v=+0.20 w=+0.00 | 直行 d=0.92
[INFO] [1790745052.430230320] [exploration]: v=+0.20 w=+0.00 | 直行 d=0.90
[INFO] [1790745052.630625016] [exploration]: v=+0.20 w=+0.00 | 直行 d=0.88
[INFO] [1790745052.730543424] [exploration]: v=+0.20 w=+0.00 | 直行 d=1.16
[INFO] [1790745052.831584185] [exploration]: v=+0.20 w=+0.00 | 直行 d=1.14
[INFO] [1790745052.930769827] [exploration]: v=+0.20 w=+0.00 | 直行 d=1.10
[INFO] [1790745053.130347604] [exploration]: v=+0.20 w=+0.00 | 直行 d=1.09
[INFO] [1790745053.231026526] [exploration]: v=+0.20 w=+0.00 | 直行 d=1.07
[INFO] [1790745053.330957671] [exploration]: v=+0.20 w=+0.00 | 直行 d=1.06
[INFO] [1790745053.432467980] [exploration]: v=+0.20 w=+0.00 | 直行 d=1.04
[INFO] [1790745053.531633526] [exploration]: v=+0.20 w=+0.00 | 直行 d=1.03
[INFO] [1790745053.632292840] [exploration]: v=+0.20 w=+0.00 | 直行 d=1.01
[INFO] [1790745053.732458618] [exploration]: v=+0.20 w=+0.00 | 直行 d=0.99
[INFO] [1790745053.832155783] [exploration]: v=+0.20 w=+0.00 | 直行 d=0.97
[INFO] [1790745053.931855627] [exploration]: v=+0.20 w=+0.00 | 直行 d=0.96
[INFO] [1790745054.032919298] [exploration]: v=+0.20 w=+0.00 | 直行 d=0.93
[INFO] [1790745054.233201285] [exploration]: v=+0.20 w=+0.00 | 直行 d=0.90
[INFO] [1790745054.333990407] [exploration]: v=+0.20 w=+0.00 | 直行 d=0.89
[INFO] [1790745054.433289138] [exploration]: v=+0.20 w=+0.00 | 直行 d=0.87
[INFO] [1790745054.533938786] [exploration]: v=+0.20 w=+0.00 | 直行 d=0.86
[INFO] [1790745054.633242734] [exploration]: v=+0.20 w=+0.00 | 直行 d=0.83
[INFO] [1790745054.733794973] [exploration]: v=+0.20 w=+0.00 | 直行 d=0.81
[INFO] [1790745054.834627951] [exploration]: v=+0.09 w=+0.00 | 减速 d=0.79
[INFO] [1790745054.933329471] [exploration]: v=+0.00 w=-0.50 | 转向，由于危险 d=0.14
[INFO] [1790745055.034647775] [exploration]: v=+0.00 w=-0.50 | 转向中 front=0.77 目标>0.8
[INFO] [1790745055.134484479] [exploration]: v=+0.00 w=-0.50 | 转向中 front=0.14 目标>0.8
[INFO] [1790745055.334353886] [exploration]: v=+0.00 w=-0.50 | 转向中 front=0.71 目标>0.8
[INFO] [1790745055.434243285] [exploration]: v=+0.00 w=-0.50 | 转向中 front=0.14 目标>0.8
[INFO] [1790745055.534675802] [exploration]: v=+0.00 w=-0.50 | 转向中 front=0.72 目标>0.8
[INFO] [1790745055.635732934] [exploration]: v=+0.00 w=-0.50 | 转向中 front=0.73 目标>0.8
[INFO] [1790745055.734923153] [exploration]: v=+0.00 w=-0.50 | 转向中 front=0.72 目标>0.8
[INFO] [1790745056.035548027] [exploration]: v=+0.00 w=-0.50 | 转向中 front=0.73 目标>0.8
[INFO] [1790745056.135543534] [exploration]: v=+0.00 w=-0.50 | 转向中 front=0.72 目标>0.8
[INFO] [1790745056.536211941] [exploration]: v=+0.00 w=-0.50 | 转向中 front=0.73 目标>0.8
[INFO] [1790745056.736299484] [exploration]: v=+0.00 w=-0.50 | 转向中 front=0.74 目标>0.8
[INFO] [1790745056.836688270] [exploration]: v=+0.00 w=-0.50 | 转向中 front=0.75 目标>0.8
[INFO] [1790745057.036039969] [exploration]: v=+0.00 w=-0.50 | 转向中 front=0.76 目标>0.8
[INFO] [1790745057.136605524] [exploration]: v=+0.00 w=-0.50 | 转向中 front=0.78 目标>0.8
[INFO] [1790745057.236909424] [exploration]: v=+0.00 w=+0.00 | 转向完成，停稳 front=0.80
[INFO] [1790745057.337101359] [exploration]: v=+0.20 w=+0.00 | 直行 d=0.80
[INFO] [1790745057.437443884] [exploration]: v=+0.20 w=+0.00 | 直行 d=0.81
[INFO] [1790745057.538337852] [exploration]: v=+0.09 w=+0.00 | 减速 d=0.79
[INFO] [1790745057.637463683] [exploration]: v=+0.00 w=-0.50 | 转向，由于危险 d=0.14
[INFO] [1790745057.737784797] [exploration]: v=+0.00 w=-0.50 | 转向中 front=0.13 目标>0.8
[INFO] [1790745057.836893689] [exploration]: v=+0.00 w=-0.50 | 转向中 front=0.14 目标>0.8
[INFO] [1790745057.937765697] [exploration]: v=-0.08 w=+0.00 | 卡死：3.0s 内位移 < 0.05m，倒退脱困
[INFO] [1790745058.038620370] [exploration]: v=-0.08 w=+0.00 | 脱困：倒退
[INFO] [1790745059.943939423] [exploration]: v=+0.00 w=+0.00 | 脱困完成，停稳
[INFO] [1790745060.042570383] [exploration]: v=+0.00 w=-0.50 | 转向中 front=0.13 目标>0.8
[INFO] [1790745060.142383218] [exploration]: v=+0.00 w=-0.50 | 转向中 front=0.14 目标>0.8
[INFO] [1790745060.242551220] [exploration]: v=+0.00 w=-0.50 | 转向中 front=0.15 目标>0.8
[INFO] [1790745060.343170094] [exploration]: v=+0.00 w=+0.00 | 转向完成，停稳 front=1.05
[INFO] [1790745060.442619717] [exploration]: v=+0.20 w=+0.00 | 直行 d=1.08
[INFO] [1790745060.743411871] [exploration]: v=+0.20 w=+0.00 | 直行 d=1.06
[INFO] [1790745060.842974911] [exploration]: v=+0.20 w=+0.00 | 直行 d=1.04
[INFO] [1790745060.944937049] [exploration]: v=+0.20 w=+0.00 | 直行 d=1.03
[INFO] [1790745061.044276291] [exploration]: v=+0.20 w=+0.00 | 直行 d=1.00
[INFO] [1790745061.244415071] [exploration]: v=+0.20 w=+0.00 | 直行 d=0.97
[INFO] [1790745061.344603949] [exploration]: v=+0.20 w=+0.00 | 直行 d=0.96
[INFO] [1790745061.445017166] [exploration]: v=+0.20 w=+0.00 | 直行 d=0.94
[INFO] [1790745061.544900278] [exploration]: v=+0.20 w=+0.00 | 直行 d=0.93
[INFO] [1790745061.645170448] [exploration]: v=+0.20 w=+0.00 | 直行 d=0.90
[INFO] [1790745061.746086491] [exploration]: v=+0.20 w=+0.00 | 直行 d=0.89
[INFO] [1790745061.846748325] [exploration]: v=+0.20 w=+0.00 | 直行 d=0.88
[INFO] [1790745061.946327666] [exploration]: v=+0.20 w=+0.00 | 直行 d=0.86
[INFO] [1790745062.046417685] [exploration]: v=+0.20 w=+0.00 | 直行 d=0.85
[INFO] [1790745062.147298860] [exploration]: v=+0.20 w=+0.00 | 直行 d=0.83
[INFO] [1790745062.245996539] [exploration]: v=+0.20 w=+0.00 | 直行 d=0.82
[INFO] [1790745062.346137391] [exploration]: v=+0.20 w=+0.00 | 直行 d=0.80
[INFO] [1790745062.446177127] [exploration]: v=+0.09 w=+0.00 | 减速 d=0.79
[INFO] [1790745062.545691088] [exploration]: v=+0.00 w=-0.50 | 转向，由于危险 d=0.14
[INFO] [1790745062.646350301] [exploration]: v=+0.00 w=-0.50 | 转向中 front=0.13 目标>0.8
[INFO] [1790745062.747128746] [exploration]: v=+0.00 w=-0.50 | 转向中 front=0.14 目标>0.8
[INFO] [1790745063.046919779] [exploration]: v=+0.00 w=-0.50 | 转向中 front=0.13 目标>0.8
[INFO] [1790745063.146877299] [exploration]: v=+0.00 w=-0.50 | 转向中 front=0.14 目标>0.8
[INFO] [1790745063.247408534] [exploration]: v=+0.00 w=+0.00 | 转向完成，停稳 front=0.98
[INFO] [1790745063.347823490] [exploration]: v=+0.20 w=+0.00 | 直行 d=0.97
[INFO] [1790745063.546976035] [exploration]: v=+0.20 w=+0.00 | 直行 d=0.96
[INFO] [1790745063.648337811] [exploration]: v=+0.20 w=+0.00 | 直行 d=0.93
[INFO] [1790745063.747819551] [exploration]: v=+0.20 w=+0.00 | 直行 d=0.92
[INFO] [1790745063.847312937] [exploration]: v=+0.20 w=+0.00 | 直行 d=0.89
[INFO] [1790745063.948145121] [exploration]: v=+0.20 w=+0.00 | 直行 d=0.88
[INFO] [1790745064.048997410] [exploration]: v=+0.20 w=+0.00 | 直行 d=0.85
[INFO] [1790745064.148415852] [exploration]: v=+0.20 w=+0.00 | 直行 d=0.83
[INFO] [1790745064.248588068] [exploration]: v=+0.20 w=+0.00 | 直行 d=0.82
[INFO] [1790745064.348267004] [exploration]: v=+0.09 w=+0.00 | 减速 d=0.80
[INFO] [1790745064.448525863] [exploration]: v=+0.00 w=-0.50 | 转向，由于危险 d=0.40
[INFO] [1790745064.548493052] [exploration]: v=+0.00 w=-0.50 | 转向中 front=0.77 目标>0.8
[INFO] [1790745064.650082862] [exploration]: v=+0.00 w=-0.50 | 转向中 front=0.15 目标>0.8
[INFO] [1790745064.749900239] [exploration]: v=+0.00 w=-0.50 | 转向中 front=0.76 目标>0.8
[INFO] [1790745064.849808037] [exploration]: v=+0.00 w=-0.50 | 转向中 front=0.17 目标>0.8
[INFO] [1790745064.950737760] [exploration]: v=+0.00 w=-0.50 | 转向中 front=0.14 目标>0.8
[INFO] [1790745065.149393162] [exploration]: v=+0.00 w=-0.50 | 转向中 front=0.76 目标>0.8
[INFO] [1790745065.649527178] [exploration]: v=+0.00 w=-0.50 | 转向中 front=0.77 目标>0.8
[INFO] [1790745066.149438702] [exploration]: v=+0.00 w=-0.50 | 转向中 front=0.79 目标>0.8
[INFO] [1790745066.250035698] [exploration]: v=+0.00 w=+0.00 | 转向完成，停稳 front=0.80
[INFO] [1790745066.350821529] [exploration]: v=+0.20 w=+0.00 | 直行 d=0.80
[INFO] [1790745066.550531970] [exploration]: v=+0.08 w=+0.00 | 减速 d=0.79
[INFO] [1790745066.649951030] [exploration]: v=+0.00 w=-0.50 | 转向，由于危险 d=0.13
[INFO] [1790745066.750313515] [exploration]: v=+0.00 w=-0.50 | 转向中 front=0.14 目标>0.8
[INFO] [1790745066.850452953] [exploration]: v=+0.00 w=-0.50 | 转向中 front=0.77 目标>0.8
[INFO] [1790745066.951150497] [exploration]: v=+0.00 w=-0.50 | 转向中 front=0.13 目标>0.8
[INFO] [1790745067.151668170] [exploration]: v=+0.00 w=-0.50 | 转向中 front=0.14 目标>0.8
[INFO] [1790745067.251282467] [exploration]: v=+0.00 w=-0.50 | 转向中 front=0.13 目标>0.8
[INFO] [1790745067.351873157] [exploration]: v=+0.00 w=+0.00 | 转向完成，停稳 front=0.87
[INFO] [1790745067.450966905] [exploration]: v=+0.20 w=+0.00 | 直行 d=0.88
[INFO] [1790745067.752197250] [exploration]: v=+0.20 w=+0.00 | 直行 d=0.86
[INFO] [1790745067.851907753] [exploration]: v=+0.20 w=+0.00 | 直行 d=0.83
[INFO] [1790745067.953466432] [exploration]: v=+0.20 w=+0.00 | 直行 d=0.82
[INFO] [1790745068.052747034] [exploration]: v=+0.20 w=+0.00 | 直行 d=0.80
[INFO] [1790745068.152237472] [exploration]: v=+0.09 w=+0.00 | 减速 d=0.79
[INFO] [1790745068.252768229] [exploration]: v=+0.08 w=+0.00 | 减速 d=0.77
[INFO] [1790745068.352668736] [exploration]: v=+0.00 w=-0.50 | 转向，由于危险 d=0.14
[INFO] [1790745068.452620886] [exploration]: v=+0.00 w=-0.50 | 转向中 front=0.14 目标>0.8
[INFO] [1790745068.653856621] [exploration]: v=+0.00 w=-0.50 | 转向中 front=0.13 目标>0.8
[INFO] [1790745068.853346812] [exploration]: v=+0.00 w=+0.00 | 转向完成，停稳 front=0.86
[INFO] [1790745068.953290594] [exploration]: v=+0.20 w=+0.00 | 直行 d=0.92
[INFO] [1790745069.254143894] [exploration]: v=+0.20 w=+0.00 | 直行 d=0.90
[INFO] [1790745069.354175693] [exploration]: v=+0.20 w=+0.00 | 直行 d=0.87
[INFO] [1790745069.455132113] [exploration]: v=+0.20 w=+0.00 | 直行 d=0.85
[INFO] [1790745069.555411575] [exploration]: v=+0.20 w=+0.00 | 直行 d=0.86
[INFO] [1790745069.655251260] [exploration]: v=+0.20 w=+0.00 | 直行 d=0.85
[INFO] [1790745069.754491485] [exploration]: v=+0.20 w=+0.00 | 直行 d=0.82
[INFO] [1790745069.855150001] [exploration]: v=+0.20 w=+0.00 | 直行 d=0.81
[INFO] [1790745069.956183247] [exploration]: v=+0.09 w=+0.00 | 减速 d=0.79
[INFO] [1790745070.055824637] [exploration]: v=+0.00 w=-0.50 | 转向，由于危险 d=0.14
[INFO] [1790745070.155777335] [exploration]: v=+0.00 w=-0.50 | 转向中 front=0.14 目标>0.8
[INFO] [1790745070.256061862] [exploration]: v=+0.00 w=+0.00 | 转向完成，停稳 front=0.82
[INFO] [1790745070.355947065] [exploration]: v=+0.00 w=-0.50 | 转向，由于危险 d=0.14
[INFO] [1790745070.455958230] [exploration]: v=+0.00 w=-0.50 | 转向中 front=0.79 目标>0.8
[INFO] [1790745070.556148559] [exploration]: v=+0.00 w=-0.50 | 转向中 front=0.14 目标>0.8
[INFO] [1790745070.656877699] [exploration]: v=+0.00 w=-0.50 | 转向中 front=0.16 目标>0.8
[INFO] [1790745070.757155580] [exploration]: v=+0.00 w=+0.00 | 转向完成，停稳 front=1.07
[INFO] [1790745070.857436873] [exploration]: v=+0.20 w=+0.00 | 直行 d=1.11
[INFO] [1790745070.958282836] [exploration]: v=+0.20 w=+0.00 | 直行 d=1.14
[INFO] [1790745071.057249232] [exploration]: v=+0.20 w=+0.00 | 直行 d=1.13
[INFO] [1790745071.157542783] [exploration]: v=+0.20 w=+0.00 | 直行 d=1.12
[INFO] [1790745071.257909141] [exploration]: v=+0.20 w=+0.00 | 直行 d=1.10
[INFO] [1790745071.357960801] [exploration]: v=+0.20 w=+0.00 | 直行 d=1.08
[INFO] [1790745071.457419064] [exploration]: v=+0.20 w=+0.00 | 直行 d=1.05
[INFO] [1790745071.557232895] [exploration]: v=+0.20 w=+0.00 | 直行 d=1.07
[INFO] [1790745071.657054402] [exploration]: v=+0.20 w=+0.00 | 直行 d=1.05
[INFO] [1790745071.757376106] [exploration]: v=+0.20 w=+0.00 | 直行 d=1.04
[INFO] [1790745071.857249259] [exploration]: v=+0.20 w=+0.00 | 直行 d=1.02
[INFO] [1790745071.958215942] [exploration]: v=+0.20 w=+0.00 | 直行 d=1.00
[INFO] [1790745072.158676864] [exploration]: v=+0.20 w=+0.00 | 直行 d=0.99
[INFO] [1790745072.358432004] [exploration]: v=+0.20 w=+0.00 | 直行 d=0.96
[INFO] [1790745072.458165105] [exploration]: v=+0.20 w=+0.00 | 直行 d=0.95
[INFO] [1790745072.558140538] [exploration]: v=+0.20 w=+0.00 | 直行 d=0.93
[INFO] [1790745072.659003679] [exploration]: v=+0.20 w=+0.00 | 直行 d=0.92
[INFO] [1790745072.760092105] [exploration]: v=+0.20 w=+0.00 | 直行 d=0.91
[INFO] [1790745072.859766612] [exploration]: v=+0.20 w=+0.00 | 直行 d=0.92
[INFO] [1790745072.959856031] [exploration]: v=+0.20 w=+0.00 | 直行 d=0.90
[INFO] [1790745073.160284191] [exploration]: v=+0.20 w=+0.00 | 直行 d=0.87
[INFO] [1790745073.259742449] [exploration]: v=+0.20 w=+0.00 | 直行 d=0.86
[INFO] [1790745073.361101789] [exploration]: v=+0.20 w=+0.00 | 直行 d=0.84
[INFO] [1790745073.460921129] [exploration]: v=+0.20 w=+0.00 | 直行 d=0.83
[INFO] [1790745073.560417532] [exploration]: v=+0.20 w=+0.00 | 直行 d=0.82
[INFO] [1790745073.660583188] [exploration]: v=+0.20 w=+0.00 | 直行 d=0.81
[INFO] [1790745073.760407235] [exploration]: v=+0.20 w=+0.00 | 直行 d=0.80
[INFO] [1790745073.860462185] [exploration]: v=+0.09 w=+0.00 | 减速 d=0.80
[INFO] [1790745073.960640128] [exploration]: v=+0.00 w=-0.50 | 转向，由于危险 d=0.14
[INFO] [1790745074.061386979] [exploration]: v=+0.00 w=-0.50 | 转向中 front=0.15 目标>0.8
[INFO] [1790745074.161401485] [exploration]: v=+0.00 w=+0.00 | 转向完成，停稳 front=0.83
[INFO] [1790745074.262749211] [exploration]: v=+0.00 w=-0.50 | 转向，由于危险 d=0.14
[INFO] [1790745074.362018053] [exploration]: v=+0.00 w=+0.00 | 转向完成，停稳 front=0.84
[INFO] [1790745074.462384432] [exploration]: v=+0.00 w=-0.50 | 转向，由于危险 d=0.15
[INFO] [1790745074.562086571] [exploration]: v=+0.00 w=-0.50 | 转向中 front=0.14 目标>0.8
[INFO] [1790745074.662879437] [exploration]: v=+0.00 w=+0.00 | 转向完成，停稳 front=1.18
[INFO] [1790745074.762387326] [exploration]: v=+0.20 w=+0.00 | 直行 d=1.27
[INFO] [1790745074.862195026] [exploration]: v=+0.20 w=+0.00 | 直行 d=1.26
[INFO] [1790745074.961644632] [exploration]: v=+0.20 w=+0.00 | 直行 d=1.25
[INFO] [1790745075.063109159] [exploration]: v=+0.20 w=+0.00 | 直行 d=1.24
[INFO] [1790745075.162089570] [exploration]: v=+0.20 w=+0.00 | 直行 d=1.23
[INFO] [1790745075.263924647] [exploration]: v=+0.20 w=+0.00 | 直行 d=1.21
[INFO] [1790745075.364616626] [exploration]: v=+0.20 w=+0.00 | 直行 d=1.19
[INFO] [1790745075.464097467] [exploration]: v=+0.20 w=+0.00 | 直行 d=1.15
[INFO] [1790745075.663776430] [exploration]: v=+0.20 w=+0.00 | 直行 d=1.13
[INFO] [1790745075.763291514] [exploration]: v=+0.20 w=+0.00 | 直行 d=1.11
[INFO] [1790745075.864306692] [exploration]: v=+0.20 w=+0.00 | 直行 d=1.12
[INFO] [1790745075.964486676] [exploration]: v=+0.20 w=+0.00 | 直行 d=1.10
[INFO] [1790745076.064879680] [exploration]: v=+0.20 w=+0.00 | 直行 d=1.09
[INFO] [1790745076.165042818] [exploration]: v=+0.20 w=+0.00 | 直行 d=1.06
[INFO] [1790745076.265057652] [exploration]: v=+0.20 w=+0.00 | 直行 d=1.05
[INFO] [1790745076.364744372] [exploration]: v=+0.20 w=+0.00 | 直行 d=1.02
[INFO] [1790745076.464704751] [exploration]: v=+0.20 w=+0.00 | 直行 d=1.03
[INFO] [1790745076.564747865] [exploration]: v=+0.20 w=+0.00 | 直行 d=1.02
[INFO] [1790745076.765311284] [exploration]: v=+0.20 w=+0.00 | 直行 d=1.00
[INFO] [1790745076.965317568] [exploration]: v=+0.20 w=+0.00 | 直行 d=1.01
[INFO] [1790745077.065343897] [exploration]: v=+0.20 w=+0.00 | 直行 d=1.00
[INFO] [1790745077.165792897] [exploration]: v=+0.20 w=+0.00 | 直行 d=0.99
[INFO] [1790745077.266086691] [exploration]: v=+0.20 w=+0.00 | 直行 d=0.98
[INFO] [1790745077.366305084] [exploration]: v=+0.20 w=+0.00 | 直行 d=1.04
[INFO] [1790745077.465864204] [exploration]: v=+0.20 w=+0.00 | 直行 d=1.03
[INFO] [1790745077.566713025] [exploration]: v=+0.20 w=+0.00 | 直行 d=1.02
[INFO] [1790745077.666417770] [exploration]: v=+0.20 w=+0.00 | 直行 d=1.01
[INFO] [1790745077.766071590] [exploration]: v=+0.20 w=+0.00 | 直行 d=1.06
[INFO] [1790745077.866357415] [exploration]: v=+0.20 w=+0.00 | 直行 d=1.08
[INFO] [1790745077.965921713] [exploration]: v=+0.20 w=+0.00 | 直行 d=1.05
[INFO] [1790745078.066327675] [exploration]: v=+0.20 w=+0.00 | 直行 d=1.11
[INFO] [1790745078.166421302] [exploration]: v=+0.20 w=+0.00 | 直行 d=1.12
[INFO] [1790745078.266939487] [exploration]: v=+0.20 w=+0.00 | 直行 d=1.10
[INFO] [1790745078.566764466] [exploration]: v=+0.20 w=+0.00 | 直行 d=1.08
[INFO] [1790745078.867310153] [exploration]: v=+0.20 w=+0.00 | 直行 d=1.06
[INFO] [1790745078.968139831] [exploration]: v=+0.20 w=+0.00 | 直行 d=1.08
[INFO] [1790745079.068501736] [exploration]: v=+0.20 w=+0.00 | 直行 d=1.09
[INFO] [1790745079.169283018] [exploration]: v=+0.20 w=+0.00 | 直行 d=1.08
[INFO] [1790745079.269974399] [exploration]: v=+0.20 w=+0.00 | 直行 d=1.06
[INFO] [1790745079.370303639] [exploration]: v=+0.20 w=+0.00 | 直行 d=1.04
[INFO] [1790745079.469654986] [exploration]: v=+0.20 w=+0.00 | 直行 d=1.03
[INFO] [1790745079.568905133] [exploration]: v=+0.20 w=+0.00 | 直行 d=1.04
[INFO] [1790745079.669660147] [exploration]: v=+0.20 w=+0.00 | 直行 d=1.03
[INFO] [1790745079.770555218] [exploration]: v=+0.20 w=+0.00 | 直行 d=1.02
[INFO] [1790745079.969310089] [exploration]: v=+0.20 w=+0.00 | 直行 d=1.01
[INFO] [1790745080.070613318] [exploration]: v=+0.20 w=+0.00 | 直行 d=0.99
[INFO] [1790745080.170569697] [exploration]: v=+0.20 w=+0.00 | 直行 d=1.00
[INFO] [1790745080.270232344] [exploration]: v=+0.20 w=+0.00 | 直行 d=0.99
[INFO] [1790745080.369923056] [exploration]: v=+0.20 w=+0.00 | 直行 d=1.00
[INFO] [1790745080.471875640] [exploration]: v=+0.20 w=+0.00 | 直行 d=0.97
[INFO] [1790745080.673324996] [exploration]: v=+0.20 w=+0.00 | 直行 d=0.96
[INFO] [1790745080.773576678] [exploration]: v=+0.20 w=+0.00 | 直行 d=0.94
[INFO] [1790745080.872829565] [exploration]: v=+0.20 w=+0.00 | 直行 d=0.92
[INFO] [1790745080.972553325] [exploration]: v=+0.20 w=+0.00 | 直行 d=0.90
[INFO] [1790745081.073008811] [exploration]: v=+0.20 w=+0.00 | 直行 d=0.88
[INFO] [1790745081.172519022] [exploration]: v=+0.20 w=+0.00 | 直行 d=0.86
[INFO] [1790745081.272254146] [exploration]: v=+0.20 w=+0.00 | 直行 d=0.84
[INFO] [1790745081.373171565] [exploration]: v=+0.20 w=+0.00 | 直行 d=0.83
[INFO] [1790745081.474552066] [exploration]: v=+0.20 w=+0.00 | 直行 d=0.81
[INFO] [1790745081.572994515] [exploration]: v=+0.09 w=+0.00 | 减速 d=0.79
[INFO] [1790745081.672458973] [exploration]: v=+0.00 w=-0.50 | 转向，由于危险 d=0.13
[INFO] [1790745081.773446025] [exploration]: v=+0.00 w=-0.50 | 转向中 front=0.75 目标>0.8
[INFO] [1790745081.874237702] [exploration]: v=+0.00 w=-0.50 | 转向中 front=0.76 目标>0.8
[INFO] [1790745081.973629793] [exploration]: v=+0.00 w=-0.50 | 转向中 front=0.75 目标>0.8
[INFO] [1790745082.073880522] [exploration]: v=+0.00 w=-0.50 | 转向中 front=0.13 目标>0.8
[INFO] [1790745082.172940695] [exploration]: v=+0.00 w=-0.50 | 转向中 front=0.76 目标>0.8
[INFO] [1790745082.274060523] [exploration]: v=+0.00 w=-0.50 | 转向中 front=0.12 目标>0.8
[INFO] [1790745082.374599239] [exploration]: v=+0.00 w=-0.50 | 转向中 front=0.76 目标>0.8
[INFO] [1790745082.475863829] [exploration]: v=+0.00 w=-0.50 | 转向中 front=0.77 目标>0.8
[INFO] [1790745082.674679906] [exploration]: v=+0.00 w=-0.50 | 转向中 front=0.78 目标>0.8
[INFO] [1790745082.775042770] [exploration]: v=+0.00 w=-0.50 | 转向中 front=0.79 目标>0.8
[INFO] [1790745082.875086010] [exploration]: v=+0.00 w=-0.50 | 转向中 front=0.80 目标>0.8
[INFO] [1790745082.976491449] [exploration]: v=+0.00 w=+0.00 | 转向完成，停稳 front=0.82
[INFO] [1790745083.076194159] [exploration]: v=+0.20 w=+0.00 | 直行 d=0.83
[INFO] [1790745083.275518803] [exploration]: v=+0.20 w=+0.00 | 直行 d=0.82
[INFO] [1790745083.476004610] [exploration]: v=+0.20 w=+0.00 | 直行 d=0.83
[INFO] [1790745083.576691888] [exploration]: v=+0.20 w=+0.00 | 直行 d=0.84
[INFO] [1790745083.675377952] [exploration]: v=+0.20 w=+0.00 | 直行 d=0.85
[INFO] [1790745083.776492983] [exploration]: v=+0.20 w=+0.00 | 直行 d=0.86
[INFO] [1790745083.876349240] [exploration]: v=+0.20 w=+0.00 | 直行 d=0.87
[INFO] [1790745083.975522559] [exploration]: v=+0.20 w=+0.00 | 直行 d=0.91
[INFO] [1790745084.076831886] [exploration]: v=+0.20 w=+0.00 | 直行 d=0.92
[INFO] [1790745084.177838779] [exploration]: v=+0.20 w=+0.00 | 直行 d=0.95
[INFO] [1790745084.277922027] [exploration]: v=+0.20 w=+0.00 | 直行 d=0.97
[INFO] [1790745084.377444631] [exploration]: v=+0.20 w=+0.00 | 直行 d=1.00
[INFO] [1790745084.477109723] [exploration]: v=+0.20 w=+0.00 | 直行 d=1.02
[INFO] [1790745084.677183138] [exploration]: v=+0.00 w=-0.50 | 转向，由于危险 d=0.40
[INFO] [1790745084.777433928] [exploration]: v=+0.00 w=+0.00 | 转向完成，停稳 front=1.05
[INFO] [1790745084.877960030] [exploration]: v=+0.00 w=-0.50 | 转向，由于危险 d=0.30
[INFO] [1790745084.977907036] [exploration]: v=+0.00 w=-0.50 | 转向中 front=0.28 目标>0.8
[INFO] [1790745085.077913765] [exploration]: v=+0.00 w=-0.50 | 转向中 front=0.24 目标>0.8
[INFO] [1790745085.178967131] [exploration]: v=+0.00 w=-0.50 | 转向中 front=0.23 目标>0.8
[INFO] [1790745085.278169516] [exploration]: v=+0.00 w=-0.50 | 转向中 front=0.21 目标>0.8
[INFO] [1790745085.379628017] [exploration]: v=+0.00 w=-0.50 | 转向中 front=0.20 目标>0.8
[INFO] [1790745085.578948858] [exploration]: v=+0.00 w=-0.50 | 转向中 front=0.19 目标>0.8
[INFO] [1790745086.079268894] [exploration]: v=+0.00 w=-0.50 | 转向中 front=0.18 目标>0.8
[INFO] [1790745086.280489048] [exploration]: v=+0.00 w=-0.50 | 转向中 front=0.19 目标>0.8
[INFO] [1790745086.580976750] [exploration]: v=+0.00 w=-0.50 | 转向中 front=0.20 目标>0.8
[INFO] [1790745086.680584478] [exploration]: v=+0.00 w=-0.50 | 转向中 front=0.19 目标>0.8
[INFO] [1790745086.981243094] [exploration]: v=+0.00 w=-0.50 | 转向中 front=0.21 目标>0.8
[INFO] [1790745087.182448290] [exploration]: v=-0.08 w=+0.00 | 卡死：3.0s 内位移 < 0.05m，倒退脱困
[INFO] [1790745087.282535941] [exploration]: v=-0.08 w=+0.00 | 脱困：倒退
[INFO] [1790745089.185878284] [exploration]: v=+0.00 w=+0.00 | 脱困完成，停稳
[INFO] [1790745089.285089253] [exploration]: v=+0.00 w=-0.50 | 转向中 front=0.33 目标>0.8
[INFO] [1790745089.485278451] [exploration]: v=+0.00 w=-0.50 | 转向中 front=0.14 目标>0.8
[INFO] [1790745089.686058376] [exploration]: v=+0.00 w=+0.00 | 转向完成，停稳 front=0.88
[INFO] [1790745089.785497633] [exploration]: v=+0.20 w=+0.00 | 直行 d=0.87
[INFO] [1790745089.886463271] [exploration]: v=+0.20 w=+0.00 | 直行 d=0.95
[INFO] [1790745089.987296785] [exploration]: v=+0.20 w=+0.00 | 直行 d=1.65
[INFO] [1790745090.086494125] [exploration]: v=+0.20 w=+0.00 | 直行 d=1.70
[INFO] [1790745090.185803586] [exploration]: v=+0.00 w=+0.50 | 转向，由于危险 d=0.40
[INFO] [1790745090.285992653] [exploration]: v=+0.00 w=+0.50 | 转向中 front=0.13 目标>0.8
[INFO] [1790745090.386206065] [exploration]: v=+0.00 w=+0.00 | 转向完成，停稳 front=1.41
[INFO] [1790745090.486857386] [exploration]: v=+0.20 w=+0.00 | 直行 d=0.93
[INFO] [1790745090.586984926] [exploration]: v=+0.00 w=+0.50 | 转向，由于危险 d=0.13
[INFO] [1790745090.688108204] [exploration]: v=+0.00 w=+0.50 | 转向中 front=0.16 目标>0.8
[INFO] [1790745090.787867480] [exploration]: v=+0.00 w=+0.00 | 转向完成，停稳 front=1.62
[INFO] [1790745090.887826525] [exploration]: v=+0.20 w=+0.00 | 直行 d=1.60
[INFO] [1790745090.988182432] [exploration]: v=+0.00 w=+0.50 | 转向，由于危险 d=0.15
[INFO] [1790745091.088839022] [exploration]: v=+0.00 w=+0.00 | 转向完成，停稳 front=1.60
[INFO] [1790745091.187637437] [exploration]: v=+0.00 w=+0.50 | 转向，由于危险 d=0.40
[INFO] [1790745091.288748305] [exploration]: v=+0.00 w=+0.00 | 转向完成，停稳 front=1.57
[INFO] [1790745091.388484752] [exploration]: v=+0.20 w=+0.00 | 直行 d=1.52
[INFO] [1790745091.488275919] [exploration]: v=+0.00 w=+0.50 | 转向，由于危险 d=0.40
[INFO] [1790745091.588504608] [exploration]: v=+0.00 w=+0.50 | 转向中 front=0.14 目标>0.8
[INFO] [1790745091.689893205] [exploration]: v=+0.00 w=+0.00 | 转向完成，停稳 front=1.47
[INFO] [1790745091.790783415] [exploration]: v=+0.00 w=+0.50 | 转向，由于危险 d=0.28
[INFO] [1790745091.889518556] [exploration]: v=+0.00 w=+0.50 | 转向中 front=0.28 目标>0.8
[INFO] [1790745091.989032464] [exploration]: v=+0.00 w=+0.50 | 转向中 front=0.25 目标>0.8
[INFO] [1790745092.089981674] [exploration]: v=+0.00 w=+0.50 | 转向中 front=0.24 目标>0.8
[INFO] [1790745092.190156494] [exploration]: v=+0.00 w=+0.50 | 转向中 front=0.23 目标>0.8
[INFO] [1790745092.292090039] [exploration]: v=+0.00 w=+0.50 | 转向中 front=0.22 目标>0.8
[INFO] [1790745092.490296686] [exploration]: v=+0.00 w=+0.50 | 转向中 front=0.21 目标>0.8
[INFO] [1790745092.890778543] [exploration]: v=+0.00 w=+0.50 | 转向中 front=0.20 目标>0.8
[INFO] [1790745092.991712127] [exploration]: v=+0.00 w=+0.50 | 转向中 front=0.21 目标>0.8
[INFO] [1790745093.091568586] [exploration]: v=+0.00 w=+0.50 | 转向中 front=0.20 目标>0.8
[INFO] [1790745093.291650025] [exploration]: v=-0.08 w=+0.00 | 卡死：3.0s 内位移 < 0.05m，倒退脱困
[INFO] [1790745093.391583670] [exploration]: v=-0.08 w=+0.00 | 脱困：倒退
[INFO] [1790745095.293405091] [exploration]: v=+0.00 w=+0.00 | 脱困完成，停稳
[INFO] [1790745095.395070415] [exploration]: v=+0.00 w=+0.50 | 转向中 front=0.13 目标>0.8
[INFO] [1790745095.493953463] [exploration]: v=+0.00 w=+0.50 | 转向中 front=0.30 目标>0.8
[INFO] [1790745095.593889398] [exploration]: v=+0.00 w=+0.50 | 转向中 front=0.13 目标>0.8
[INFO] [1790745095.693725340] [exploration]: v=+0.00 w=+0.50 | 转向中 front=0.15 目标>0.8
[INFO] [1790745095.792912518] [exploration]: v=+0.00 w=+0.50 | 转向中 front=0.31 目标>0.8
[INFO] [1790745095.893354739] [exploration]: v=+0.00 w=+0.50 | 转向中 front=0.14 目标>0.8
[INFO] [1790745095.993965671] [exploration]: v=+0.00 w=+0.50 | 转向中 front=0.32 目标>0.8
[INFO] [1790745096.093816666] [exploration]: v=+0.00 w=+0.50 | 转向中 front=0.14 目标>0.8
[INFO] [1790745096.294341309] [exploration]: v=+0.00 w=+0.50 | 转向中 front=0.32 目标>0.8
[INFO] [1790745096.495328448] [exploration]: v=+0.00 w=+0.50 | 转向中 front=0.14 目标>0.8
[INFO] [1790745096.595109609] [exploration]: v=+0.00 w=+0.50 | 转向中 front=0.13 目标>0.8
[INFO] [1790745096.695576193] [exploration]: v=+0.00 w=+0.50 | 转向中 front=0.32 目标>0.8
[INFO] [1790745096.895528916] [exploration]: v=+0.00 w=+0.50 | 转向中 front=0.15 目标>0.8
[INFO] [1790745096.997761622] [exploration]: v=+0.00 w=+0.50 | 转向中 front=0.32 目标>0.8
[INFO] [1790745097.197991492] [exploration]: v=+0.00 w=+0.50 | 转向中 front=0.33 目标>0.8
[INFO] [1790745097.296917083] [exploration]: v=+0.00 w=+0.50 | 转向中 front=0.31 目标>0.8
[INFO] [1790745097.395838125] [exploration]: v=+0.00 w=+0.50 | 转向中 front=0.33 目标>0.8
[INFO] [1790745097.495316884] [exploration]: v=+0.00 w=+0.50 | 转向中 front=0.32 目标>0.8
[INFO] [1790745097.696949512] [exploration]: v=+0.00 w=+0.50 | 转向中 front=0.31 目标>0.8
[INFO] [1790745097.795539644] [exploration]: v=+0.00 w=+0.50 | 转向中 front=0.14 目标>0.8
[INFO] [1790745097.895859085] [exploration]: v=+0.00 w=+0.50 | 转向中 front=0.31 目标>0.8
[INFO] [1790745097.997109377] [exploration]: v=+0.00 w=+0.50 | 转向中 front=0.30 目标>0.8
[INFO] [1790745098.096815066] [exploration]: v=+0.00 w=+0.50 | 转向中 front=0.32 目标>0.8
[INFO] [1790745098.297768918] [exploration]: v=+0.00 w=+0.50 | 转向中 front=0.13 目标>0.8
[INFO] [1790745098.398683478] [exploration]: v=+0.00 w=+0.50 | 转向中 front=0.32 目标>0.8
[INFO] [1790745098.597268607] [exploration]: v=+0.00 w=+0.50 | 转向中 front=0.33 目标>0.8
[INFO] [1790745098.697693247] [exploration]: v=+0.00 w=+0.50 | 转向中 front=0.31 目标>0.8
[INFO] [1790745098.799785405] [exploration]: v=+0.00 w=+0.50 | 转向中 front=0.32 目标>0.8
[INFO] [1790745098.899233912] [exploration]: v=+0.00 w=+0.50 | 转向中 front=0.31 目标>0.8
[INFO] [1790745098.999507509] [exploration]: v=+0.00 w=+0.50 | 转向中 front=0.32 目标>0.8
[INFO] [1790745099.199763093] [exploration]: v=+0.00 w=+0.50 | 转向中 front=0.31 目标>0.8
[INFO] [1790745099.299402189] [exploration]: v=+0.00 w=+0.50 | 转向中 front=0.32 目标>0.8
[INFO] [1790745099.798407632] [exploration]: v=+0.00 w=+0.50 | 转向中 front=0.15 目标>0.8
[INFO] [1790745099.898968464] [exploration]: v=+0.00 w=+0.50 | 转向中 front=0.32 目标>0.8
[INFO] [1790745100.000074685] [exploration]: v=+0.00 w=+0.50 | 转向中 front=0.33 目标>0.8
[INFO] [1790745100.099168396] [exploration]: v=+0.00 w=+0.50 | 转向中 front=0.31 目标>0.8
[INFO] [1790745100.199213282] [exploration]: v=+0.00 w=+0.50 | 转向中 front=0.32 目标>0.8
[INFO] [1790745100.400134998] [exploration]: v=+0.00 w=+0.50 | 转向中 front=0.31 目标>0.8
[INFO] [1790745100.500435341] [exploration]: v=+0.00 w=+0.50 | 转向中 front=0.32 目标>0.8
[INFO] [1790745100.902418692] [exploration]: v=+0.00 w=+0.50 | 转向中 front=0.31 目标>0.8
[INFO] [1790745101.000782309] [exploration]: v=+0.00 w=+0.50 | 转向中 front=0.13 目标>0.8
[INFO] [1790745101.200728942] [exploration]: v=+0.00 w=+0.50 | 转向中 front=0.14 目标>0.8
[INFO] [1790745101.301298151] [exploration]: v=+0.00 w=+0.50 | 转向中 front=0.13 目标>0.8
[INFO] [1790745101.401549794] [exploration]: v=+0.00 w=+0.50 | 转向中 front=0.31 目标>0.8
[INFO] [1790745101.501211414] [exploration]: v=+0.00 w=+0.50 | 转向中 front=0.13 目标>0.8
[INFO] [1790745101.601053187] [exploration]: v=+0.00 w=+0.50 | 转向中 front=0.31 目标>0.8
[INFO] [1790745101.701685998] [exploration]: v=+0.00 w=+0.50 | 转向中 front=0.14 目标>0.8
[INFO] [1790745101.799917691] [exploration]: v=+0.00 w=+0.50 | 转向中 front=0.13 目标>0.8
[INFO] [1790745102.201697048] [exploration]: v=+0.00 w=+0.50 | 转向中 front=0.14 目标>0.8
[INFO] [1790745102.403224811] [exploration]: v=+0.00 w=+0.50 | 转向中 front=0.33 目标>0.8
[INFO] [1790745102.501533272] [exploration]: v=+0.00 w=+0.50 | 转向中 front=0.32 目标>0.8
[INFO] [1790745102.603136180] [exploration]: v=+0.00 w=+0.50 | 转向中 front=0.14 目标>0.8
[INFO] [1790745102.703099576] [exploration]: v=+0.00 w=+0.50 | 转向中 front=0.33 目标>0.8
[INFO] [1790745102.802713041] [exploration]: v=+0.00 w=+0.50 | 转向中 front=0.31 目标>0.8
[INFO] [1790745102.902915524] [exploration]: v=+0.00 w=+0.50 | 转向中 front=0.14 目标>0.8
[INFO] [1790745103.104547179] [exploration]: v=+0.00 w=+0.50 | 转向中 front=0.32 目标>0.8
[INFO] [1790745103.303010893] [exploration]: v=+0.00 w=+0.50 | 转向中 front=0.30 目标>0.8
[INFO] [1790745103.403770802] [exploration]: v=+0.00 w=+0.50 | 转向中 front=0.13 目标>0.8
[INFO] [1790745103.504337721] [exploration]: v=+0.00 w=+0.50 | 转向中 front=0.31 目标>0.8
[INFO] [1790745103.604459216] [exploration]: v=+0.00 w=+0.50 | 转向中 front=0.15 目标>0.8
[INFO] [1790745103.703732662] [exploration]: v=+0.00 w=+0.50 | 转向中 front=0.32 目标>0.8
[INFO] [1790745103.903129545] [exploration]: v=+0.00 w=+0.50 | 转向中 front=0.12 目标>0.8
[INFO] [1790745104.004528136] [exploration]: v=+0.00 w=+0.50 | 转向中 front=0.13 目标>0.8
[INFO] [1790745104.303778211] [exploration]: v=+0.00 w=+0.50 | 转向中 front=0.15 目标>0.8
[INFO] [1790745104.405551722] [exploration]: v=+0.00 w=+0.50 | 转向中 front=0.14 目标>0.8
[INFO] [1790745104.503602901] [exploration]: v=+0.00 w=+0.50 | 转向中 front=0.33 目标>0.8
[INFO] [1790745104.604684209] [exploration]: v=+0.00 w=+0.50 | 转向中 front=0.13 目标>0.8
[INFO] [1790745104.905091053] [exploration]: v=+0.00 w=+0.50 | 转向中 front=0.32 目标>0.8
[INFO] [1790745105.005635195] [exploration]: v=+0.00 w=+0.50 | 转向中 front=0.31 目标>0.8
[INFO] [1790745105.105071238] [exploration]: v=+0.00 w=+0.50 | 转向中 front=0.14 目标>0.8
[INFO] [1790745105.204960782] [exploration]: v=+0.00 w=+0.50 | 转向中 front=0.31 目标>0.8
[INFO] [1790745105.305743564] [exploration]: v=+0.00 w=+0.50 | 转向中 front=0.13 目标>0.8
[INFO] [1790745105.405436318] [exploration]: v=+0.00 w=+0.50 | 转向中 front=0.32 目标>0.8
[INFO] [1790745105.705762943] [exploration]: v=+0.00 w=+0.50 | 转向中 front=0.14 目标>0.8
[INFO] [1790745105.805990708] [exploration]: v=+0.00 w=+0.50 | 转向中 front=0.13 目标>0.8
[INFO] [1790745105.906921215] [exploration]: v=+0.00 w=+0.50 | 转向中 front=0.32 目标>0.8
[INFO] [1790745106.006723178] [exploration]: v=+0.00 w=+0.50 | 转向中 front=0.13 目标>0.8
[INFO] [1790745106.107774223] [exploration]: v=+0.00 w=+0.50 | 转向中 front=0.12 目标>0.8
[INFO] [1790745106.207783669] [exploration]: v=+0.00 w=+0.50 | 转向中 front=0.14 目标>0.8
[INFO] [1790745106.307956772] [exploration]: v=+0.00 w=+0.50 | 转向中 front=0.13 目标>0.8
[INFO] [1790745106.608320299] [exploration]: v=+0.00 w=+0.50 | 转向中 front=0.32 目标>0.8
[INFO] [1790745106.708734621] [exploration]: v=+0.00 w=+0.50 | 转向中 front=0.15 目标>0.8
[INFO] [1790745106.808783582] [exploration]: v=+0.00 w=+0.50 | 转向中 front=0.13 目标>0.8
[INFO] [1790745107.008684422] [exploration]: v=+0.00 w=+0.50 | 转向中 front=0.14 目标>0.8
[INFO] [1790745107.108472156] [exploration]: v=+0.00 w=+0.50 | 转向中 front=0.32 目标>0.8
[INFO] [1790745107.208038606] [exploration]: v=+0.00 w=+0.50 | 转向中 front=0.31 目标>0.8
[INFO] [1790745107.308038462] [exploration]: v=+0.00 w=+0.50 | 转向中 front=0.13 目标>0.8
[INFO] [1790745107.408474872] [exploration]: v=+0.00 w=+0.50 | 转向中 front=0.14 目标>0.8
[INFO] [1790745107.508533353] [exploration]: v=+0.00 w=+0.50 | 转向中 front=0.16 目标>0.8
[INFO] [1790745107.608742262] [exploration]: v=+0.00 w=+0.50 | 转向中 front=0.13 目标>0.8
[INFO] [1790745107.709733808] [exploration]: v=+0.00 w=+0.50 | 转向中 front=0.14 目标>0.8
[INFO] [1790745107.808559397] [exploration]: v=+0.00 w=+0.50 | 转向中 front=0.32 目标>0.8
[INFO] [1790745107.909555959] [exploration]: v=+0.00 w=+0.50 | 转向中 front=0.14 目标>0.8
[INFO] [1790745108.010076140] [exploration]: v=+0.00 w=+0.50 | 转向中 front=0.32 目标>0.8
[INFO] [1790745108.108279110] [exploration]: v=+0.00 w=+0.50 | 转向中 front=0.13 目标>0.8
[INFO] [1790745108.309373964] [exploration]: v=+0.00 w=+0.50 | 转向中 front=0.14 目标>0.8
[INFO] [1790745108.410111883] [exploration]: v=+0.00 w=+0.50 | 转向中 front=0.30 目标>0.8
[INFO] [1790745108.510261391] [exploration]: v=+0.00 w=+0.50 | 转向中 front=0.13 目标>0.8
[INFO] [1790745108.610692011] [exploration]: v=+0.00 w=+0.50 | 转向中 front=0.14 目标>0.8
[INFO] [1790745108.710952892] [exploration]: v=+0.00 w=+0.50 | 转向中 front=0.13 目标>0.8
[INFO] [1790745108.811509317] [exploration]: v=+0.00 w=+0.50 | 转向中 front=0.30 目标>0.8
[INFO] [1790745108.911421401] [exploration]: v=+0.00 w=+0.50 | 转向中 front=0.13 目标>0.8
[INFO] [1790745109.012064563] [exploration]: v=+0.00 w=+0.50 | 转向中 front=0.32 目标>0.8
[INFO] [1790745109.212113541] [exploration]: v=+0.00 w=+0.50 | 转向中 front=0.14 目标>0.8
[INFO] [1790745109.312551183] [exploration]: v=+0.00 w=+0.50 | 转向中 front=0.30 目标>0.8
[INFO] [1790745109.413275661] [exploration]: v=+0.00 w=+0.50 | 转向中 front=0.32 目标>0.8
[INFO] [1790745109.512041557] [exploration]: v=+0.00 w=+0.50 | 转向中 front=0.14 目标>0.8
[INFO] [1790745109.612101899] [exploration]: v=+0.00 w=+0.50 | 转向中 front=0.32 目标>0.8
[INFO] [1790745109.712228968] [exploration]: v=+0.00 w=+0.50 | 转向中 front=0.14 目标>0.8
[INFO] [1790745110.012578746] [exploration]: v=+0.00 w=+0.50 | 转向中 front=0.32 目标>0.8
[INFO] [1790745110.213928428] [exploration]: v=+0.00 w=+0.50 | 转向中 front=0.14 目标>0.8
[INFO] [1790745110.413326907] [exploration]: v=+0.00 w=+0.50 | 转向中 front=0.13 目标>0.8
[INFO] [1790745110.514475993] [exploration]: v=+0.00 w=+0.50 | 转向中 front=0.15 目标>0.8
[INFO] [1790745110.614200058] [exploration]: v=+0.00 w=+0.50 | 转向中 front=0.13 目标>0.8
[INFO] [1790745110.714769550] [exploration]: v=+0.00 w=+0.50 | 转向中 front=0.16 目标>0.8
[INFO] [1790745110.814327518] [exploration]: v=+0.00 w=+0.50 | 转向中 front=0.31 目标>0.8
[INFO] [1790745110.914743164] [exploration]: v=+0.00 w=+0.50 | 转向中 front=0.32 目标>0.8
[INFO] [1790745111.214736093] [exploration]: v=+0.00 w=+0.50 | 转向中 front=0.31 目标>0.8
[INFO] [1790745111.315456627] [exploration]: v=+0.00 w=+0.50 | 转向中 front=0.32 目标>0.8
[INFO] [1790745111.415873891] [exploration]: v=+0.00 w=+0.50 | 转向中 front=0.33 目标>0.8
[INFO] [1790745111.515531787] [exploration]: v=+0.00 w=+0.50 | 转向中 front=0.32 目标>0.8
[INFO] [1790745111.716033692] [exploration]: v=+0.00 w=+0.50 | 转向中 front=0.31 目标>0.8
[INFO] [1790745111.815802569] [exploration]: v=+0.00 w=+0.50 | 转向中 front=0.32 目标>0.8
[INFO] [1790745111.916112971] [exploration]: v=+0.00 w=+0.50 | 转向中 front=0.15 目标>0.8
[INFO] [1790745112.016231766] [exploration]: v=+0.00 w=+0.50 | 转向中 front=0.14 目标>0.8
[INFO] [1790745112.116112149] [exploration]: v=+0.00 w=+0.50 | 转向中 front=0.30 目标>0.8
[INFO] [1790745112.216530518] [exploration]: v=+0.00 w=+0.50 | 转向中 front=0.14 目标>0.8
[INFO] [1790745112.317363913] [exploration]: v=+0.00 w=+0.50 | 转向中 front=0.30 目标>0.8
[INFO] [1790745112.416807742] [exploration]: v=+0.00 w=+0.50 | 转向中 front=0.15 目标>0.8
[INFO] [1790745112.517556953] [exploration]: v=+0.00 w=+0.50 | 转向中 front=0.32 目标>0.8
[INFO] [1790745112.616864396] [exploration]: v=+0.00 w=+0.50 | 转向中 front=0.31 目标>0.8
[INFO] [1790745112.717450932] [exploration]: v=+0.00 w=+0.50 | 转向中 front=0.30 目标>0.8
[INFO] [1790745112.817661000] [exploration]: v=+0.00 w=+0.50 | 转向中 front=0.33 目标>0.8
[INFO] [1790745112.917928379] [exploration]: v=+0.00 w=+0.50 | 转向中 front=0.14 目标>0.8
[INFO] [1790745113.018627723] [exploration]: v=+0.00 w=+0.50 | 转向中 front=0.32 目标>0.8
[INFO] [1790745113.117546294] [exploration]: v=+0.00 w=+0.50 | 转向中 front=0.14 目标>0.8
[INFO] [1790745113.318254817] [exploration]: v=+0.00 w=+0.50 | 转向中 front=0.31 目标>0.8
[INFO] [1790745113.419036179] [exploration]: v=+0.00 w=+0.50 | 转向中 front=0.32 目标>0.8
[INFO] [1790745113.518737414] [exploration]: v=+0.00 w=+0.50 | 转向中 front=0.13 目标>0.8
[INFO] [1790745113.618526714] [exploration]: v=+0.00 w=+0.50 | 转向中 front=0.32 目标>0.8
[INFO] [1790745113.718716047] [exploration]: v=+0.00 w=+0.50 | 转向中 front=0.30 目标>0.8
[INFO] [1790745113.818417327] [exploration]: v=+0.00 w=+0.50 | 转向中 front=0.13 目标>0.8
[INFO] [1790745113.920098353] [exploration]: v=+0.00 w=+0.50 | 转向中 front=0.32 目标>0.8
[INFO] [1790745114.019066544] [exploration]: v=+0.00 w=+0.50 | 转向中 front=0.31 目标>0.8
[INFO] [1790745114.119432354] [exploration]: v=+0.00 w=+0.50 | 转向中 front=0.13 目标>0.8
[INFO] [1790745114.219944832] [exploration]: v=+0.00 w=+0.50 | 转向中 front=0.15 目标>0.8
[INFO] [1790745114.319997853] [exploration]: v=+0.00 w=+0.50 | 转向中 front=0.14 目标>0.8
[INFO] [1790745114.420705250] [exploration]: v=+0.00 w=+0.50 | 转向中 front=0.32 目标>0.8
[INFO] [1790745114.520321718] [exploration]: v=+0.00 w=+0.50 | 转向中 front=0.13 目标>0.8
[INFO] [1790745114.620929689] [exploration]: v=+0.00 w=+0.50 | 转向中 front=0.33 目标>0.8
[INFO] [1790745114.720872908] [exploration]: v=+0.00 w=+0.50 | 转向中 front=0.13 目标>0.8
[INFO] [1790745114.820933963] [exploration]: v=+0.00 w=+0.50 | 转向中 front=0.32 目标>0.8
[INFO] [1790745114.920337134] [exploration]: v=+0.00 w=+0.50 | 转向中 front=0.15 目标>0.8
[INFO] [1790745115.221651032] [exploration]: v=+0.00 w=+0.50 | 转向中 front=0.32 目标>0.8
[INFO] [1790745115.422830470] [exploration]: v=+0.00 w=+0.50 | 转向中 front=0.31 目标>0.8
[INFO] [1790745115.521393165] [exploration]: v=+0.00 w=+0.50 | 转向中 front=0.30 目标>0.8
[INFO] [1790745115.621678416] [exploration]: v=+0.00 w=+0.50 | 转向中 front=0.31 目标>0.8
[INFO] [1790745115.722640854] [exploration]: v=+0.00 w=+0.50 | 转向中 front=0.15 目标>0.8
[INFO] [1790745115.821894629] [exploration]: v=+0.00 w=+0.50 | 转向中 front=0.13 目标>0.8
[INFO] [1790745115.921846154] [exploration]: v=+0.00 w=+0.50 | 转向中 front=0.33 目标>0.8
[INFO] [1790745116.022663261] [exploration]: v=+0.00 w=+0.50 | 转向中 front=0.13 目标>0.8
[INFO] [1790745116.222884217] [exploration]: v=+0.00 w=+0.50 | 转向中 front=0.32 目标>0.8
[INFO] [1790745116.322989248] [exploration]: v=+0.00 w=+0.50 | 转向中 front=0.33 目标>0.8
[INFO] [1790745116.422650926] [exploration]: v=+0.00 w=+0.50 | 转向中 front=0.13 目标>0.8
[INFO] [1790745116.523827448] [exploration]: v=+0.00 w=+0.50 | 转向中 front=0.32 目标>0.8
[INFO] [1790745116.624447776] [exploration]: v=+0.00 w=+0.50 | 转向中 front=0.31 目标>0.8
[INFO] [1790745116.724072411] [exploration]: v=+0.00 w=+0.50 | 转向中 front=0.14 目标>0.8
[INFO] [1790745116.823800622] [exploration]: v=+0.00 w=+0.50 | 转向中 front=0.32 目标>0.8
[INFO] [1790745116.924234589] [exploration]: v=+0.00 w=+0.50 | 转向中 front=0.14 目标>0.8
[INFO] [1790745117.024503393] [exploration]: v=+0.00 w=+0.50 | 转向中 front=0.33 目标>0.8
[INFO] [1790745117.124518268] [exploration]: v=+0.00 w=+0.50 | 转向中 front=0.13 目标>0.8
[INFO] [1790745117.224716653] [exploration]: v=+0.00 w=+0.50 | 转向中 front=0.14 目标>0.8
[INFO] [1790745117.323948855] [exploration]: v=+0.00 w=+0.50 | 转向中 front=0.13 目标>0.8
[INFO] [1790745117.424207331] [exploration]: v=+0.00 w=+0.50 | 转向中 front=0.15 目标>0.8
[INFO] [1790745117.524888951] [exploration]: v=+0.00 w=+0.50 | 转向中 front=0.32 目标>0.8
[INFO] [1790745117.626054170] [exploration]: v=+0.00 w=+0.50 | 转向中 front=0.13 目标>0.8
[INFO] [1790745117.724661009] [exploration]: v=+0.00 w=+0.50 | 转向中 front=0.31 目标>0.8
[INFO] [1790745117.824580179] [exploration]: v=+0.00 w=+0.50 | 转向中 front=0.14 目标>0.8
[INFO] [1790745117.926165273] [exploration]: v=+0.00 w=+0.50 | 转向中 front=0.30 目标>0.8
[INFO] [1790745118.025851069] [exploration]: v=+0.00 w=+0.50 | 转向中 front=0.13 目标>0.8
[INFO] [1790745118.226415801] [exploration]: v=+0.00 w=+0.50 | 转向中 front=0.32 目标>0.8
[INFO] [1790745118.326361473] [exploration]: v=+0.00 w=+0.50 | 转向中 front=0.13 目标>0.8
[INFO] [1790745118.627046322] [exploration]: v=+0.00 w=+0.50 | 转向中 front=0.33 目标>0.8
[INFO] [1790745118.727324152] [exploration]: v=+0.00 w=+0.50 | 转向中 front=0.14 目标>0.8
[INFO] [1790745118.927897940] [exploration]: v=+0.00 w=+0.50 | 转向中 front=0.13 目标>0.8
[INFO] [1790745119.027053357] [exploration]: v=+0.00 w=+0.50 | 转向中 front=0.14 目标>0.8
[INFO] [1790745119.128221127] [exploration]: v=+0.00 w=+0.50 | 转向中 front=0.13 目标>0.8
[INFO] [1790745119.227534918] [exploration]: v=+0.00 w=+0.50 | 转向中 front=0.15 目标>0.8
[INFO] [1790745119.427659877] [exploration]: v=+0.00 w=+0.50 | 转向中 front=0.32 目标>0.8
[INFO] [1790745119.527497245] [exploration]: v=+0.00 w=+0.50 | 转向中 front=0.14 目标>0.8
[INFO] [1790745119.628159197] [exploration]: v=+0.00 w=+0.50 | 转向中 front=0.31 目标>0.8
[INFO] [1790745119.727904173] [exploration]: v=+0.00 w=+0.50 | 转向中 front=0.32 目标>0.8
