[INFO] [1790744377.678832515] [exploration]: 探索节点已启动
[INFO] [1790744377.679774882] [exploration]: v=+0.00 w=+0.00 | 尚未收到雷达数据
[INFO] [1790744377.752660275] [exploration]: v=+0.00 w=+0.50 | 转向，由于危险 d=0.40
[INFO] [1790744377.852171268] [exploration]: v=+0.00 w=+0.00 | 转向完成，停稳 front=1.20
[INFO] [1790744377.949154978] [exploration]: v=+0.00 w=+0.50 | 转向，由于危险 d=0.40
[INFO] [1790744378.050176733] [exploration]: v=+0.00 w=+0.00 | 转向完成，停稳 front=1.20
[INFO] [1790744378.150378387] [exploration]: v=+0.20 w=+0.00 | 直行 d=1.20
[INFO] [1790744378.350046119] [exploration]: v=+0.00 w=+0.50 | 转向，由于危险 d=0.40
[INFO] [1790744378.452632340] [exploration]: v=+0.00 w=+0.00 | 转向完成，停稳 front=1.19
[INFO] [1790744378.552911124] [exploration]: v=+0.00 w=+0.50 | 转向，由于危险 d=0.26
[INFO] [1790744378.650410703] [exploration]: v=+0.00 w=+0.00 | 转向完成，停稳 front=1.19
[INFO] [1790744378.752141179] [exploration]: v=+0.00 w=+0.50 | 转向，由于危险 d=0.40
[INFO] [1790744378.854297998] [exploration]: v=+0.00 w=+0.00 | 转向完成，停稳 front=1.18
[INFO] [1790744378.952953129] [exploration]: v=+0.00 w=+0.50 | 转向，由于危险 d=0.40
[INFO] [1790744379.052759897] [exploration]: v=+0.00 w=+0.00 | 转向完成，停稳 front=1.19
[INFO] [1790744379.153460944] [exploration]: v=+0.00 w=+0.50 | 转向，由于危险 d=0.40
[INFO] [1790744379.253969637] [exploration]: v=+0.00 w=+0.00 | 转向完成，停稳 front=1.20
[INFO] [1790744379.352957487] [exploration]: v=+0.20 w=+0.00 | 直行 d=1.20
[INFO] [1790744379.553111966] [exploration]: v=+0.00 w=+0.50 | 转向，由于危险 d=0.40
[INFO] [1790744379.653666007] [exploration]: v=+0.00 w=+0.00 | 转向完成，停稳 front=1.19
[INFO] [1790744379.755297036] [exploration]: v=+0.00 w=+0.50 | 转向，由于危险 d=0.28
[INFO] [1790744379.853268802] [exploration]: v=+0.00 w=+0.00 | 转向完成，停稳 front=1.20
[INFO] [1790744379.953941044] [exploration]: v=+0.00 w=+0.50 | 转向，由于危险 d=0.40
[INFO] [1790744380.054923866] [exploration]: v=+0.00 w=+0.00 | 转向完成，停稳 front=1.19
[INFO] [1790744380.157272217] [exploration]: v=+0.00 w=+0.50 | 转向，由于危险 d=0.40
[INFO] [1790744380.254889295] [exploration]: v=+0.00 w=+0.00 | 转向完成，停稳 front=1.19
[INFO] [1790744380.355986692] [exploration]: v=+0.00 w=+0.50 | 转向，由于危险 d=0.40
[INFO] [1790744380.455354526] [exploration]: v=+0.00 w=+0.00 | 转向完成，停稳 front=1.20
[INFO] [1790744380.556750744] [exploration]: v=+0.00 w=+0.50 | 转向，由于危险 d=0.40
[INFO] [1790744380.655875734] [exploration]: v=+0.00 w=+0.00 | 转向完成，停稳 front=1.20
[INFO] [1790744380.757535869] [exploration]: v=-0.08 w=+0.00 | 卡死：3.0s 内位移 < 0.05m，倒退脱困
[INFO] [1790744380.858187363] [exploration]: v=-0.08 w=+0.00 | 脱困：倒退
[INFO] [1790744382.758431353] [exploration]: v=+0.00 w=+0.00 | 脱困完成，停稳
[INFO] [1790744382.860635747] [exploration]: v=+0.00 w=-0.50 | 转向，由于危险 d=0.40
[INFO] [1790744382.959104186] [exploration]: v=+0.00 w=-0.50 | 转向中 front=0.40 目标>0.8
[INFO] [1790744383.060280058] [exploration]: v=+0.00 w=-0.50 | 转向中 front=0.13 目标>0.8
[INFO] [1790744383.160174715] [exploration]: v=+0.00 w=-0.50 | 转向中 front=0.14 目标>0.8
[INFO] [1790744383.260002892] [exploration]: v=+0.00 w=-0.50 | 转向中 front=0.35 目标>0.8
[INFO] [1790744383.359974768] [exploration]: v=+0.00 w=-0.50 | 转向中 front=0.13 目标>0.8
[INFO] [1790744383.460728467] [exploration]: v=+0.00 w=-0.50 | 转向中 front=0.34 目标>0.8
[INFO] [1790744384.361244321] [exploration]: v=+0.00 w=-0.50 | 转向中 front=0.38 目标>0.8
[INFO] [1790744384.461889701] [exploration]: v=+0.00 w=-0.50 | 转向中 front=0.40 目标>0.8
[INFO] [1790744384.562478361] [exploration]: v=+0.00 w=-0.50 | 转向中 front=0.42 目标>0.8
[INFO] [1790744384.661538695] [exploration]: v=+0.00 w=-0.50 | 转向中 front=0.48 目标>0.8
[INFO] [1790744384.762064323] [exploration]: v=+0.00 w=-0.50 | 转向中 front=0.53 目标>0.8
[INFO] [1790744384.862178377] [exploration]: v=+0.00 w=-0.50 | 转向中 front=0.57 目标>0.8
[INFO] [1790744384.962630850] [exploration]: v=+0.00 w=-0.50 | 转向中 front=0.64 目标>0.8
[INFO] [1790744385.063599763] [exploration]: v=+0.00 w=-0.50 | 转向中 front=0.72 目标>0.8
[INFO] [1790744385.163081727] [exploration]: v=+0.00 w=+0.00 | 转向完成，停稳 front=0.88
[INFO] [1790744385.262875117] [exploration]: v=+0.20 w=+0.00 | 直行 d=0.96
[INFO] [1790744385.362850896] [exploration]: v=+0.20 w=+0.00 | 直行 d=0.97
[INFO] [1790744385.464831662] [exploration]: v=+0.20 w=+0.00 | 直行 d=0.98
[INFO] [1790744385.563616716] [exploration]: v=+0.20 w=+0.00 | 直行 d=0.99
[INFO] [1790744385.764164089] [exploration]: v=+0.20 w=+0.00 | 直行 d=1.08
[INFO] [1790744385.863567262] [exploration]: v=+0.20 w=+0.00 | 直行 d=1.00
[INFO] [1790744385.963426199] [exploration]: v=+0.20 w=+0.00 | 直行 d=0.97
[INFO] [1790744386.065259447] [exploration]: v=+0.20 w=+0.00 | 直行 d=1.01
[INFO] [1790744386.164709642] [exploration]: v=+0.20 w=+0.00 | 直行 d=1.00
[INFO] [1790744386.264545699] [exploration]: v=+0.20 w=+0.00 | 直行 d=1.01
[INFO] [1790744386.364194916] [exploration]: v=+0.20 w=+0.00 | 直行 d=1.11
[INFO] [1790744386.464639140] [exploration]: v=+0.20 w=+0.00 | 直行 d=1.13
[INFO] [1790744386.565591862] [exploration]: v=+0.20 w=+0.00 | 直行 d=1.11
[INFO] [1790744386.666041713] [exploration]: v=+0.20 w=+0.00 | 直行 d=1.13
[INFO] [1790744386.765184204] [exploration]: v=+0.20 w=+0.00 | 直行 d=1.11
[INFO] [1790744386.965015104] [exploration]: v=+0.20 w=+0.00 | 直行 d=1.12
[INFO] [1790744387.064840240] [exploration]: v=+0.20 w=+0.00 | 直行 d=1.13
[INFO] [1790744387.265937093] [exploration]: v=+0.20 w=+0.00 | 直行 d=1.15
[INFO] [1790744387.365650320] [exploration]: v=+0.20 w=+0.00 | 直行 d=1.13
[INFO] [1790744387.465294429] [exploration]: v=+0.20 w=+0.00 | 直行 d=1.16
[INFO] [1790744387.565529113] [exploration]: v=+0.20 w=+0.00 | 直行 d=1.18
[INFO] [1790744387.766330852] [exploration]: v=+0.20 w=+0.00 | 直行 d=1.15
[INFO] [1790744387.867055334] [exploration]: v=+0.20 w=+0.00 | 直行 d=1.18
[INFO] [1790744387.969429469] [exploration]: v=+0.20 w=+0.00 | 直行 d=1.17
[INFO] [1790744388.070384750] [exploration]: v=+0.20 w=+0.00 | 直行 d=1.19
[INFO] [1790744388.269031440] [exploration]: v=+0.20 w=+0.00 | 直行 d=1.20
[INFO] [1790744388.368161112] [exploration]: v=+0.20 w=+0.00 | 直行 d=1.19
[INFO] [1790744388.469934570] [exploration]: v=+0.20 w=+0.00 | 直行 d=1.10
[INFO] [1790744388.568081473] [exploration]: v=+0.20 w=+0.00 | 直行 d=1.21
[INFO] [1790744388.667985421] [exploration]: v=+0.20 w=+0.00 | 直行 d=1.20
[INFO] [1790744388.768133139] [exploration]: v=+0.20 w=+0.00 | 直行 d=1.22
[INFO] [1790744388.869178675] [exploration]: v=+0.20 w=+0.00 | 直行 d=1.21
[INFO] [1790744389.068941156] [exploration]: v=+0.20 w=+0.00 | 直行 d=1.11
[INFO] [1790744389.169089382] [exploration]: v=+0.20 w=+0.00 | 直行 d=1.13
[INFO] [1790744389.370970862] [exploration]: v=+0.20 w=+0.00 | 直行 d=1.14
[INFO] [1790744389.470923088] [exploration]: v=+0.20 w=+0.00 | 直行 d=1.12
[INFO] [1790744389.570008603] [exploration]: v=+0.20 w=+0.00 | 直行 d=1.15
[INFO] [1790744389.671175916] [exploration]: v=+0.20 w=+0.00 | 直行 d=1.12
[INFO] [1790744389.770182992] [exploration]: v=+0.20 w=+0.00 | 直行 d=1.15
[INFO] [1790744389.870268571] [exploration]: v=+0.20 w=+0.00 | 直行 d=1.14
[INFO] [1790744389.970784586] [exploration]: v=+0.20 w=+0.00 | 直行 d=2.37
[INFO] [1790744390.371105770] [exploration]: v=+0.20 w=+0.00 | 直行 d=2.51
[INFO] [1790744390.572549047] [exploration]: v=+0.20 w=+0.00 | 直行 d=2.52
[INFO] [1790744390.672073579] [exploration]: v=+0.20 w=+0.00 | 直行 d=2.51
[INFO] [1790744390.772800924] [exploration]: v=+0.20 w=+0.00 | 直行 d=2.50
[INFO] [1790744390.872046159] [exploration]: v=+0.20 w=+0.00 | 直行 d=2.49
[INFO] [1790744390.971951870] [exploration]: v=+0.20 w=+0.00 | 直行 d=2.50
[INFO] [1790744391.072571393] [exploration]: v=+0.20 w=+0.00 | 直行 d=2.49
[INFO] [1790744391.173302879] [exploration]: v=+0.20 w=+0.00 | 直行 d=2.51
[INFO] [1790744391.273661996] [exploration]: v=+0.20 w=+0.00 | 直行 d=2.49
[INFO] [1790744391.374403427] [exploration]: v=+0.20 w=+0.00 | 直行 d=2.48
[INFO] [1790744391.474505847] [exploration]: v=+0.20 w=+0.00 | 直行 d=2.46
[INFO] [1790744391.573560100] [exploration]: v=+0.20 w=+0.00 | 直行 d=2.45
[INFO] [1790744391.673930476] [exploration]: v=+0.20 w=+0.00 | 直行 d=2.44
[INFO] [1790744391.774489540] [exploration]: v=+0.20 w=+0.00 | 直行 d=2.43
[INFO] [1790744391.874026855] [exploration]: v=+0.20 w=+0.00 | 直行 d=2.40
[INFO] [1790744391.974644923] [exploration]: v=+0.20 w=+0.00 | 直行 d=2.39
[INFO] [1790744392.074471854] [exploration]: v=+0.20 w=+0.00 | 直行 d=2.38
[INFO] [1790744392.174340776] [exploration]: v=+0.20 w=+0.00 | 直行 d=2.36
[INFO] [1790744392.275072911] [exploration]: v=+0.20 w=+0.00 | 直行 d=2.33
[INFO] [1790744392.375204106] [exploration]: v=+0.20 w=+0.00 | 直行 d=2.32
[INFO] [1790744392.574923224] [exploration]: v=+0.20 w=+0.00 | 直行 d=2.29
[INFO] [1790744392.676527652] [exploration]: v=+0.20 w=+0.00 | 直行 d=2.25
[INFO] [1790744392.775605118] [exploration]: v=+0.20 w=+0.00 | 直行 d=2.26
[INFO] [1790744392.875373978] [exploration]: v=+0.20 w=+0.00 | 直行 d=2.24
[INFO] [1790744392.977219824] [exploration]: v=+0.20 w=+0.00 | 直行 d=2.22
[INFO] [1790744393.176059604] [exploration]: v=+0.20 w=+0.00 | 直行 d=2.20
[INFO] [1790744393.276996259] [exploration]: v=+0.20 w=+0.00 | 直行 d=2.17
[INFO] [1790744393.375802032] [exploration]: v=+0.20 w=+0.00 | 直行 d=2.14
[INFO] [1790744393.475816068] [exploration]: v=+0.20 w=+0.00 | 直行 d=2.13
[INFO] [1790744393.576960010] [exploration]: v=+0.20 w=+0.00 | 直行 d=2.10
[INFO] [1790744393.677169842] [exploration]: v=+0.20 w=+0.00 | 直行 d=2.07
[INFO] [1790744393.776587350] [exploration]: v=+0.20 w=+0.00 | 直行 d=2.03
[INFO] [1790744393.876451128] [exploration]: v=+0.20 w=+0.00 | 直行 d=2.02
[INFO] [1790744393.977698874] [exploration]: v=+0.20 w=+0.00 | 直行 d=2.00
[INFO] [1790744394.076879036] [exploration]: v=+0.20 w=+0.00 | 直行 d=1.98
[INFO] [1790744394.177045174] [exploration]: v=+0.20 w=+0.00 | 直行 d=1.96
[INFO] [1790744394.277720938] [exploration]: v=+0.20 w=+0.00 | 直行 d=1.95
[INFO] [1790744394.377951639] [exploration]: v=+0.20 w=+0.00 | 直行 d=1.91
[INFO] [1790744394.577689597] [exploration]: v=+0.20 w=+0.00 | 直行 d=1.90
[INFO] [1790744394.678237230] [exploration]: v=+0.20 w=+0.00 | 直行 d=1.86
[INFO] [1790744394.877339366] [exploration]: v=+0.20 w=+0.00 | 直行 d=1.82
[INFO] [1790744394.978891115] [exploration]: v=+0.20 w=+0.00 | 直行 d=1.81
[INFO] [1790744395.079518006] [exploration]: v=+0.20 w=+0.00 | 直行 d=1.77
[INFO] [1790744395.179491738] [exploration]: v=+0.20 w=+0.00 | 直行 d=1.76
[INFO] [1790744395.278332728] [exploration]: v=+0.20 w=+0.00 | 直行 d=1.75
[INFO] [1790744395.379033851] [exploration]: v=+0.20 w=+0.00 | 直行 d=1.73
[INFO] [1790744395.479702850] [exploration]: v=+0.20 w=+0.00 | 直行 d=1.69
[INFO] [1790744395.579643469] [exploration]: v=+0.20 w=+0.00 | 直行 d=1.68
[INFO] [1790744395.679137834] [exploration]: v=+0.20 w=+0.00 | 直行 d=1.65
[INFO] [1790744395.779114216] [exploration]: v=+0.20 w=+0.00 | 直行 d=1.64
[INFO] [1790744395.879384653] [exploration]: v=+0.20 w=+0.00 | 直行 d=1.62
[INFO] [1790744395.979703086] [exploration]: v=+0.20 w=+0.00 | 直行 d=1.60
[INFO] [1790744396.080633718] [exploration]: v=+0.20 w=+0.00 | 直行 d=1.57
[INFO] [1790744396.180404080] [exploration]: v=+0.20 w=+0.00 | 直行 d=1.55
[INFO] [1790744396.279340877] [exploration]: v=+0.20 w=+0.00 | 直行 d=1.53
[INFO] [1790744396.380760201] [exploration]: v=+0.20 w=+0.00 | 直行 d=1.52
[INFO] [1790744396.480659448] [exploration]: v=+0.20 w=+0.00 | 直行 d=1.49
[INFO] [1790744396.581090745] [exploration]: v=+0.20 w=+0.00 | 直行 d=1.47
[INFO] [1790744396.681496810] [exploration]: v=+0.20 w=+0.00 | 直行 d=1.45
[INFO] [1790744396.781097416] [exploration]: v=+0.20 w=+0.00 | 直行 d=1.43
[INFO] [1790744396.881317488] [exploration]: v=+0.20 w=+0.00 | 直行 d=1.41
[INFO] [1790744396.981624908] [exploration]: v=+0.20 w=+0.00 | 直行 d=1.40
[INFO] [1790744397.081919807] [exploration]: v=+0.20 w=+0.00 | 直行 d=1.37
[INFO] [1790744397.181854929] [exploration]: v=+0.20 w=+0.00 | 直行 d=1.36
[INFO] [1790744397.281994687] [exploration]: v=+0.20 w=+0.00 | 直行 d=1.33
[INFO] [1790744397.382385882] [exploration]: v=+0.20 w=+0.00 | 直行 d=1.32
[INFO] [1790744397.481941776] [exploration]: v=+0.20 w=+0.00 | 直行 d=1.29
[INFO] [1790744397.581994219] [exploration]: v=+0.20 w=+0.00 | 直行 d=1.28
[INFO] [1790744397.682162595] [exploration]: v=+0.20 w=+0.00 | 直行 d=1.26
[INFO] [1790744397.782910027] [exploration]: v=+0.20 w=+0.00 | 直行 d=1.23
[INFO] [1790744397.882026271] [exploration]: v=+0.20 w=+0.00 | 直行 d=1.21
[INFO] [1790744397.981620972] [exploration]: v=+0.20 w=+0.00 | 直行 d=1.20
[INFO] [1790744398.082737482] [exploration]: v=+0.20 w=+0.00 | 直行 d=1.18
[INFO] [1790744398.182421570] [exploration]: v=+0.20 w=+0.00 | 直行 d=1.16
[INFO] [1790744398.282272606] [exploration]: v=+0.20 w=+0.00 | 直行 d=1.14
[INFO] [1790744398.382167472] [exploration]: v=+0.20 w=+0.00 | 直行 d=1.13
[INFO] [1790744398.483694793] [exploration]: v=+0.20 w=+0.00 | 直行 d=1.12
[INFO] [1790744398.583857355] [exploration]: v=+0.20 w=+0.00 | 直行 d=1.10
[INFO] [1790744398.684033340] [exploration]: v=+0.20 w=+0.00 | 直行 d=1.09
[INFO] [1790744398.784427921] [exploration]: v=+0.20 w=+0.00 | 直行 d=1.06
[INFO] [1790744398.884512158] [exploration]: v=+0.20 w=+0.00 | 直行 d=1.05
[INFO] [1790744398.984134579] [exploration]: v=+0.20 w=+0.00 | 直行 d=1.03
[INFO] [1790744399.185272407] [exploration]: v=+0.20 w=+0.00 | 直行 d=1.01
[INFO] [1790744399.285235234] [exploration]: v=+0.20 w=+0.00 | 直行 d=1.94
[INFO] [1790744399.384741544] [exploration]: v=+0.20 w=+0.00 | 直行 d=1.93
[INFO] [1790744399.485153408] [exploration]: v=+0.20 w=+0.00 | 直行 d=1.92
[INFO] [1790744399.585095711] [exploration]: v=+0.20 w=+0.00 | 直行 d=1.90
[INFO] [1790744399.685259036] [exploration]: v=+0.20 w=+0.00 | 直行 d=1.88
[INFO] [1790744399.785753243] [exploration]: v=+0.20 w=+0.00 | 直行 d=1.86
[INFO] [1790744399.885302929] [exploration]: v=+0.20 w=+0.00 | 直行 d=1.84
[INFO] [1790744399.986297095] [exploration]: v=+0.20 w=+0.00 | 直行 d=1.82
[INFO] [1790744400.086169555] [exploration]: v=+0.20 w=+0.00 | 直行 d=1.80
[INFO] [1790744400.186289764] [exploration]: v=+0.20 w=+0.00 | 直行 d=1.78
[INFO] [1790744400.286871182] [exploration]: v=+0.20 w=+0.00 | 直行 d=1.76
[INFO] [1790744400.387165341] [exploration]: v=+0.20 w=+0.00 | 直行 d=1.74
[INFO] [1790744400.486879191] [exploration]: v=+0.20 w=+0.00 | 直行 d=1.72
[INFO] [1790744400.586943861] [exploration]: v=+0.20 w=+0.00 | 直行 d=1.70
[INFO] [1790744400.687354813] [exploration]: v=+0.20 w=+0.00 | 直行 d=1.68
[INFO] [1790744400.787320236] [exploration]: v=+0.20 w=+0.00 | 直行 d=1.66
[INFO] [1790744400.887474291] [exploration]: v=+0.20 w=+0.00 | 直行 d=1.65
[INFO] [1790744400.987733936] [exploration]: v=+0.20 w=+0.00 | 直行 d=1.62
[INFO] [1790744401.088007629] [exploration]: v=+0.20 w=+0.00 | 直行 d=1.61
[INFO] [1790744401.187857819] [exploration]: v=+0.20 w=+0.00 | 直行 d=1.59
[INFO] [1790744401.289055562] [exploration]: v=+0.20 w=+0.00 | 直行 d=1.56
[INFO] [1790744401.387939527] [exploration]: v=+0.20 w=+0.00 | 直行 d=1.55
[INFO] [1790744401.487846301] [exploration]: v=+0.20 w=+0.00 | 直行 d=1.53
[INFO] [1790744401.591335314] [exploration]: v=+0.20 w=+0.00 | 直行 d=1.50
[INFO] [1790744401.689703476] [exploration]: v=+0.20 w=+0.00 | 直行 d=1.49
[INFO] [1790744401.790777382] [exploration]: v=+0.20 w=+0.00 | 直行 d=1.47
[INFO] [1790744401.889169580] [exploration]: v=+0.20 w=+0.00 | 直行 d=1.44
[INFO] [1790744401.989395846] [exploration]: v=+0.20 w=+0.00 | 直行 d=1.43
[INFO] [1790744402.089942293] [exploration]: v=+0.20 w=+0.00 | 直行 d=1.40
[INFO] [1790744402.189306641] [exploration]: v=+0.20 w=+0.00 | 直行 d=1.39
[INFO] [1790744402.289614792] [exploration]: v=+0.20 w=+0.00 | 直行 d=1.36
[INFO] [1790744402.389409914] [exploration]: v=+0.20 w=+0.00 | 直行 d=1.35
[INFO] [1790744402.490314253] [exploration]: v=+0.20 w=+0.00 | 直行 d=1.33
[INFO] [1790744402.589851672] [exploration]: v=+0.20 w=+0.00 | 直行 d=1.30
[INFO] [1790744402.690789439] [exploration]: v=+0.20 w=+0.00 | 直行 d=1.28
[INFO] [1790744402.789732511] [exploration]: v=+0.20 w=+0.00 | 直行 d=1.26
[INFO] [1790744402.889270205] [exploration]: v=+0.20 w=+0.00 | 直行 d=1.24
[INFO] [1790744402.989625453] [exploration]: v=+0.20 w=+0.00 | 直行 d=1.22
[INFO] [1790744403.089812658] [exploration]: v=+0.20 w=+0.00 | 直行 d=1.21
[INFO] [1790744403.190074905] [exploration]: v=+0.20 w=+0.00 | 直行 d=1.18
[INFO] [1790744403.289964917] [exploration]: v=+0.20 w=+0.00 | 直行 d=1.16
[INFO] [1790744403.390026508] [exploration]: v=+0.20 w=+0.00 | 直行 d=1.15
[INFO] [1790744403.490453711] [exploration]: v=+0.20 w=+0.00 | 直行 d=1.12
[INFO] [1790744403.590289059] [exploration]: v=+0.20 w=+0.00 | 直行 d=1.10
[INFO] [1790744403.690324267] [exploration]: v=+0.20 w=+0.00 | 直行 d=1.08
[INFO] [1790744403.791289322] [exploration]: v=+0.20 w=+0.00 | 直行 d=1.06
[INFO] [1790744403.892501508] [exploration]: v=+0.20 w=+0.00 | 直行 d=1.04
[INFO] [1790744403.993755350] [exploration]: v=+0.20 w=+0.00 | 直行 d=1.02
[INFO] [1790744404.093176464] [exploration]: v=+0.20 w=+0.00 | 直行 d=1.01
[INFO] [1790744404.192317485] [exploration]: v=+0.20 w=+0.00 | 直行 d=0.99
[INFO] [1790744404.292449572] [exploration]: v=+0.20 w=+0.00 | 直行 d=0.96
[INFO] [1790744404.392312045] [exploration]: v=+0.20 w=+0.00 | 直行 d=0.94
[INFO] [1790744404.493840168] [exploration]: v=+0.20 w=+0.00 | 直行 d=0.93
[INFO] [1790744404.592522783] [exploration]: v=+0.20 w=+0.00 | 直行 d=0.90
[INFO] [1790744404.694025642] [exploration]: v=+0.20 w=+0.00 | 直行 d=0.88
[INFO] [1790744404.793228629] [exploration]: v=+0.20 w=+0.00 | 直行 d=0.86
[INFO] [1790744404.893401762] [exploration]: v=+0.20 w=+0.00 | 直行 d=0.84
[INFO] [1790744404.993592588] [exploration]: v=+0.20 w=+0.00 | 直行 d=0.83
[INFO] [1790744405.093398869] [exploration]: v=+0.09 w=+0.00 | 减速 d=0.80
[INFO] [1790744405.192910644] [exploration]: v=+0.00 w=-0.50 | 转向，由于危险 d=0.40
[INFO] [1790744405.292743159] [exploration]: v=+0.00 w=-0.50 | 转向中 front=0.13 目标>0.8
[INFO] [1790744405.493291426] [exploration]: v=+0.00 w=-0.50 | 转向中 front=0.77 目标>0.8
[INFO] [1790744405.593785354] [exploration]: v=+0.00 w=-0.50 | 转向中 front=0.16 目标>0.8
[INFO] [1790744405.693800752] [exploration]: v=+0.00 w=-0.50 | 转向中 front=0.14 目标>0.8
[INFO] [1790744405.793825499] [exploration]: v=+0.00 w=-0.50 | 转向中 front=0.78 目标>0.8
[INFO] [1790744405.893540126] [exploration]: v=+0.00 w=-0.50 | 转向中 front=0.14 目标>0.8
[INFO] [1790744405.994495903] [exploration]: v=+0.00 w=-0.50 | 转向中 front=0.79 目标>0.8
[INFO] [1790744406.194126987] [exploration]: v=+0.00 w=+0.00 | 转向完成，停稳 front=0.81
[INFO] [1790744406.294787306] [exploration]: v=+0.20 w=+0.00 | 直行 d=0.82
[INFO] [1790744406.395084363] [exploration]: v=+0.20 w=+0.00 | 直行 d=0.81
[INFO] [1790744406.494962657] [exploration]: v=+0.09 w=+0.00 | 减速 d=0.79
[INFO] [1790744406.595997793] [exploration]: v=+0.00 w=-0.50 | 转向，由于危险 d=0.14
[INFO] [1790744406.696139276] [exploration]: v=+0.00 w=-0.50 | 转向中 front=0.77 目标>0.8
[INFO] [1790744406.796069842] [exploration]: v=+0.00 w=-0.50 | 转向中 front=0.14 目标>0.8
[INFO] [1790744406.896481805] [exploration]: v=+0.00 w=-0.50 | 转向中 front=0.16 目标>0.8
[INFO] [1790744406.996492397] [exploration]: v=+0.00 w=-0.50 | 转向中 front=0.78 目标>0.8
[INFO] [1790744407.096570264] [exploration]: v=+0.00 w=-0.50 | 转向中 front=0.76 目标>0.8
[INFO] [1790744407.196629528] [exploration]: v=+0.00 w=-0.50 | 转向中 front=0.70 目标>0.8
[INFO] [1790744407.297194813] [exploration]: v=+0.00 w=-0.50 | 转向中 front=0.69 目标>0.8
[INFO] [1790744407.397432164] [exploration]: v=+0.00 w=-0.50 | 转向中 front=0.67 目标>0.8
[INFO] [1790744407.496710256] [exploration]: v=+0.00 w=-0.50 | 转向中 front=0.64 目标>0.8
[INFO] [1790744407.598095647] [exploration]: v=+0.00 w=-0.50 | 转向中 front=0.62 目标>0.8
[INFO] [1790744407.797391080] [exploration]: v=+0.00 w=-0.50 | 转向中 front=0.60 目标>0.8
[INFO] [1790744407.997171774] [exploration]: v=+0.00 w=-0.50 | 转向中 front=0.58 目标>0.8
[INFO] [1790744408.197911834] [exploration]: v=+0.00 w=-0.50 | 转向中 front=0.56 目标>0.8
[INFO] [1790744408.297959969] [exploration]: v=-0.08 w=+0.00 | 卡死：3.0s 内位移 < 0.05m，倒退脱困
[INFO] [1790744408.398201203] [exploration]: v=-0.08 w=+0.00 | 脱困：倒退
[INFO] [1790744410.300792972] [exploration]: v=+0.00 w=+0.00 | 脱困完成，停稳
[INFO] [1790744410.400478836] [exploration]: v=+0.00 w=-0.50 | 转向中 front=0.13 目标>0.8
[INFO] [1790744410.501500737] [exploration]: v=+0.00 w=-0.50 | 转向中 front=0.69 目标>0.8
[INFO] [1790744410.601250233] [exploration]: v=+0.00 w=-0.50 | 转向中 front=0.67 目标>0.8
[INFO] [1790744410.701047744] [exploration]: v=+0.00 w=-0.50 | 转向中 front=0.14 目标>0.8
[INFO] [1790744410.801049632] [exploration]: v=+0.00 w=-0.50 | 转向中 front=0.68 目标>0.8
[INFO] [1790744410.901252575] [exploration]: v=+0.00 w=-0.50 | 转向中 front=0.67 目标>0.8
[INFO] [1790744411.001488209] [exploration]: v=+0.00 w=-0.50 | 转向中 front=0.15 目标>0.8
[INFO] [1790744411.101840282] [exploration]: v=+0.00 w=-0.50 | 转向中 front=0.13 目标>0.8
[INFO] [1790744411.201801959] [exploration]: v=+0.00 w=-0.50 | 转向中 front=0.15 目标>0.8
[INFO] [1790744411.300948261] [exploration]: v=+0.00 w=-0.50 | 转向中 front=0.67 目标>0.8
[INFO] [1790744411.401816654] [exploration]: v=+0.00 w=-0.50 | 转向中 front=0.15 目标>0.8
[INFO] [1790744411.502277932] [exploration]: v=+0.00 w=-0.50 | 转向中 front=0.66 目标>0.8
[INFO] [1790744411.602102335] [exploration]: v=+0.00 w=-0.50 | 转向中 front=0.65 目标>0.8
[INFO] [1790744411.703317419] [exploration]: v=+0.00 w=-0.50 | 转向中 front=0.13 目标>0.8
[INFO] [1790744411.803705637] [exploration]: v=+0.00 w=-0.50 | 转向中 front=0.65 目标>0.8
[INFO] [1790744412.003639047] [exploration]: v=+0.00 w=-0.50 | 转向中 front=0.14 目标>0.8
[INFO] [1790744412.104658172] [exploration]: v=+0.00 w=-0.50 | 转向中 front=0.64 目标>0.8
[INFO] [1790744412.204867461] [exploration]: v=+0.00 w=-0.50 | 转向中 front=0.13 目标>0.8
[INFO] [1790744412.304339597] [exploration]: v=+0.00 w=-0.50 | 转向中 front=0.66 目标>0.8
[INFO] [1790744412.404215770] [exploration]: v=+0.00 w=-0.50 | 转向中 front=0.14 目标>0.8
[INFO] [1790744412.504317975] [exploration]: v=+0.00 w=-0.50 | 转向中 front=0.67 目标>0.8
[INFO] [1790744412.604726017] [exploration]: v=+0.00 w=-0.50 | 转向中 front=0.69 目标>0.8
[INFO] [1790744412.703867993] [exploration]: v=+0.00 w=-0.50 | 转向中 front=0.14 目标>0.8
[INFO] [1790744412.803949561] [exploration]: v=+0.00 w=-0.50 | 转向中 front=0.13 目标>0.8
[INFO] [1790744413.003429446] [exploration]: v=+0.00 w=-0.50 | 转向中 front=0.14 目标>0.8
[INFO] [1790744413.103194318] [exploration]: v=+0.00 w=-0.50 | 转向中 front=0.13 目标>0.8
[INFO] [1790744413.204499718] [exploration]: v=+0.00 w=-0.50 | 转向中 front=0.14 目标>0.8
[INFO] [1790744413.307771804] [exploration]: v=+0.00 w=-0.50 | 转向中 front=0.79 目标>0.8
[INFO] [1790744413.406087637] [exploration]: v=+0.00 w=-0.50 | 转向中 front=0.13 目标>0.8
[INFO] [1790744413.505853949] [exploration]: v=+0.00 w=+0.00 | 转向完成，停稳 front=0.81
[INFO] [1790744413.606243353] [exploration]: v=+0.00 w=-0.50 | 转向，由于危险 d=0.14
[INFO] [1790744413.706651078] [exploration]: v=+0.00 w=+0.00 | 转向完成，停稳 front=0.86
[INFO] [1790744413.805876872] [exploration]: v=+0.00 w=-0.50 | 转向，由于危险 d=0.12
[INFO] [1790744413.905877979] [exploration]: v=+0.00 w=+0.00 | 转向完成，停稳 front=0.87
[INFO] [1790744414.006296542] [exploration]: v=+0.20 w=+0.00 | 直行 d=0.87
[INFO] [1790744414.106419910] [exploration]: v=-0.08 w=+0.00 | 卡死：3.0s 内位移 < 0.05m，倒退脱困
[INFO] [1790744414.207002968] [exploration]: v=-0.08 w=+0.00 | 脱困：倒退
[INFO] [1790744416.109454153] [exploration]: v=+0.00 w=+0.00 | 脱困完成，停稳
[INFO] [1790744416.208905975] [exploration]: v=+0.00 w=+0.50 | 转向，由于危险 d=0.15
[INFO] [1790744416.310498214] [exploration]: v=+0.00 w=+0.00 | 转向完成，停稳 front=1.07
[INFO] [1790744416.409775486] [exploration]: v=+0.20 w=+0.00 | 直行 d=1.07
[INFO] [1790744416.511243428] [exploration]: v=+0.00 w=+0.50 | 转向，由于危险 d=0.14
[INFO] [1790744416.610468522] [exploration]: v=+0.00 w=+0.50 | 转向中 front=0.14 目标>0.8
[INFO] [1790744416.711352155] [exploration]: v=+0.00 w=+0.00 | 转向完成，停稳 front=0.96
[INFO] [1790744416.811519320] [exploration]: v=+0.00 w=+0.50 | 转向，由于危险 d=0.15
[INFO] [1790744416.911459582] [exploration]: v=+0.00 w=+0.00 | 转向完成，停稳 front=0.94
[INFO] [1790744417.011063378] [exploration]: v=+0.20 w=+0.00 | 直行 d=0.91
[INFO] [1790744417.110442896] [exploration]: v=+0.00 w=+0.50 | 转向，由于危险 d=0.14
[INFO] [1790744417.211748341] [exploration]: v=+0.00 w=+0.50 | 转向中 front=0.14 目标>0.8
[INFO] [1790744417.310171908] [exploration]: v=+0.00 w=+0.50 | 转向中 front=0.13 目标>0.8
[INFO] [1790744417.410537427] [exploration]: v=+0.00 w=+0.50 | 转向中 front=0.14 目标>0.8
[INFO] [1790744417.510496151] [exploration]: v=+0.00 w=+0.00 | 转向完成，停稳 front=0.82
[INFO] [1790744417.611290416] [exploration]: v=+0.20 w=+0.00 | 直行 d=0.82
[INFO] [1790744417.711706656] [exploration]: v=+0.20 w=+0.00 | 直行 d=0.84
[INFO] [1790744417.811142782] [exploration]: v=+0.09 w=+0.00 | 减速 d=0.80
[INFO] [1790744417.911524300] [exploration]: v=+0.00 w=+0.50 | 转向，由于危险 d=0.13
[INFO] [1790744418.013072316] [exploration]: v=+0.00 w=+0.50 | 转向中 front=0.78 目标>0.8
[INFO] [1790744418.111676280] [exploration]: v=+0.00 w=+0.50 | 转向中 front=0.14 目标>0.8
[INFO] [1790744418.212194284] [exploration]: v=+0.00 w=+0.50 | 转向中 front=0.74 目标>0.8
[INFO] [1790744418.312595327] [exploration]: v=+0.00 w=+0.50 | 转向中 front=0.16 目标>0.8
[INFO] [1790744418.412322618] [exploration]: v=+0.00 w=+0.50 | 转向中 front=0.14 目标>0.8
[INFO] [1790744418.512263377] [exploration]: v=+0.00 w=+0.50 | 转向中 front=0.71 目标>0.8
[INFO] [1790744418.713536259] [exploration]: v=+0.00 w=+0.50 | 转向中 front=0.70 目标>0.8
[INFO] [1790744418.814522370] [exploration]: v=+0.00 w=+0.50 | 转向中 front=0.69 目标>0.8
[INFO] [1790744419.013688126] [exploration]: v=+0.00 w=+0.50 | 转向中 front=0.68 目标>0.8
[INFO] [1790744419.414846987] [exploration]: v=+0.00 w=+0.50 | 转向中 front=0.69 目标>0.8
[INFO] [1790744419.914902080] [exploration]: v=+0.00 w=+0.50 | 转向中 front=0.68 目标>0.8
[INFO] [1790744420.014902149] [exploration]: v=+0.00 w=+0.50 | 转向中 front=0.69 目标>0.8
[INFO] [1790744420.114834806] [exploration]: v=-0.08 w=+0.00 | 卡死：3.0s 内位移 < 0.05m，倒退脱困
[INFO] [1790744420.214759537] [exploration]: v=-0.08 w=+0.00 | 脱困：倒退
[INFO] [1790744422.116902818] [exploration]: v=+0.00 w=+0.00 | 脱困完成，停稳
[INFO] [1790744422.217416241] [exploration]: v=+0.00 w=+0.50 | 转向中 front=0.79 目标>0.8
[INFO] [1790744422.317080051] [exploration]: v=+0.00 w=+0.00 | 转向完成，停稳 front=0.82
[INFO] [1790744422.417620309] [exploration]: v=+0.20 w=+0.00 | 直行 d=0.83
[INFO] [1790744422.519341563] [exploration]: v=+0.00 w=+0.50 | 转向，由于危险 d=0.13
[INFO] [1790744422.619123740] [exploration]: v=+0.00 w=+0.00 | 转向完成，停稳 front=0.82
[INFO] [1790744422.719220389] [exploration]: v=+0.00 w=+0.50 | 转向，由于危险 d=0.14
[INFO] [1790744422.818634285] [exploration]: v=+0.00 w=+0.50 | 转向中 front=0.14 目标>0.8
[INFO] [1790744422.920506642] [exploration]: v=+0.00 w=+0.50 | 转向中 front=0.13 目标>0.8
[INFO] [1790744423.019284593] [exploration]: v=+0.00 w=+0.50 | 转向中 front=0.14 目标>0.8
[INFO] [1790744423.119120735] [exploration]: v=+0.00 w=+0.50 | 转向中 front=0.13 目标>0.8
[INFO] [1790744423.218557923] [exploration]: v=+0.00 w=+0.00 | 转向完成，停稳 front=0.82
[INFO] [1790744423.318247178] [exploration]: v=+0.00 w=+0.50 | 转向，由于危险 d=0.13
[INFO] [1790744423.418743953] [exploration]: v=+0.00 w=+0.50 | 转向中 front=0.13 目标>0.8
[INFO] [1790744423.518840056] [exploration]: v=+0.00 w=+0.50 | 转向中 front=0.80 目标>0.8
[INFO] [1790744423.619086811] [exploration]: v=+0.00 w=+0.50 | 转向中 front=0.75 目标>0.8
[INFO] [1790744423.718824413] [exploration]: v=+0.00 w=+0.50 | 转向中 front=0.74 目标>0.8
[INFO] [1790744423.819448928] [exploration]: v=+0.00 w=+0.50 | 转向中 front=0.14 目标>0.8
[INFO] [1790744423.919279185] [exploration]: v=+0.00 w=+0.50 | 转向中 front=0.71 目标>0.8
[INFO] [1790744424.019821706] [exploration]: v=+0.00 w=+0.50 | 转向中 front=0.13 目标>0.8
[INFO] [1790744424.119802977] [exploration]: v=+0.00 w=+0.50 | 转向中 front=0.14 目标>0.8
[INFO] [1790744424.319391471] [exploration]: v=+0.00 w=+0.50 | 转向中 front=0.13 目标>0.8
[INFO] [1790744424.419887764] [exploration]: v=+0.00 w=+0.50 | 转向中 front=0.71 目标>0.8
[INFO] [1790744424.520450552] [exploration]: v=+0.00 w=+0.50 | 转向中 front=0.13 目标>0.8
[INFO] [1790744424.620552360] [exploration]: v=+0.00 w=+0.50 | 转向中 front=0.14 目标>0.8
[INFO] [1790744424.819980956] [exploration]: v=+0.00 w=+0.50 | 转向中 front=0.71 目标>0.8
[INFO] [1790744425.121361287] [exploration]: v=+0.00 w=+0.50 | 转向中 front=0.15 目标>0.8
[INFO] [1790744425.220913138] [exploration]: v=-0.08 w=+0.00 | 卡死：3.0s 内位移 < 0.05m，倒退脱困
[INFO] [1790744425.321044149] [exploration]: v=-0.08 w=+0.00 | 脱困：倒退
[INFO] [1790744427.224504203] [exploration]: v=+0.00 w=+0.00 | 脱困完成，停稳
[INFO] [1790744427.323871277] [exploration]: v=+0.00 w=+0.50 | 转向中 front=0.14 目标>0.8
[INFO] [1790744427.525849281] [exploration]: v=+0.00 w=+0.50 | 转向中 front=0.13 目标>0.8
[INFO] [1790744427.625611682] [exploration]: v=+0.00 w=+0.50 | 转向中 front=0.72 目标>0.8
[INFO] [1790744427.726253345] [exploration]: v=+0.00 w=+0.50 | 转向中 front=0.73 目标>0.8
[INFO] [1790744427.825496116] [exploration]: v=+0.00 w=+0.50 | 转向中 front=0.14 目标>0.8
[INFO] [1790744428.026580452] [exploration]: v=+0.00 w=+0.50 | 转向中 front=0.72 目标>0.8
[INFO] [1790744428.225548691] [exploration]: v=+0.00 w=+0.50 | 转向中 front=0.13 目标>0.8
[INFO] [1790744428.326187884] [exploration]: v=+0.00 w=+0.50 | 转向中 front=0.78 目标>0.8
[INFO] [1790744428.426893615] [exploration]: v=+0.00 w=+0.50 | 转向中 front=0.79 目标>0.8
[INFO] [1790744428.526497295] [exploration]: v=+0.00 w=+0.50 | 转向中 front=0.14 目标>0.8
[INFO] [1790744428.626153839] [exploration]: v=+0.00 w=+0.00 | 转向完成，停稳 front=0.83
[INFO] [1790744428.727470063] [exploration]: v=+0.00 w=+0.50 | 转向，由于危险 d=0.13
[INFO] [1790744428.827468032] [exploration]: v=+0.00 w=+0.50 | 转向中 front=0.14 目标>0.8
[INFO] [1790744428.927064360] [exploration]: v=+0.00 w=+0.00 | 转向完成，停稳 front=0.87
[INFO] [1790744429.027258002] [exploration]: v=+0.00 w=+0.50 | 转向，由于危险 d=0.13
[INFO] [1790744429.126641285] [exploration]: v=+0.00 w=+0.50 | 转向中 front=0.14 目标>0.8
[INFO] [1790744429.226442102] [exploration]: v=+0.00 w=+0.50 | 转向中 front=0.13 目标>0.8
[INFO] [1790744429.326720040] [exploration]: v=+0.00 w=+0.50 | 转向中 front=0.14 目标>0.8
[INFO] [1790744429.628419339] [exploration]: v=+0.00 w=+0.00 | 转向完成，停稳 front=0.87
[INFO] [1790744429.727899910] [exploration]: v=+0.20 w=+0.00 | 直行 d=0.87
[INFO] [1790744429.828047816] [exploration]: v=+0.00 w=-0.50 | 转向，由于危险 d=0.14
[INFO] [1790744429.930090033] [exploration]: v=+0.00 w=-0.50 | 转向中 front=0.14 目标>0.8
[INFO] [1790744430.030665834] [exploration]: v=+0.00 w=+0.00 | 转向完成，停稳 front=1.12
[INFO] [1790744430.130018163] [exploration]: v=+0.00 w=-0.50 | 转向，由于危险 d=0.14
[INFO] [1790744430.229628266] [exploration]: v=+0.00 w=-0.50 | 转向中 front=0.14 目标>0.8
[INFO] [1790744430.330092091] [exploration]: v=-0.08 w=+0.00 | 卡死：3.0s 内位移 < 0.05m，倒退脱困
[INFO] [1790744430.429130247] [exploration]: v=-0.08 w=+0.00 | 脱困：倒退
[INFO] [1790744432.332035604] [exploration]: v=+0.00 w=+0.00 | 脱困完成，停稳
[INFO] [1790744432.432104693] [exploration]: v=+0.00 w=-0.50 | 转向中 front=0.14 目标>0.8
[INFO] [1790744432.533659262] [exploration]: v=+0.00 w=-0.50 | 转向中 front=0.13 目标>0.8
[INFO] [1790744432.632623150] [exploration]: v=+0.00 w=-0.50 | 转向中 front=0.14 目标>0.8
[INFO] [1790744432.832453795] [exploration]: v=+0.00 w=+0.00 | 转向完成，停稳 front=0.98
[INFO] [1790744432.932809935] [exploration]: v=+0.20 w=+0.00 | 直行 d=0.98
[INFO] [1790744433.033927007] [exploration]: v=+0.20 w=+0.00 | 直行 d=0.95
[INFO] [1790744433.233347718] [exploration]: v=+0.20 w=+0.00 | 直行 d=0.93
[INFO] [1790744433.352612780] [exploration]: v=+0.20 w=+0.00 | 直行 d=0.91
[INFO] [1790744433.440566266] [exploration]: v=+0.20 w=+0.00 | 直行 d=0.90
[INFO] [1790744433.536350424] [exploration]: v=+0.20 w=+0.00 | 直行 d=0.87
[INFO] [1790744433.634200195] [exploration]: v=+0.20 w=+0.00 | 直行 d=0.86
[INFO] [1790744433.733561891] [exploration]: v=+0.20 w=+0.00 | 直行 d=0.84
[INFO] [1790744433.833055573] [exploration]: v=+0.20 w=+0.00 | 直行 d=0.81
[INFO] [1790744434.034572847] [exploration]: v=+0.09 w=+0.00 | 减速 d=0.79
[INFO] [1790744434.135512745] [exploration]: v=+0.08 w=+0.00 | 减速 d=0.76
[INFO] [1790744434.234130779] [exploration]: v=+0.00 w=-0.50 | 转向，由于危险 d=0.40
[INFO] [1790744434.334324821] [exploration]: v=+0.00 w=-0.50 | 转向中 front=0.14 目标>0.8
[INFO] [1790744434.434626658] [exploration]: v=+0.00 w=-0.50 | 转向中 front=0.71 目标>0.8
[INFO] [1790744434.535079967] [exploration]: v=+0.00 w=-0.50 | 转向中 front=0.15 目标>0.8
[INFO] [1790744434.635788075] [exploration]: v=+0.00 w=-0.50 | 转向中 front=0.13 目标>0.8
[INFO] [1790744434.735639112] [exploration]: v=+0.00 w=-0.50 | 转向中 front=0.14 目标>0.8
[INFO] [1790744434.835485465] [exploration]: v=+0.00 w=-0.50 | 转向中 front=0.67 目标>0.8
[INFO] [1790744435.135833029] [exploration]: v=+0.00 w=-0.50 | 转向中 front=0.65 目标>0.8
[INFO] [1790744435.335253248] [exploration]: v=+0.00 w=-0.50 | 转向中 front=0.64 目标>0.8
[INFO] [1790744435.434673016] [exploration]: v=+0.00 w=-0.50 | 转向中 front=0.65 目标>0.8
[INFO] [1790744435.535710994] [exploration]: v=+0.00 w=-0.50 | 转向中 front=0.64 目标>0.8
[INFO] [1790744435.636165861] [exploration]: v=+0.00 w=-0.50 | 转向中 front=0.65 目标>0.8
[INFO] [1790744435.837219782] [exploration]: v=+0.00 w=-0.50 | 转向中 front=0.64 目标>0.8
[INFO] [1790744436.037257856] [exploration]: v=+0.00 w=-0.50 | 转向中 front=0.65 目标>0.8
[INFO] [1790744436.137239880] [exploration]: v=+0.00 w=-0.50 | 转向中 front=0.64 目标>0.8
[INFO] [1790744436.237457994] [exploration]: v=+0.00 w=-0.50 | 转向中 front=0.65 目标>0.8
[INFO] [1790744436.538386715] [exploration]: v=+0.00 w=-0.50 | 转向中 front=0.66 目标>0.8
[INFO] [1790744436.637962958] [exploration]: v=+0.00 w=-0.50 | 转向中 front=0.67 目标>0.8
[INFO] [1790744436.837860615] [exploration]: v=+0.00 w=-0.50 | 转向中 front=0.68 目标>0.8
[INFO] [1790744436.938293592] [exploration]: v=+0.00 w=-0.50 | 转向中 front=0.71 目标>0.8
[INFO] [1790744437.039132244] [exploration]: v=-0.08 w=+0.00 | 卡死：3.0s 内位移 < 0.05m，倒退脱困
[INFO] [1790744437.138884048] [exploration]: v=-0.08 w=+0.00 | 脱困：倒退
[INFO] [1790744439.041001344] [exploration]: v=+0.00 w=+0.00 | 脱困完成，停稳
[INFO] [1790744439.141806434] [exploration]: v=+0.00 w=-0.50 | 转向中 front=0.77 目标>0.8
[INFO] [1790744439.241145580] [exploration]: v=+0.00 w=-0.50 | 转向中 front=0.76 目标>0.8
[INFO] [1790744439.341244497] [exploration]: v=+0.00 w=-0.50 | 转向中 front=0.14 目标>0.8
[INFO] [1790744439.441355902] [exploration]: v=+0.00 w=-0.50 | 转向中 front=0.15 目标>0.8
[INFO] [1790744439.542434664] [exploration]: v=+0.00 w=-0.50 | 转向中 front=0.13 目标>0.8
[INFO] [1790744439.642709668] [exploration]: v=+0.00 w=-0.50 | 转向中 front=0.79 目标>0.8
[INFO] [1790744439.742539435] [exploration]: v=+0.00 w=-0.50 | 转向中 front=0.14 目标>0.8
[INFO] [1790744440.043866109] [exploration]: v=+0.00 w=+0.00 | 转向完成，停稳 front=0.83
[INFO] [1790744440.142487236] [exploration]: v=+0.20 w=+0.00 | 直行 d=0.84
[INFO] [1790744440.444314763] [exploration]: v=+0.20 w=+0.00 | 直行 d=0.82
[INFO] [1790744440.543874511] [exploration]: v=+0.09 w=+0.00 | 减速 d=0.79
[INFO] [1790744440.644656668] [exploration]: v=+0.00 w=+0.50 | 左侧缺口 l=0.15 r=0.85
[INFO] [1790744440.744172146] [exploration]: v=+0.00 w=+0.50 | 转向中 front=0.14 目标>0.8
[INFO] [1790744440.844076274] [exploration]: v=+0.00 w=+0.50 | 转向中 front=0.77 目标>0.8
[INFO] [1790744440.945808461] [exploration]: v=+0.00 w=+0.50 | 转向中 front=0.13 目标>0.8
[INFO] [1790744441.045191732] [exploration]: v=+0.00 w=+0.50 | 转向中 front=0.16 目标>0.8
[INFO] [1790744441.145080841] [exploration]: v=+0.00 w=+0.50 | 转向中 front=0.13 目标>0.8
[INFO] [1790744441.244835975] [exploration]: v=+0.00 w=+0.50 | 转向中 front=0.70 目标>0.8
[INFO] [1790744441.344620104] [exploration]: v=+0.00 w=+0.50 | 转向中 front=0.69 目标>0.8
[INFO] [1790744441.444973074] [exploration]: v=+0.00 w=+0.50 | 转向中 front=0.67 目标>0.8
[INFO] [1790744441.645359724] [exploration]: v=+0.00 w=+0.50 | 转向中 front=0.66 目标>0.8
[INFO] [1790744441.745995775] [exploration]: v=+0.00 w=+0.50 | 转向中 front=0.65 目标>0.8
[INFO] [1790744442.145201510] [exploration]: v=+0.00 w=+0.50 | 转向中 front=0.64 目标>0.8
[INFO] [1790744442.244917546] [exploration]: v=+0.00 w=+0.50 | 转向中 front=0.65 目标>0.8
[INFO] [1790744442.445676944] [exploration]: v=+0.00 w=+0.50 | 转向中 front=0.64 目标>0.8
[INFO] [1790744442.546950028] [exploration]: v=+0.00 w=+0.50 | 转向中 front=0.65 目标>0.8
[INFO] [1790744442.947007556] [exploration]: v=+0.00 w=+0.50 | 转向中 front=0.64 目标>0.8
[INFO] [1790744443.048089936] [exploration]: v=+0.00 w=+0.50 | 转向中 front=0.65 目标>0.8
[INFO] [1790744443.147923068] [exploration]: v=+0.00 w=+0.50 | 转向中 front=0.66 目标>0.8
[INFO] [1790744443.248363892] [exploration]: v=+0.00 w=+0.50 | 转向中 front=0.67 目标>0.8
[INFO] [1790744443.347108624] [exploration]: v=+0.00 w=+0.50 | 转向中 front=0.68 目标>0.8
[INFO] [1790744443.448409106] [exploration]: v=-0.08 w=+0.00 | 卡死：3.0s 内位移 < 0.05m，倒退脱困
[INFO] [1790744443.548439208] [exploration]: v=-0.08 w=+0.00 | 脱困：倒退
[INFO] [1790744445.450514147] [exploration]: v=+0.00 w=+0.00 | 脱困完成，停稳
[INFO] [1790744445.550562620] [exploration]: v=+0.00 w=+0.50 | 转向中 front=0.14 目标>0.8
[INFO] [1790744445.651137277] [exploration]: v=+0.00 w=+0.00 | 转向完成，停稳 front=0.86
[INFO] [1790744445.752007682] [exploration]: v=+0.00 w=+0.50 | 转向，由于危险 d=0.14
[INFO] [1790744445.852716171] [exploration]: v=+0.00 w=+0.00 | 转向完成，停稳 front=0.88
[INFO] [1790744445.952577891] [exploration]: v=+0.20 w=+0.00 | 直行 d=0.90
[INFO] [1790744446.052147560] [exploration]: v=+0.20 w=+0.00 | 直行 d=0.89
[INFO] [1790744446.152006733] [exploration]: v=+0.20 w=+0.00 | 直行 d=0.88
[INFO] [1790744446.253029859] [exploration]: v=+0.20 w=+0.00 | 直行 d=0.87
[INFO] [1790744446.353150227] [exploration]: v=+0.20 w=+0.00 | 直行 d=0.85
[INFO] [1790744446.452778727] [exploration]: v=+0.20 w=+0.00 | 直行 d=0.83
[INFO] [1790744446.553646210] [exploration]: v=+0.09 w=+0.00 | 减速 d=0.79
[INFO] [1790744446.653994575] [exploration]: v=+0.00 w=-0.50 | 转向，由于危险 d=0.14
[INFO] [1790744446.753107943] [exploration]: v=+0.00 w=-0.50 | 转向中 front=0.78 目标>0.8
[INFO] [1790744446.853458658] [exploration]: v=+0.00 w=-0.50 | 转向中 front=0.17 目标>0.8
[INFO] [1790744446.954156833] [exploration]: v=+0.00 w=-0.50 | 转向中 front=0.13 目标>0.8
[INFO] [1790744447.053472505] [exploration]: v=+0.00 w=-0.50 | 转向中 front=0.16 目标>0.8
[INFO] [1790744447.153667933] [exploration]: v=+0.00 w=-0.50 | 转向中 front=0.73 目标>0.8
[INFO] [1790744447.253579465] [exploration]: v=+0.00 w=-0.50 | 转向中 front=0.71 目标>0.8
[INFO] [1790744447.453552269] [exploration]: v=+0.00 w=-0.50 | 转向中 front=0.70 目标>0.8
[INFO] [1790744447.554629439] [exploration]: v=+0.00 w=-0.50 | 转向中 front=0.69 目标>0.8
[INFO] [1790744447.953643533] [exploration]: v=+0.00 w=-0.50 | 转向中 front=0.67 目标>0.8
[INFO] [1790744448.053958828] [exploration]: v=+0.00 w=-0.50 | 转向中 front=0.68 目标>0.8
[INFO] [1790744448.754431208] [exploration]: v=+0.00 w=-0.50 | 转向中 front=0.69 目标>0.8
[INFO] [1790744448.854785072] [exploration]: v=+0.00 w=-0.50 | 转向中 front=0.70 目标>0.8
[INFO] [1790744449.055153016] [exploration]: v=+0.00 w=-0.50 | 转向中 front=0.71 目标>0.8
[INFO] [1790744449.155171805] [exploration]: v=+0.00 w=-0.50 | 转向中 front=0.72 目标>0.8
[INFO] [1790744449.255761669] [exploration]: v=+0.00 w=-0.50 | 转向中 front=0.73 目标>0.8
[INFO] [1790744449.354241408] [exploration]: v=+0.00 w=-0.50 | 转向中 front=0.75 目标>0.8
[INFO] [1790744449.454233262] [exploration]: v=-0.08 w=+0.00 | 卡死：3.0s 内位移 < 0.05m，倒退脱困
[INFO] [1790744449.555563028] [exploration]: v=-0.08 w=+0.00 | 脱困：倒退
[INFO] [1790744451.457906041] [exploration]: v=+0.00 w=+0.00 | 脱困完成，停稳
[INFO] [1790744451.558922147] [exploration]: v=+0.00 w=-0.50 | 转向中 front=0.12 目标>0.8
[INFO] [1790744451.659559271] [exploration]: v=+0.00 w=+0.00 | 转向完成，停稳 front=0.83
[INFO] [1790744451.758882291] [exploration]: v=+0.20 w=+0.00 | 直行 d=0.87
[INFO] [1790744451.861299273] [exploration]: v=+0.00 w=-0.50 | 转向，由于危险 d=0.13
[INFO] [1790744451.960944877] [exploration]: v=+0.00 w=+0.00 | 转向完成，停稳 front=0.85
[INFO] [1790744452.060132084] [exploration]: v=+0.20 w=+0.00 | 直行 d=0.85
[INFO] [1790744452.160687292] [exploration]: v=+0.00 w=-0.50 | 转向，由于危险 d=0.14
[INFO] [1790744452.260515759] [exploration]: v=+0.00 w=+0.00 | 转向完成，停稳 front=0.85
[INFO] [1790744452.360893403] [exploration]: v=+0.20 w=+0.00 | 直行 d=0.85
[INFO] [1790744452.461517409] [exploration]: v=+0.20 w=+0.00 | 直行 d=0.86
[INFO] [1790744452.560713058] [exploration]: v=+0.00 w=-0.50 | 转向，由于危险 d=0.40
[INFO] [1790744452.660693591] [exploration]: v=+0.00 w=-0.50 | 转向中 front=0.14 目标>0.8
[INFO] [1790744452.961200620] [exploration]: v=+0.00 w=+0.00 | 转向完成，停稳 front=0.84
[INFO] [1790744453.061164115] [exploration]: v=+0.20 w=+0.00 | 直行 d=0.85
[INFO] [1790744453.161677650] [exploration]: v=+0.00 w=-0.50 | 转向，由于危险 d=0.15
[INFO] [1790744453.260651283] [exploration]: v=+0.00 w=-0.50 | 转向中 front=0.14 目标>0.8
[INFO] [1790744453.360788203] [exploration]: v=+0.00 w=-0.50 | 转向中 front=0.13 目标>0.8
[INFO] [1790744453.462130495] [exploration]: v=+0.00 w=-0.50 | 转向中 front=0.14 目标>0.8
[INFO] [1790744453.661969389] [exploration]: v=+0.00 w=-0.50 | 转向中 front=0.77 目标>0.8
[INFO] [1790744453.762341775] [exploration]: v=+0.00 w=-0.50 | 转向中 front=0.14 目标>0.8
[INFO] [1790744453.862962315] [exploration]: v=+0.00 w=-0.50 | 转向中 front=0.13 目标>0.8
[INFO] [1790744453.962508351] [exploration]: v=+0.00 w=-0.50 | 转向中 front=0.74 目标>0.8
[INFO] [1790744454.162541728] [exploration]: v=+0.00 w=-0.50 | 转向中 front=0.13 目标>0.8
[INFO] [1790744454.263390958] [exploration]: v=+0.00 w=-0.50 | 转向中 front=0.73 目标>0.8
[INFO] [1790744454.362537818] [exploration]: v=+0.00 w=-0.50 | 转向中 front=0.74 目标>0.8
[INFO] [1790744454.462736724] [exploration]: v=+0.00 w=-0.50 | 转向中 front=0.14 目标>0.8
[INFO] [1790744454.564327828] [exploration]: v=+0.00 w=-0.50 | 转向中 front=0.15 目标>0.8
[INFO] [1790744454.664420378] [exploration]: v=+0.00 w=-0.50 | 转向中 front=0.14 目标>0.8
[INFO] [1790744454.863890203] [exploration]: v=+0.00 w=-0.50 | 转向中 front=0.13 目标>0.8
[INFO] [1790744454.965072819] [exploration]: v=+0.00 w=-0.50 | 转向中 front=0.74 目标>0.8
[INFO] [1790744455.166236452] [exploration]: v=+0.00 w=-0.50 | 转向中 front=0.13 目标>0.8
[INFO] [1790744455.464920321] [exploration]: v=+0.00 w=-0.50 | 转向中 front=0.16 目标>0.8
[INFO] [1790744455.565851400] [exploration]: v=-0.08 w=+0.00 | 卡死：3.0s 内位移 < 0.05m，倒退脱困
[INFO] [1790744455.665457672] [exploration]: v=-0.08 w=+0.00 | 脱困：倒退
[INFO] [1790744457.567816480] [exploration]: v=+0.00 w=+0.00 | 脱困完成，停稳
[INFO] [1790744457.668696483] [exploration]: v=+0.00 w=-0.50 | 转向中 front=0.14 目标>0.8
[INFO] [1790744457.968096323] [exploration]: v=+0.00 w=+0.00 | 转向完成，停稳 front=0.99
[INFO] [1790744458.068728498] [exploration]: v=+0.20 w=+0.00 | 直行 d=0.99
[INFO] [1790744458.168877760] [exploration]: v=+0.20 w=+0.00 | 直行 d=1.02
[INFO] [1790744458.269351040] [exploration]: v=+0.20 w=+0.00 | 直行 d=0.98
[INFO] [1790744458.368675445] [exploration]: v=+0.20 w=+0.00 | 直行 d=0.99
[INFO] [1790744458.470135435] [exploration]: v=+0.20 w=+0.00 | 直行 d=0.97
[INFO] [1790744458.569650851] [exploration]: v=+0.20 w=+0.00 | 直行 d=0.95
[INFO] [1790744458.669227801] [exploration]: v=+0.20 w=+0.00 | 直行 d=0.93
[INFO] [1790744458.769284598] [exploration]: v=+0.20 w=+0.00 | 直行 d=0.91
[INFO] [1790744458.870722204] [exploration]: v=+0.20 w=+0.00 | 直行 d=0.89
[INFO] [1790744458.971034266] [exploration]: v=+0.20 w=+0.00 | 直行 d=0.88
[INFO] [1790744459.069565949] [exploration]: v=+0.20 w=+0.00 | 直行 d=0.86
[INFO] [1790744459.171497533] [exploration]: v=+0.20 w=+0.00 | 直行 d=0.83
[INFO] [1790744459.270306443] [exploration]: v=+0.20 w=+0.00 | 直行 d=0.82
[INFO] [1790744459.469975899] [exploration]: v=+0.09 w=+0.00 | 减速 d=0.79
[INFO] [1790744459.569541997] [exploration]: v=+0.00 w=-0.50 | 转向，由于危险 d=0.13
[INFO] [1790744459.670482100] [exploration]: v=+0.00 w=-0.50 | 转向中 front=0.16 目标>0.8
[INFO] [1790744459.772498925] [exploration]: v=+0.00 w=-0.50 | 转向中 front=0.15 目标>0.8
[INFO] [1790744459.873172881] [exploration]: v=+0.00 w=+0.00 | 转向完成，停稳 front=0.81
[INFO] [1790744459.972896264] [exploration]: v=+0.00 w=-0.50 | 转向，由于危险 d=0.13
[INFO] [1790744460.074405386] [exploration]: v=+0.00 w=+0.00 | 转向完成，停稳 front=0.85
[INFO] [1790744460.174378515] [exploration]: v=+0.20 w=+0.00 | 直行 d=0.84
[INFO] [1790744460.272316825] [exploration]: v=+0.20 w=+0.00 | 直行 d=0.86
[INFO] [1790744460.373695512] [exploration]: v=+0.20 w=+0.00 | 直行 d=0.84
[INFO] [1790744460.473264358] [exploration]: v=+0.20 w=+0.00 | 直行 d=0.83
[INFO] [1790744460.573047225] [exploration]: v=+0.09 w=+0.00 | 减速 d=0.80
[INFO] [1790744460.672698435] [exploration]: v=+0.00 w=+0.50 | 转向，由于危险 d=0.14
[INFO] [1790744460.773226944] [exploration]: v=+0.00 w=+0.50 | 转向中 front=0.13 目标>0.8
[INFO] [1790744460.972873749] [exploration]: v=+0.00 w=+0.50 | 转向中 front=0.73 目标>0.8
[INFO] [1790744461.074365404] [exploration]: v=+0.00 w=+0.50 | 转向中 front=0.14 目标>0.8
[INFO] [1790744461.175449939] [exploration]: v=+0.00 w=+0.50 | 转向中 front=0.15 目标>0.8
[INFO] [1790744461.273585335] [exploration]: v=+0.00 w=+0.50 | 转向中 front=0.14 目标>0.8
[INFO] [1790744461.373421450] [exploration]: v=+0.00 w=+0.50 | 转向中 front=0.67 目标>0.8
[INFO] [1790744461.475501969] [exploration]: v=+0.00 w=+0.50 | 转向中 front=0.65 目标>0.8
[INFO] [1790744461.575805534] [exploration]: v=+0.00 w=+0.50 | 转向中 front=0.66 目标>0.8
[INFO] [1790744461.675300425] [exploration]: v=+0.00 w=+0.50 | 转向中 front=0.64 目标>0.8
[INFO] [1790744461.775427069] [exploration]: v=+0.00 w=+0.50 | 转向中 front=0.63 目标>0.8
[INFO] [1790744461.875512804] [exploration]: v=+0.00 w=+0.50 | 转向中 front=0.62 目标>0.8
[INFO] [1790744461.975574022] [exploration]: v=+0.00 w=+0.50 | 转向中 front=0.61 目标>0.8
[INFO] [1790744462.477149534] [exploration]: v=+0.00 w=+0.50 | 转向中 front=0.62 目标>0.8
[INFO] [1790744462.576541357] [exploration]: v=+0.00 w=+0.50 | 转向中 front=0.61 目标>0.8
[INFO] [1790744463.078578758] [exploration]: v=+0.00 w=+0.50 | 转向中 front=0.62 目标>0.8
[INFO] [1790744463.387277991] [exploration]: v=+0.00 w=+0.50 | 转向中 front=0.63 目标>0.8
[INFO] [1790744463.481359278] [exploration]: v=-0.08 w=+0.00 | 卡死：3.0s 内位移 < 0.05m，倒退脱困
[INFO] [1790744463.579770107] [exploration]: v=-0.08 w=+0.00 | 脱困：倒退
[INFO] [1790744465.486256429] [exploration]: v=+0.00 w=+0.00 | 脱困完成，停稳
[INFO] [1790744465.583207310] [exploration]: v=+0.00 w=+0.50 | 转向中 front=0.71 目标>0.8
[INFO] [1790744465.784328250] [exploration]: v=+0.00 w=+0.50 | 转向中 front=0.72 目标>0.8
[INFO] [1790744465.884728462] [exploration]: v=+0.00 w=+0.50 | 转向中 front=0.73 目标>0.8
[INFO] [1790744465.982863402] [exploration]: v=+0.00 w=+0.50 | 转向中 front=0.74 目标>0.8
[INFO] [1790744466.183514443] [exploration]: v=+0.00 w=+0.50 | 转向中 front=0.76 目标>0.8
[INFO] [1790744466.284118161] [exploration]: v=+0.00 w=+0.50 | 转向中 front=0.75 目标>0.8
[INFO] [1790744466.386075839] [exploration]: v=+0.00 w=+0.50 | 转向中 front=0.79 目标>0.8
[INFO] [1790744466.685012470] [exploration]: v=+0.00 w=+0.00 | 转向完成，停稳 front=0.82
[INFO] [1790744466.784921835] [exploration]: v=+0.20 w=+0.00 | 直行 d=0.82
[INFO] [1790744466.887030598] [exploration]: v=+0.20 w=+0.00 | 直行 d=0.86
[INFO] [1790744467.084786768] [exploration]: v=+0.00 w=+0.50 | 转向，由于危险 d=0.13
[INFO] [1790744467.185954719] [exploration]: v=+0.00 w=+0.00 | 转向完成，停稳 front=0.82
[INFO] [1790744467.285470790] [exploration]: v=+0.20 w=+0.00 | 直行 d=0.82
[INFO] [1790744467.486862972] [exploration]: v=+0.20 w=+0.00 | 直行 d=0.80
[INFO] [1790744467.685897371] [exploration]: v=+0.08 w=+0.00 | 减速 d=0.77
[INFO] [1790744467.886646353] [exploration]: v=+0.08 w=+0.00 | 减速 d=0.76
[INFO] [1790744468.086163671] [exploration]: v=+0.08 w=+0.00 | 减速 d=0.74
[INFO] [1790744468.186510032] [exploration]: v=+0.08 w=+0.00 | 减速 d=0.75
[INFO] [1790744468.286729077] [exploration]: v=+0.07 w=+0.00 | 减速 d=0.73
[INFO] [1790744468.386139646] [exploration]: v=+0.07 w=+0.00 | 减速 d=0.72
[INFO] [1790744468.485975915] [exploration]: v=+0.00 w=+0.50 | 转向，由于危险 d=0.13
[INFO] [1790744468.586595745] [exploration]: v=+0.00 w=+0.50 | 转向中 front=0.14 目标>0.8
[INFO] [1790744468.688869227] [exploration]: v=+0.00 w=+0.50 | 转向中 front=0.74 目标>0.8
[INFO] [1790744468.788611490] [exploration]: v=+0.00 w=+0.50 | 转向中 front=0.75 目标>0.8
[INFO] [1790744468.987775503] [exploration]: v=+0.00 w=+0.50 | 转向中 front=0.14 目标>0.8
[INFO] [1790744469.188705383] [exploration]: v=+0.00 w=+0.50 | 转向中 front=0.72 目标>0.8
[INFO] [1790744469.288950607] [exploration]: v=+0.00 w=+0.50 | 转向中 front=0.71 目标>0.8
[INFO] [1790744469.388126960] [exploration]: v=+0.00 w=+0.50 | 转向中 front=0.70 目标>0.8
[INFO] [1790744469.488971355] [exploration]: v=+0.00 w=+0.50 | 转向中 front=0.14 目标>0.8
[INFO] [1790744469.590619889] [exploration]: v=+0.00 w=+0.50 | 转向中 front=0.69 目标>0.8
[INFO] [1790744469.789352474] [exploration]: v=+0.00 w=+0.50 | 转向中 front=0.70 目标>0.8
[INFO] [1790744469.889705707] [exploration]: v=+0.00 w=+0.50 | 转向中 front=0.69 目标>0.8
[INFO] [1790744469.988191840] [exploration]: v=+0.00 w=+0.50 | 转向中 front=0.16 目标>0.8
[INFO] [1790744470.089327836] [exploration]: v=+0.00 w=+0.50 | 转向中 front=0.70 目标>0.8
[INFO] [1790744470.389636040] [exploration]: v=+0.00 w=+0.50 | 转向中 front=0.13 目标>0.8
[INFO] [1790744470.590151266] [exploration]: v=+0.00 w=+0.50 | 转向中 front=0.14 目标>0.8
[INFO] [1790744470.891182030] [exploration]: v=+0.00 w=+0.50 | 转向中 front=0.15 目标>0.8
[INFO] [1790744470.991462587] [exploration]: v=-0.08 w=+0.00 | 卡死：3.0s 内位移 < 0.05m，倒退脱困
[INFO] [1790744471.090289470] [exploration]: v=-0.08 w=+0.00 | 脱困：倒退
[INFO] [1790744472.994564183] [exploration]: v=+0.00 w=+0.00 | 脱困完成，停稳
[INFO] [1790744473.094827041] [exploration]: v=+0.00 w=+0.50 | 转向中 front=0.13 目标>0.8
[INFO] [1790744473.194229337] [exploration]: v=+0.00 w=+0.00 | 转向完成，停稳 front=0.91
[INFO] [1790744473.295159054] [exploration]: v=+0.20 w=+0.00 | 直行 d=0.94
[INFO] [1790744473.493653181] [exploration]: v=+0.20 w=+0.00 | 直行 d=0.93
[INFO] [1790744473.695891361] [exploration]: v=+0.20 w=+0.00 | 直行 d=0.89
[INFO] [1790744473.794947180] [exploration]: v=+0.20 w=+0.00 | 直行 d=0.87
[INFO] [1790744473.894224694] [exploration]: v=+0.20 w=+0.00 | 直行 d=0.85
[INFO] [1790744474.195966834] [exploration]: v=+0.20 w=+0.00 | 直行 d=0.82
[INFO] [1790744474.296089478] [exploration]: v=+0.09 w=+0.00 | 减速 d=0.80
[INFO] [1790744474.395807665] [exploration]: v=+0.08 w=+0.00 | 减速 d=0.78
[INFO] [1790744474.496333083] [exploration]: v=+0.08 w=+0.00 | 减速 d=0.76
[INFO] [1790744474.594858034] [exploration]: v=+0.08 w=+0.00 | 减速 d=0.75
[INFO] [1790744474.695593257] [exploration]: v=+0.00 w=-0.50 | 转向，由于危险 d=0.14
[INFO] [1790744474.797378820] [exploration]: v=+0.00 w=-0.50 | 转向中 front=0.13 目标>0.8
[INFO] [1790744474.896229793] [exploration]: v=+0.00 w=-0.50 | 转向中 front=0.14 目标>0.8
[INFO] [1790744474.998498700] [exploration]: v=+0.00 w=-0.50 | 转向中 front=0.71 目标>0.8
[INFO] [1790744475.197210730] [exploration]: v=+0.00 w=-0.50 | 转向中 front=0.69 目标>0.8
[INFO] [1790744475.397900436] [exploration]: v=+0.00 w=-0.50 | 转向中 front=0.68 目标>0.8
[INFO] [1790744475.498095092] [exploration]: v=+0.00 w=-0.50 | 转向中 front=0.66 目标>0.8
[INFO] [1790744475.798903987] [exploration]: v=+0.00 w=-0.50 | 转向中 front=0.65 目标>0.8
[INFO] [1790744476.098924775] [exploration]: v=+0.00 w=-0.50 | 转向中 front=0.66 目标>0.8
[INFO] [1790744476.900199389] [exploration]: v=+0.00 w=-0.50 | 转向中 front=0.67 目标>0.8
[INFO] [1790744477.100166309] [exploration]: v=+0.00 w=-0.50 | 转向中 front=0.71 目标>0.8
[INFO] [1790744477.299451309] [exploration]: v=-0.08 w=+0.00 | 卡死：3.0s 内位移 < 0.05m，倒退脱困
[INFO] [1790744477.400048458] [exploration]: v=-0.08 w=+0.00 | 脱困：倒退
[INFO] [1790744479.302353583] [exploration]: v=+0.00 w=+0.00 | 脱困完成，停稳
[INFO] [1790744479.403270951] [exploration]: v=+0.00 w=+0.00 | 转向完成，停稳 front=0.86
[INFO] [1790744479.504410405] [exploration]: v=+0.20 w=+0.00 | 直行 d=0.87
[INFO] [1790744479.604623837] [exploration]: v=+0.20 w=+0.00 | 直行 d=0.86
[INFO] [1790744479.903068476] [exploration]: v=+0.20 w=+0.00 | 直行 d=0.83
[INFO] [1790744480.003381804] [exploration]: v=+0.09 w=+0.00 | 减速 d=0.80
[INFO] [1790744480.102997499] [exploration]: v=+0.08 w=+0.00 | 减速 d=0.78
[INFO] [1790744480.404531746] [exploration]: v=+0.08 w=+0.00 | 减速 d=0.76
[INFO] [1790744480.504523768] [exploration]: v=+0.08 w=+0.00 | 减速 d=0.77
[INFO] [1790744480.604140054] [exploration]: v=+0.08 w=+0.00 | 减速 d=0.76
[INFO] [1790744480.704524065] [exploration]: v=+0.00 w=-0.50 | 转向，由于危险 d=0.13
[INFO] [1790744480.804186862] [exploration]: v=+0.00 w=-0.50 | 转向中 front=0.15 目标>0.8
[INFO] [1790744480.904575367] [exploration]: v=+0.00 w=-0.50 | 转向中 front=0.74 目标>0.8
[INFO] [1790744481.104901237] [exploration]: v=+0.00 w=-0.50 | 转向中 front=0.14 目标>0.8
[INFO] [1790744481.206343719] [exploration]: v=+0.00 w=-0.50 | 转向中 front=0.13 目标>0.8
[INFO] [1790744481.305400645] [exploration]: v=+0.00 w=-0.50 | 转向中 front=0.67 目标>0.8
[INFO] [1790744481.406734462] [exploration]: v=+0.00 w=-0.50 | 转向中 front=0.64 目标>0.8
[INFO] [1790744481.507147814] [exploration]: v=+0.00 w=-0.50 | 转向中 front=0.63 目标>0.8
[INFO] [1790744481.606587382] [exploration]: v=+0.00 w=-0.50 | 转向中 front=0.15 目标>0.8
[INFO] [1790744481.707698743] [exploration]: v=+0.00 w=-0.50 | 转向中 front=0.61 目标>0.8
[INFO] [1790744481.806818729] [exploration]: v=+0.00 w=-0.50 | 转向中 front=0.60 目标>0.8
[INFO] [1790744482.007408203] [exploration]: v=+0.00 w=-0.50 | 转向中 front=0.59 目标>0.8
[INFO] [1790744482.407666366] [exploration]: v=+0.00 w=-0.50 | 转向中 front=0.58 目标>0.8
[INFO] [1790744482.807588437] [exploration]: v=+0.00 w=-0.50 | 转向中 front=0.59 目标>0.8
[INFO] [1790744483.009457643] [exploration]: v=+0.00 w=-0.50 | 转向中 front=0.14 目标>0.8
[INFO] [1790744483.308804634] [exploration]: v=-0.08 w=+0.00 | 卡死：3.0s 内位移 < 0.05m，倒退脱困
[INFO] [1790744483.408928230] [exploration]: v=-0.08 w=+0.00 | 脱困：倒退
[INFO] [1790744485.313216355] [exploration]: v=+0.00 w=+0.00 | 脱困完成，停稳
[INFO] [1790744485.414173712] [exploration]: v=+0.00 w=-0.50 | 转向中 front=0.75 目标>0.8
[INFO] [1790744485.513785929] [exploration]: v=+0.00 w=-0.50 | 转向中 front=0.15 目标>0.8
[INFO] [1790744485.714347105] [exploration]: v=+0.00 w=-0.50 | 转向中 front=0.79 目标>0.8
[INFO] [1790744485.813286454] [exploration]: v=+0.00 w=-0.50 | 转向中 front=0.80 目标>0.8
[INFO] [1790744486.014112925] [exploration]: v=+0.00 w=+0.00 | 转向完成，停稳 front=0.82
[INFO] [1790744486.114221881] [exploration]: v=+0.20 w=+0.00 | 直行 d=0.84
[INFO] [1790744486.215144971] [exploration]: v=+0.20 w=+0.00 | 直行 d=0.83
[INFO] [1790744486.615924129] [exploration]: v=+0.20 w=+0.00 | 直行 d=0.81
[INFO] [1790744486.716619866] [exploration]: v=+0.08 w=+0.00 | 减速 d=0.77
[INFO] [1790744486.816141790] [exploration]: v=+0.00 w=-0.50 | 转向，由于危险 d=0.14
[INFO] [1790744486.916303948] [exploration]: v=+0.00 w=-0.50 | 转向中 front=0.14 目标>0.8
[INFO] [1790744487.016583953] [exploration]: v=+0.00 w=-0.50 | 转向中 front=0.13 目标>0.8
[INFO] [1790744487.116964535] [exploration]: v=+0.00 w=-0.50 | 转向中 front=0.80 目标>0.8
[INFO] [1790744487.317543977] [exploration]: v=+0.00 w=+0.00 | 转向完成，停稳 front=0.85
[INFO] [1790744487.417818225] [exploration]: v=+0.20 w=+0.00 | 直行 d=0.89
[INFO] [1790744487.517671548] [exploration]: v=+0.20 w=+0.00 | 直行 d=0.87
[INFO] [1790744487.617304613] [exploration]: v=+0.20 w=+0.00 | 直行 d=0.86
[INFO] [1790744487.717951127] [exploration]: v=+0.20 w=+0.00 | 直行 d=0.85
[INFO] [1790744487.918614765] [exploration]: v=+0.20 w=+0.00 | 直行 d=0.84
[INFO] [1790744488.018770179] [exploration]: v=+0.09 w=+0.00 | 减速 d=0.80
[INFO] [1790744488.218808952] [exploration]: v=+0.20 w=+0.00 | 直行 d=0.80
[INFO] [1790744488.319924321] [exploration]: v=+0.09 w=+0.00 | 减速 d=0.79
[INFO] [1790744488.420426016] [exploration]: v=+0.00 w=-0.50 | 转向，由于危险 d=0.14
[INFO] [1790744488.519425569] [exploration]: v=+0.00 w=-0.50 | 转向中 front=0.14 目标>0.8
[INFO] [1790744488.619669360] [exploration]: v=+0.00 w=-0.50 | 转向中 front=0.78 目标>0.8
[INFO] [1790744488.719661743] [exploration]: v=+0.00 w=+0.00 | 转向完成，停稳 front=0.82
[INFO] [1790744488.819860518] [exploration]: v=+0.20 w=+0.00 | 直行 d=0.82
[INFO] [1790744488.920106106] [exploration]: v=+0.20 w=+0.00 | 直行 d=0.87
[INFO] [1790744489.021162494] [exploration]: v=+0.20 w=+0.00 | 直行 d=0.85
[INFO] [1790744489.221026584] [exploration]: v=+0.20 w=+0.00 | 直行 d=0.81
[INFO] [1790744489.321070131] [exploration]: v=+0.09 w=+0.00 | 减速 d=0.80
[INFO] [1790744489.419698013] [exploration]: v=+0.00 w=-0.50 | 转向，由于危险 d=0.13
[INFO] [1790744489.519257769] [exploration]: v=+0.00 w=-0.50 | 转向中 front=0.77 目标>0.8
[INFO] [1790744489.622795939] [exploration]: v=+0.00 w=+0.00 | 转向完成，停稳 front=0.82
[INFO] [1790744489.722952274] [exploration]: v=+0.20 w=+0.00 | 直行 d=0.82
[INFO] [1790744489.821703109] [exploration]: v=+0.20 w=+0.00 | 直行 d=0.85
[INFO] [1790744489.921580183] [exploration]: v=+0.20 w=+0.00 | 直行 d=0.82
[INFO] [1790744490.122751469] [exploration]: v=+0.20 w=+0.00 | 直行 d=0.81
[INFO] [1790744490.221938702] [exploration]: v=+0.09 w=+0.00 | 减速 d=0.79
[INFO] [1790744490.420835432] [exploration]: v=+0.08 w=+0.00 | 减速 d=0.78
[INFO] [1790744490.524933930] [exploration]: v=+0.08 w=+0.00 | 减速 d=0.76
[INFO] [1790744490.722992009] [exploration]: v=+0.08 w=+0.00 | 减速 d=0.74
[INFO] [1790744491.325577680] [exploration]: v=+0.07 w=+0.00 | 减速 d=0.73
[INFO] [1790744491.424250616] [exploration]: v=+0.07 w=+0.00 | 减速 d=0.72
[INFO] [1790744491.724065415] [exploration]: v=+0.07 w=+0.00 | 减速 d=0.71
[INFO] [1790744491.824808888] [exploration]: v=+0.06 w=+0.00 | 减速 d=0.69
[INFO] [1790744492.125590462] [exploration]: v=+0.06 w=+0.00 | 减速 d=0.68
[INFO] [1790744492.525964187] [exploration]: v=+0.06 w=+0.00 | 减速 d=0.65
[INFO] [1790744492.726692064] [exploration]: v=+0.06 w=+0.00 | 减速 d=0.66
[INFO] [1790744492.826793796] [exploration]: v=+0.06 w=+0.00 | 减速 d=0.67
[INFO] [1790744492.926331707] [exploration]: v=+0.06 w=+0.00 | 减速 d=0.65
[INFO] [1790744493.027506214] [exploration]: v=+0.05 w=+0.00 | 减速 d=0.64
[INFO] [1790744493.227033136] [exploration]: v=+0.05 w=+0.00 | 减速 d=0.65
[INFO] [1790744493.328138667] [exploration]: v=+0.05 w=+0.00 | 减速 d=0.62
[INFO] [1790744493.427135019] [exploration]: v=+0.05 w=+0.00 | 减速 d=0.64
[INFO] [1790744493.629434445] [exploration]: v=+0.05 w=+0.00 | 减速 d=0.63
[INFO] [1790744493.728417821] [exploration]: v=+0.05 w=+0.00 | 减速 d=0.62
[INFO] [1790744493.828428810] [exploration]: v=+0.05 w=+0.00 | 减速 d=0.61
[INFO] [1790744494.028912107] [exploration]: v=+0.05 w=+0.00 | 减速 d=0.60
[INFO] [1790744494.329407422] [exploration]: v=+0.05 w=+0.00 | 减速 d=0.61
[INFO] [1790744494.429082724] [exploration]: v=+0.05 w=+0.00 | 减速 d=0.60
[INFO] [1790744494.529409140] [exploration]: v=+0.05 w=+0.00 | 减速 d=0.59
[INFO] [1790744494.830050116] [exploration]: v=+0.05 w=+0.00 | 减速 d=0.57
[INFO] [1790744495.031116414] [exploration]: v=+0.05 w=+0.00 | 减速 d=0.58
[INFO] [1790744495.229582024] [exploration]: v=+0.05 w=+0.00 | 减速 d=0.56
[INFO] [1790744495.330403465] [exploration]: v=+0.05 w=+0.00 | 减速 d=0.57
[INFO] [1790744495.430640474] [exploration]: v=+0.05 w=+0.00 | 减速 d=0.55
[INFO] [1790744495.530431770] [exploration]: v=+0.05 w=+0.00 | 减速 d=0.56
[INFO] [1790744495.631072900] [exploration]: v=+0.05 w=+0.00 | 减速 d=0.55
[INFO] [1790744495.831279955] [exploration]: v=+0.05 w=+0.00 | 减速 d=0.54
[INFO] [1790744496.030806400] [exploration]: v=+0.05 w=+0.00 | 减速 d=0.55
[INFO] [1790744496.131220518] [exploration]: v=+0.05 w=+0.00 | 减速 d=0.54
[INFO] [1790744496.231861184] [exploration]: v=+0.05 w=+0.00 | 减速 d=0.53
[INFO] [1790744496.533348290] [exploration]: v=+0.05 w=+0.00 | 减速 d=0.50
[INFO] [1790744496.632434183] [exploration]: v=+0.05 w=+0.00 | 减速 d=0.51
[INFO] [1790744497.035046923] [exploration]: v=+0.05 w=+0.00 | 减速 d=0.50
[INFO] [1790744497.233082355] [exploration]: v=+0.05 w=+0.00 | 减速 d=0.49
[INFO] [1790744497.834541738] [exploration]: v=+0.05 w=+0.00 | 减速 d=0.48
[INFO] [1790744498.034435325] [exploration]: v=+0.05 w=+0.00 | 减速 d=0.47
[INFO] [1790744498.334787794] [exploration]: v=+0.05 w=+0.00 | 减速 d=0.46
[INFO] [1790744498.434609702] [exploration]: v=+0.05 w=+0.00 | 减速 d=0.45
[INFO] [1790744498.535307777] [exploration]: v=+0.05 w=+0.00 | 减速 d=0.46
[INFO] [1790744498.734867582] [exploration]: v=+0.05 w=+0.00 | 减速 d=0.44
[INFO] [1790744498.835421855] [exploration]: v=+0.05 w=+0.00 | 减速 d=0.43
[INFO] [1790744498.935038288] [exploration]: v=+0.05 w=+0.00 | 减速 d=0.44
[INFO] [1790744499.036159881] [exploration]: v=+0.05 w=+0.00 | 减速 d=0.43
[INFO] [1790744499.335163040] [exploration]: v=+0.00 w=-0.50 | 转向，由于危险 d=0.40
[INFO] [1790744499.435174767] [exploration]: v=+0.00 w=-0.50 | 转向中 front=0.43 目标>0.8
[INFO] [1790744499.536097707] [exploration]: v=+0.00 w=-0.50 | 转向中 front=0.14 目标>0.8
[INFO] [1790744499.636098523] [exploration]: v=+0.00 w=-0.50 | 转向中 front=0.44 目标>0.8
[INFO] [1790744499.736931989] [exploration]: v=+0.00 w=-0.50 | 转向中 front=0.15 目标>0.8
[INFO] [1790744499.936757841] [exploration]: v=+0.00 w=-0.50 | 转向中 front=0.57 目标>0.8
[INFO] [1790744500.037419867] [exploration]: v=+0.00 w=-0.50 | 转向中 front=0.65 目标>0.8
[INFO] [1790744500.138633083] [exploration]: v=+0.00 w=-0.50 | 转向中 front=0.74 目标>0.8
[INFO] [1790744500.237413396] [exploration]: v=+0.00 w=-0.50 | 转向中 front=0.14 目标>0.8
[INFO] [1790744500.538159384] [exploration]: v=+0.00 w=-0.50 | 转向中 front=0.13 目标>0.8
[INFO] [1790744500.636937446] [exploration]: v=+0.00 w=-0.50 | 转向中 front=0.15 目标>0.8
[INFO] [1790744500.738016043] [exploration]: v=+0.00 w=-0.50 | 转向中 front=0.14 目标>0.8
[INFO] [1790744500.838070823] [exploration]: v=+0.00 w=-0.50 | 转向中 front=0.15 目标>0.8
[INFO] [1790744500.938402838] [exploration]: v=+0.00 w=-0.50 | 转向中 front=0.14 目标>0.8
[INFO] [1790744501.038303185] [exploration]: v=+0.00 w=+0.00 | 转向完成，停稳 front=0.87
[INFO] [1790744501.138887389] [exploration]: v=+0.00 w=-0.50 | 转向，由于危险 d=0.13
[INFO] [1790744501.239361327] [exploration]: v=+0.00 w=-0.50 | 转向中 front=0.14 目标>0.8
[INFO] [1790744501.337715441] [exploration]: v=+0.00 w=-0.50 | 转向中 front=0.13 目标>0.8
[INFO] [1790744501.437838866] [exploration]: v=+0.00 w=-0.50 | 转向中 front=0.14 目标>0.8
[INFO] [1790744501.538922431] [exploration]: v=+0.00 w=-0.50 | 转向中 front=0.13 目标>0.8
[INFO] [1790744501.740974153] [exploration]: v=+0.00 w=+0.00 | 转向完成，停稳 front=0.87
[INFO] [1790744501.839212830] [exploration]: v=+0.00 w=-0.50 | 转向，由于危险 d=0.14
[INFO] [1790744501.940297522] [exploration]: v=+0.00 w=-0.50 | 转向中 front=0.14 目标>0.8
[INFO] [1790744502.039474420] [exploration]: v=+0.00 w=+0.00 | 转向完成，停稳 front=0.88
[INFO] [1790744502.140327470] [exploration]: v=+0.20 w=+0.00 | 直行 d=0.87
[INFO] [1790744502.239588343] [exploration]: v=-0.08 w=+0.00 | 卡死：3.0s 内位移 < 0.05m，倒退脱困
[INFO] [1790744502.340509323] [exploration]: v=-0.08 w=+0.00 | 脱困：倒退
[INFO] [1790744504.242642625] [exploration]: v=+0.00 w=+0.00 | 脱困完成，停稳
[INFO] [1790744504.343342135] [exploration]: v=+0.00 w=-0.50 | 转向，由于危险 d=0.14
[INFO] [1790744504.442843787] [exploration]: v=+0.00 w=-0.50 | 转向中 front=0.16 目标>0.8
[INFO] [1790744504.542542665] [exploration]: v=+0.00 w=-0.50 | 转向中 front=0.14 目标>0.8
[INFO] [1790744504.743210303] [exploration]: v=+0.00 w=-0.50 | 转向中 front=0.13 目标>0.8
[INFO] [1790744504.943056443] [exploration]: v=+0.00 w=+0.00 | 转向完成，停稳 front=0.87
[INFO] [1790744505.043609074] [exploration]: v=+0.20 w=+0.00 | 直行 d=0.87
[INFO] [1790744505.243539799] [exploration]: v=+0.00 w=-0.50 | 转向，由于危险 d=0.14
[INFO] [1790744505.344892846] [exploration]: v=+0.00 w=+0.00 | 转向完成，停稳 front=1.95
[INFO] [1790744505.445178603] [exploration]: v=+0.20 w=+0.00 | 直行 d=2.35
[INFO] [1790744505.545995746] [exploration]: v=+0.00 w=-0.50 | 转向，由于危险 d=0.13
[INFO] [1790744505.644454549] [exploration]: v=+0.00 w=-0.50 | 转向中 front=0.14 目标>0.8
[INFO] [1790744505.745750614] [exploration]: v=+0.00 w=-0.50 | 转向中 front=0.13 目标>0.8
[INFO] [1790744505.845110567] [exploration]: v=+0.00 w=-0.50 | 转向中 front=0.14 目标>0.8
[INFO] [1790744505.946055347] [exploration]: v=+0.00 w=-0.50 | 转向中 front=0.13 目标>0.8
[INFO] [1790744506.047447973] [exploration]: v=+0.00 w=-0.50 | 转向中 front=0.14 目标>0.8
[INFO] [1790744506.146989761] [exploration]: v=+0.00 w=+0.00 | 转向完成，停稳 front=1.17
[INFO] [1790744506.246329476] [exploration]: v=+0.00 w=-0.50 | 转向，由于危险 d=0.14
[INFO] [1790744506.346985929] [exploration]: v=+0.00 w=-0.50 | 转向中 front=0.14 目标>0.8
[INFO] [1790744506.445665249] [exploration]: v=+0.00 w=-0.50 | 转向中 front=0.13 目标>0.8
[INFO] [1790744506.647022123] [exploration]: v=+0.00 w=+0.00 | 转向完成，停稳 front=1.43
[INFO] [1790744506.747186487] [exploration]: v=+0.00 w=-0.50 | 转向，由于危险 d=0.14
[INFO] [1790744506.847044299] [exploration]: v=+0.00 w=+0.00 | 转向完成，停稳 front=1.38
[INFO] [1790744506.947497248] [exploration]: v=+0.00 w=-0.50 | 转向，由于危险 d=0.40
[INFO] [1790744507.048040970] [exploration]: v=+0.00 w=-0.50 | 转向中 front=0.13 目标>0.8
[INFO] [1790744507.148341434] [exploration]: v=+0.00 w=-0.50 | 转向中 front=0.15 目标>0.8
[INFO] [1790744507.248564232] [exploration]: v=+0.00 w=+0.00 | 转向完成，停稳 front=1.05
[INFO] [1790744507.348703708] [exploration]: v=+0.00 w=-0.50 | 转向，由于危险 d=0.13
[INFO] [1790744507.448382543] [exploration]: v=+0.00 w=-0.50 | 转向中 front=0.14 目标>0.8
[INFO] [1790744507.547721265] [exploration]: v=+0.00 w=-0.50 | 转向中 front=0.13 目标>0.8
[INFO] [1790744507.849258432] [exploration]: v=+0.00 w=-0.50 | 转向中 front=0.71 目标>0.8
[INFO] [1790744507.948958484] [exploration]: v=+0.00 w=-0.50 | 转向中 front=0.13 目标>0.8
[INFO] [1790744508.049896270] [exploration]: v=+0.00 w=-0.50 | 转向中 front=0.14 目标>0.8
[INFO] [1790744508.149746868] [exploration]: v=+0.00 w=-0.50 | 转向中 front=0.13 目标>0.8
[INFO] [1790744508.250544849] [exploration]: v=-0.08 w=+0.00 | 卡死：3.0s 内位移 < 0.05m，倒退脱困
[INFO] [1790744508.349795845] [exploration]: v=-0.08 w=+0.00 | 脱困：倒退
[INFO] [1790744510.252762936] [exploration]: v=+0.00 w=+0.00 | 脱困完成，停稳
[INFO] [1790744510.352490405] [exploration]: v=+0.00 w=+0.00 | 转向完成，停稳 front=0.82
[INFO] [1790744510.453511053] [exploration]: v=+0.00 w=+0.50 | 转向，由于危险 d=0.13
[INFO] [1790744510.553151919] [exploration]: v=+0.00 w=+0.50 | 转向中 front=0.14 目标>0.8
[INFO] [1790744510.653107623] [exploration]: v=+0.00 w=+0.50 | 转向中 front=0.13 目标>0.8
[INFO] [1790744510.753300926] [exploration]: v=+0.00 w=+0.50 | 转向中 front=0.15 目标>0.8
[INFO] [1790744510.853024114] [exploration]: v=+0.00 w=+0.00 | 转向完成，停稳 front=0.81
[INFO] [1790744510.952996675] [exploration]: v=+0.00 w=+0.50 | 转向，由于危险 d=0.16
[INFO] [1790744511.054919523] [exploration]: v=+0.00 w=+0.00 | 转向完成，停稳 front=0.81
[INFO] [1790744511.154226435] [exploration]: v=+0.09 w=+0.00 | 减速 d=0.79
[INFO] [1790744511.254611761] [exploration]: v=+0.00 w=+0.50 | 转向，由于危险 d=0.15
[INFO] [1790744511.355501940] [exploration]: v=+0.00 w=+0.50 | 转向中 front=0.14 目标>0.8
[INFO] [1790744511.554432232] [exploration]: v=+0.00 w=+0.50 | 转向中 front=0.15 目标>0.8
[INFO] [1790744511.655218190] [exploration]: v=+0.00 w=+0.50 | 转向中 front=0.13 目标>0.8
[INFO] [1790744511.755903947] [exploration]: v=+0.00 w=+0.50 | 转向中 front=0.14 目标>0.8
[INFO] [1790744511.855911762] [exploration]: v=+0.00 w=+0.50 | 转向中 front=0.13 目标>0.8
[INFO] [1790744511.955376587] [exploration]: v=+0.00 w=+0.50 | 转向中 front=0.78 目标>0.8
[INFO] [1790744512.055115438] [exploration]: v=+0.00 w=+0.50 | 转向中 front=0.14 目标>0.8
[INFO] [1790744512.155905629] [exploration]: v=+0.00 w=+0.50 | 转向中 front=0.13 目标>0.8
[INFO] [1790744512.255880573] [exploration]: v=+0.00 w=+0.50 | 转向中 front=0.78 目标>0.8
[INFO] [1790744512.357507627] [exploration]: v=+0.00 w=+0.00 | 转向完成，停稳 front=0.86
[INFO] [1790744512.457876147] [exploration]: v=+0.00 w=+0.50 | 转向，由于危险 d=0.13
[INFO] [1790744512.558049277] [exploration]: v=+0.00 w=+0.00 | 转向完成，停稳 front=0.87
[INFO] [1790744512.658664904] [exploration]: v=+0.00 w=+0.50 | 转向，由于危险 d=0.14
[INFO] [1790744512.758643751] [exploration]: v=+0.00 w=+0.50 | 转向中 front=0.13 目标>0.8
[INFO] [1790744512.859549185] [exploration]: v=+0.00 w=+0.00 | 转向完成，停稳 front=0.87
[INFO] [1790744512.958620000] [exploration]: v=+0.20 w=+0.00 | 直行 d=0.87
[INFO] [1790744513.057908172] [exploration]: v=+0.00 w=+0.50 | 转向，由于危险 d=0.13
[INFO] [1790744513.158115234] [exploration]: v=+0.00 w=+0.50 | 转向中 front=0.14 目标>0.8
[INFO] [1790744513.259139805] [exploration]: v=+0.00 w=+0.00 | 转向完成，停稳 front=1.27
[INFO] [1790744513.358238362] [exploration]: v=-0.08 w=+0.00 | 卡死：3.0s 内位移 < 0.05m，倒退脱困
[INFO] [1790744513.458692408] [exploration]: v=-0.08 w=+0.00 | 脱困：倒退
[INFO] [1790744515.362587383] [exploration]: v=+0.00 w=+0.00 | 脱困完成，停稳
[INFO] [1790744515.463299873] [exploration]: v=+0.00 w=+0.50 | 转向，由于危险 d=0.40
[INFO] [1790744515.564694900] [exploration]: v=+0.00 w=+0.00 | 转向完成，停稳 front=0.87
[INFO] [1790744515.663163272] [exploration]: v=+0.00 w=+0.50 | 转向，由于危险 d=0.13
[INFO] [1790744515.764007374] [exploration]: v=+0.00 w=+0.50 | 转向中 front=0.13 目标>0.8
[INFO] [1790744515.864482720] [exploration]: v=+0.00 w=+0.00 | 转向完成，停稳 front=0.87
[INFO] [1790744515.965118150] [exploration]: v=+0.00 w=+0.50 | 转向，由于危险 d=0.40
[INFO] [1790744516.064150061] [exploration]: v=+0.00 w=+0.50 | 转向中 front=0.15 目标>0.8
[INFO] [1790744516.165080417] [exploration]: v=+0.00 w=+0.50 | 转向中 front=0.14 目标>0.8
[INFO] [1790744516.364318298] [exploration]: v=+0.00 w=+0.50 | 转向中 front=0.13 目标>0.8
[INFO] [1790744516.464397878] [exploration]: v=+0.00 w=+0.50 | 转向中 front=0.14 目标>0.8
[INFO] [1790744516.664494105] [exploration]: v=+0.00 w=+0.00 | 转向完成，停稳 front=0.87
[INFO] [1790744516.764616930] [exploration]: v=+0.20 w=+0.00 | 直行 d=0.88
[INFO] [1790744516.867052149] [exploration]: v=+0.20 w=+0.00 | 直行 d=0.87
[INFO] [1790744516.967283621] [exploration]: v=+0.00 w=+0.50 | 转向，由于危险 d=0.14
[INFO] [1790744517.065590924] [exploration]: v=+0.00 w=+0.00 | 转向完成，停稳 front=2.14
[INFO] [1790744517.165761821] [exploration]: v=+0.20 w=+0.00 | 直行 d=2.92
[INFO] [1790744517.266317202] [exploration]: v=+0.00 w=-0.50 | 转向，由于危险 d=0.13
[INFO] [1790744517.365376589] [exploration]: v=+0.00 w=+0.00 | 转向完成，停稳 front=1.46
[INFO] [1790744517.466782412] [exploration]: v=+0.00 w=-0.50 | 转向，由于危险 d=0.14
[INFO] [1790744517.566087306] [exploration]: v=+0.00 w=+0.00 | 转向完成，停稳 front=0.94
[INFO] [1790744517.666374379] [exploration]: v=+0.00 w=-0.50 | 转向，由于危险 d=0.40
[INFO] [1790744517.766222908] [exploration]: v=+0.00 w=+0.00 | 转向完成，停稳 front=1.42
[INFO] [1790744517.866658999] [exploration]: v=+0.00 w=-0.50 | 转向，由于危险 d=0.14
[INFO] [1790744517.968029874] [exploration]: v=+0.00 w=+0.00 | 转向完成，停稳 front=2.50
[INFO] [1790744518.068295206] [exploration]: v=+0.00 w=-0.50 | 转向，由于危险 d=0.14
[INFO] [1790744518.168205805] [exploration]: v=+0.00 w=+0.00 | 转向完成，停稳 front=2.91
[INFO] [1790744518.268692319] [exploration]: v=+0.20 w=+0.00 | 直行 d=2.90
[INFO] [1790744518.569888443] [exploration]: v=+0.20 w=+0.00 | 直行 d=2.88
[INFO] [1790744518.668997773] [exploration]: v=+0.20 w=+0.00 | 直行 d=2.87
[INFO] [1790744518.768534648] [exploration]: v=+0.20 w=+0.00 | 直行 d=2.84
[INFO] [1790744518.869122385] [exploration]: v=+0.20 w=+0.00 | 直行 d=2.83
[INFO] [1790744518.969453098] [exploration]: v=+0.20 w=+0.00 | 直行 d=2.81
[INFO] [1790744519.069996881] [exploration]: v=+0.20 w=+0.00 | 直行 d=2.78
[INFO] [1790744519.169701457] [exploration]: v=+0.20 w=+0.00 | 直行 d=2.76
[INFO] [1790744519.269465429] [exploration]: v=+0.20 w=+0.00 | 直行 d=2.75
[INFO] [1790744519.368863482] [exploration]: v=+0.20 w=+0.00 | 直行 d=2.73
[INFO] [1790744519.469511778] [exploration]: v=+0.20 w=+0.00 | 直行 d=2.71
[INFO] [1790744519.571830965] [exploration]: v=+0.20 w=+0.00 | 直行 d=2.69
[INFO] [1790744519.669962221] [exploration]: v=+0.20 w=+0.00 | 直行 d=2.67
[INFO] [1790744519.772355828] [exploration]: v=+0.20 w=+0.00 | 直行 d=2.64
[INFO] [1790744519.871358770] [exploration]: v=+0.20 w=+0.00 | 直行 d=2.61
[INFO] [1790744520.072573840] [exploration]: v=+0.20 w=+0.00 | 直行 d=2.59
[INFO] [1790744520.171642337] [exploration]: v=+0.20 w=+0.00 | 直行 d=2.57
[INFO] [1790744520.271547535] [exploration]: v=+0.20 w=+0.00 | 直行 d=2.55
[INFO] [1790744520.370201726] [exploration]: v=+0.20 w=+0.00 | 直行 d=2.52
[INFO] [1790744520.470325579] [exploration]: v=+0.20 w=+0.00 | 直行 d=2.51
[INFO] [1790744520.571783096] [exploration]: v=+0.20 w=+0.00 | 直行 d=2.48
[INFO] [1790744520.671900009] [exploration]: v=+0.20 w=+0.00 | 直行 d=2.47
[INFO] [1790744520.772321828] [exploration]: v=+0.20 w=+0.00 | 直行 d=2.45
[INFO] [1790744520.873634113] [exploration]: v=+0.20 w=+0.00 | 直行 d=2.43
[INFO] [1790744520.974904387] [exploration]: v=+0.20 w=+0.00 | 直行 d=2.41
[INFO] [1790744521.073161396] [exploration]: v=+0.20 w=+0.00 | 直行 d=2.38
[INFO] [1790744521.173850966] [exploration]: v=+0.20 w=+0.00 | 直行 d=2.36
[INFO] [1790744521.275474208] [exploration]: v=+0.20 w=+0.00 | 直行 d=2.34
[INFO] [1790744521.374007044] [exploration]: v=+0.20 w=+0.00 | 直行 d=2.33
[INFO] [1790744521.472797692] [exploration]: v=+0.20 w=+0.00 | 直行 d=2.31
[INFO] [1790744521.572786010] [exploration]: v=+0.20 w=+0.00 | 直行 d=2.29
[INFO] [1790744521.673266520] [exploration]: v=+0.20 w=+0.00 | 直行 d=2.26
[INFO] [1790744521.773618440] [exploration]: v=+0.20 w=+0.00 | 直行 d=2.25
[INFO] [1790744521.874852645] [exploration]: v=+0.20 w=+0.00 | 直行 d=2.23
[INFO] [1790744521.973716830] [exploration]: v=+0.20 w=+0.00 | 直行 d=2.20
[INFO] [1790744522.075756052] [exploration]: v=+0.20 w=+0.00 | 直行 d=2.19
[INFO] [1790744522.174781503] [exploration]: v=+0.20 w=+0.00 | 直行 d=2.16
[INFO] [1790744522.275638683] [exploration]: v=+0.20 w=+0.00 | 直行 d=2.14
[INFO] [1790744522.376004862] [exploration]: v=+0.20 w=+0.00 | 直行 d=2.13
[INFO] [1790744522.476229474] [exploration]: v=+0.20 w=+0.00 | 直行 d=2.10
[INFO] [1790744522.575979519] [exploration]: v=+0.20 w=+0.00 | 直行 d=2.09
[INFO] [1790744522.674725942] [exploration]: v=+0.20 w=+0.00 | 直行 d=2.05
[INFO] [1790744522.875887896] [exploration]: v=+0.20 w=+0.00 | 直行 d=2.03
[INFO] [1790744522.974984277] [exploration]: v=+0.20 w=+0.00 | 直行 d=2.01
[INFO] [1790744523.075729633] [exploration]: v=+0.20 w=+0.00 | 直行 d=1.98
[INFO] [1790744523.177163020] [exploration]: v=+0.20 w=+0.00 | 直行 d=1.96
[INFO] [1790744523.276013176] [exploration]: v=+0.20 w=+0.00 | 直行 d=1.94
[INFO] [1790744523.375465791] [exploration]: v=+0.20 w=+0.00 | 直行 d=1.92
[INFO] [1790744523.476250438] [exploration]: v=+0.20 w=+0.00 | 直行 d=1.90
[INFO] [1790744523.577232164] [exploration]: v=+0.20 w=+0.00 | 直行 d=1.88
[INFO] [1790744523.676662226] [exploration]: v=+0.20 w=+0.00 | 直行 d=1.87
[INFO] [1790744523.776090324] [exploration]: v=+0.20 w=+0.00 | 直行 d=1.84
[INFO] [1790744523.877561582] [exploration]: v=+0.20 w=+0.00 | 直行 d=1.82
[INFO] [1790744523.976743387] [exploration]: v=+0.20 w=+0.00 | 直行 d=1.80
[INFO] [1790744524.076606452] [exploration]: v=+0.20 w=+0.00 | 直行 d=1.79
[INFO] [1790744524.177742009] [exploration]: v=+0.20 w=+0.00 | 直行 d=1.76
[INFO] [1790744524.278324350] [exploration]: v=+0.20 w=+0.00 | 直行 d=1.74
[INFO] [1790744524.377725099] [exploration]: v=+0.20 w=+0.00 | 直行 d=1.73
[INFO] [1790744524.477762240] [exploration]: v=+0.20 w=+0.00 | 直行 d=1.70
[INFO] [1790744524.578749227] [exploration]: v=+0.20 w=+0.00 | 直行 d=1.68
[INFO] [1790744524.678714765] [exploration]: v=+0.20 w=+0.00 | 直行 d=1.66
[INFO] [1790744524.778161663] [exploration]: v=+0.20 w=+0.00 | 直行 d=1.65
[INFO] [1790744524.877915595] [exploration]: v=+0.20 w=+0.00 | 直行 d=1.63
[INFO] [1790744524.978408708] [exploration]: v=+0.20 w=+0.00 | 直行 d=1.60
[INFO] [1790744525.078441777] [exploration]: v=+0.20 w=+0.00 | 直行 d=1.58
[INFO] [1790744525.178524881] [exploration]: v=+0.20 w=+0.00 | 直行 d=1.57
[INFO] [1790744525.279065555] [exploration]: v=+0.20 w=+0.00 | 直行 d=1.54
[INFO] [1790744525.378322778] [exploration]: v=+0.20 w=+0.00 | 直行 d=1.53
[INFO] [1790744525.479103189] [exploration]: v=+0.20 w=+0.00 | 直行 d=1.50
[INFO] [1790744525.581127865] [exploration]: v=+0.20 w=+0.00 | 直行 d=1.47
[INFO] [1790744525.680272329] [exploration]: v=+0.20 w=+0.00 | 直行 d=1.46
[INFO] [1790744525.779957739] [exploration]: v=+0.20 w=+0.00 | 直行 d=1.44
[INFO] [1790744525.880449920] [exploration]: v=+0.20 w=+0.00 | 直行 d=1.42
[INFO] [1790744525.980585143] [exploration]: v=+0.20 w=+0.00 | 直行 d=1.41
[INFO] [1790744526.080796787] [exploration]: v=+0.20 w=+0.00 | 直行 d=1.38
[INFO] [1790744526.180082281] [exploration]: v=+0.20 w=+0.00 | 直行 d=1.36
[INFO] [1790744526.280089717] [exploration]: v=+0.20 w=+0.00 | 直行 d=1.35
[INFO] [1790744526.380478733] [exploration]: v=+0.20 w=+0.00 | 直行 d=1.32
[INFO] [1790744526.480474770] [exploration]: v=+0.20 w=+0.00 | 直行 d=1.30
[INFO] [1790744526.580721680] [exploration]: v=+0.20 w=+0.00 | 直行 d=1.28
[INFO] [1790744526.680909639] [exploration]: v=+0.20 w=+0.00 | 直行 d=1.26
[INFO] [1790744526.781936899] [exploration]: v=+0.20 w=+0.00 | 直行 d=1.24
[INFO] [1790744526.880191859] [exploration]: v=+0.20 w=+0.00 | 直行 d=1.22
[INFO] [1790744526.980915279] [exploration]: v=+0.20 w=+0.00 | 直行 d=1.20
[INFO] [1790744527.081451298] [exploration]: v=+0.20 w=+0.00 | 直行 d=1.18
[INFO] [1790744527.181527950] [exploration]: v=+0.20 w=+0.00 | 直行 d=1.16
[INFO] [1790744527.281132221] [exploration]: v=+0.20 w=+0.00 | 直行 d=1.14
[INFO] [1790744527.382534286] [exploration]: v=+0.20 w=+0.00 | 直行 d=1.12
[INFO] [1790744527.483386763] [exploration]: v=+0.20 w=+0.00 | 直行 d=1.10
[INFO] [1790744527.582559034] [exploration]: v=+0.20 w=+0.00 | 直行 d=1.08
[INFO] [1790744527.682021693] [exploration]: v=+0.20 w=+0.00 | 直行 d=1.07
[INFO] [1790744527.784174606] [exploration]: v=+0.20 w=+0.00 | 直行 d=1.04
[INFO] [1790744527.883227146] [exploration]: v=+0.20 w=+0.00 | 直行 d=1.02
[INFO] [1790744527.983783557] [exploration]: v=+0.20 w=+0.00 | 直行 d=1.00
[INFO] [1790744528.083388951] [exploration]: v=+0.20 w=+0.00 | 直行 d=0.98
[INFO] [1790744528.183035445] [exploration]: v=+0.20 w=+0.00 | 直行 d=0.97
[INFO] [1790744528.283537657] [exploration]: v=+0.20 w=+0.00 | 直行 d=0.94
[INFO] [1790744528.383683522] [exploration]: v=+0.20 w=+0.00 | 直行 d=0.92
[INFO] [1790744528.483843573] [exploration]: v=+0.20 w=+0.00 | 直行 d=0.90
[INFO] [1790744528.584931835] [exploration]: v=+0.20 w=+0.00 | 直行 d=0.89
[INFO] [1790744528.684086307] [exploration]: v=+0.20 w=+0.00 | 直行 d=0.87
[INFO] [1790744528.784260818] [exploration]: v=+0.20 w=+0.00 | 直行 d=0.85
[INFO] [1790744528.884414158] [exploration]: v=+0.20 w=+0.00 | 直行 d=0.83
[INFO] [1790744528.984338572] [exploration]: v=+0.09 w=+0.00 | 减速 d=0.80
[INFO] [1790744529.084846367] [exploration]: v=+0.08 w=+0.00 | 减速 d=0.78
[INFO] [1790744529.184588026] [exploration]: v=+0.00 w=-0.50 | 转向，由于危险 d=0.13
[INFO] [1790744529.285619677] [exploration]: v=+0.00 w=-0.50 | 转向中 front=0.13 目标>0.8
[INFO] [1790744529.401955084] [exploration]: v=+0.00 w=-0.50 | 转向中 front=0.75 目标>0.8
[INFO] [1790744529.492991572] [exploration]: v=+0.00 w=-0.50 | 转向中 front=0.74 目标>0.8
[INFO] [1790744529.590254525] [exploration]: v=+0.00 w=-0.50 | 转向中 front=0.14 目标>0.8
[INFO] [1790744529.688407720] [exploration]: v=+0.00 w=-0.50 | 转向中 front=0.13 目标>0.8
[INFO] [1790744529.787312782] [exploration]: v=+0.00 w=-0.50 | 转向中 front=0.14 目标>0.8
[INFO] [1790744529.885817230] [exploration]: v=+0.00 w=-0.50 | 转向中 front=0.75 目标>0.8
[INFO] [1790744529.985628316] [exploration]: v=+0.00 w=-0.50 | 转向中 front=0.13 目标>0.8
[INFO] [1790744530.086279031] [exploration]: v=+0.00 w=-0.50 | 转向中 front=0.76 目标>0.8
[INFO] [1790744530.286719411] [exploration]: v=+0.00 w=-0.50 | 转向中 front=0.78 目标>0.8
[INFO] [1790744530.487583487] [exploration]: v=+0.00 w=-0.50 | 转向中 front=0.79 目标>0.8
[INFO] [1790744530.588759858] [exploration]: v=+0.00 w=-0.50 | 转向中 front=0.80 目标>0.8
[INFO] [1790744530.687445728] [exploration]: v=+0.00 w=+0.00 | 转向完成，停稳 front=0.81
[INFO] [1790744530.787234813] [exploration]: v=+0.20 w=+0.00 | 直行 d=0.84
[INFO] [1790744530.887265511] [exploration]: v=+0.20 w=+0.00 | 直行 d=0.83
[INFO] [1790744531.087644277] [exploration]: v=+0.20 w=+0.00 | 直行 d=0.81
[INFO] [1790744531.187052995] [exploration]: v=+0.20 w=+0.00 | 直行 d=0.80
[INFO] [1790744531.286749326] [exploration]: v=+0.09 w=+0.00 | 减速 d=0.79
[INFO] [1790744531.387008073] [exploration]: v=+0.08 w=+0.00 | 减速 d=0.76
[INFO] [1790744531.487799311] [exploration]: v=+0.00 w=-0.50 | 转向，由于危险 d=0.14
[INFO] [1790744531.588432040] [exploration]: v=+0.00 w=-0.50 | 转向中 front=0.75 目标>0.8
[INFO] [1790744531.688729224] [exploration]: v=+0.00 w=-0.50 | 转向中 front=0.13 目标>0.8
[INFO] [1790744531.787861788] [exploration]: v=+0.00 w=-0.50 | 转向中 front=0.73 目标>0.8
[INFO] [1790744531.887691820] [exploration]: v=+0.00 w=-0.50 | 转向中 front=0.15 目标>0.8
[INFO] [1790744531.988347220] [exploration]: v=+0.00 w=-0.50 | 转向中 front=0.80 目标>0.8
[INFO] [1790744532.088031486] [exploration]: v=+0.00 w=-0.50 | 转向中 front=0.13 目标>0.8
[INFO] [1790744532.188456456] [exploration]: v=+0.00 w=+0.00 | 转向完成，停稳 front=0.86
[INFO] [1790744532.288372052] [exploration]: v=+0.20 w=+0.00 | 直行 d=1.58
[INFO] [1790744532.389609632] [exploration]: v=+0.20 w=+0.00 | 直行 d=1.59
[INFO] [1790744532.489140825] [exploration]: v=+0.20 w=+0.00 | 直行 d=1.58
[INFO] [1790744532.589100444] [exploration]: v=+0.20 w=+0.00 | 直行 d=1.57
[INFO] [1790744532.689296275] [exploration]: v=+0.20 w=+0.00 | 直行 d=1.55
[INFO] [1790744532.790339041] [exploration]: v=+0.20 w=+0.00 | 直行 d=1.56
[INFO] [1790744532.890844330] [exploration]: v=+0.20 w=+0.00 | 直行 d=1.53
[INFO] [1790744532.991821626] [exploration]: v=+0.20 w=+0.00 | 直行 d=1.52
[INFO] [1790744533.091563939] [exploration]: v=+0.20 w=+0.00 | 直行 d=1.50
[INFO] [1790744533.192493775] [exploration]: v=+0.20 w=+0.00 | 直行 d=1.47
[INFO] [1790744533.391926291] [exploration]: v=+0.20 w=+0.00 | 直行 d=1.44
[INFO] [1790744533.491214251] [exploration]: v=+0.20 w=+0.00 | 直行 d=1.43
[INFO] [1790744533.593195993] [exploration]: v=+0.20 w=+0.00 | 直行 d=1.40
[INFO] [1790744533.792722648] [exploration]: v=+0.20 w=+0.00 | 直行 d=1.36
[INFO] [1790744533.892736934] [exploration]: v=+0.20 w=+0.00 | 直行 d=1.35
[INFO] [1790744533.993824531] [exploration]: v=+0.20 w=+0.00 | 直行 d=1.33
[INFO] [1790744534.092711171] [exploration]: v=+0.20 w=+0.00 | 直行 d=1.31
[INFO] [1790744534.193142146] [exploration]: v=+0.20 w=+0.00 | 直行 d=1.30
[INFO] [1790744534.293272970] [exploration]: v=+0.20 w=+0.00 | 直行 d=1.28
[INFO] [1790744534.394255948] [exploration]: v=+0.20 w=+0.00 | 直行 d=1.26
[INFO] [1790744534.494394764] [exploration]: v=+0.20 w=+0.00 | 直行 d=1.25
[INFO] [1790744534.593638955] [exploration]: v=+0.20 w=+0.00 | 直行 d=1.22
[INFO] [1790744534.693596672] [exploration]: v=+0.20 w=+0.00 | 直行 d=1.20
[INFO] [1790744534.794072666] [exploration]: v=+0.20 w=+0.00 | 直行 d=1.19
[INFO] [1790744534.892851415] [exploration]: v=+0.20 w=+0.00 | 直行 d=1.18
[INFO] [1790744534.992917953] [exploration]: v=+0.20 w=+0.00 | 直行 d=1.16
[INFO] [1790744535.094047989] [exploration]: v=+0.20 w=+0.00 | 直行 d=1.13
[INFO] [1790744535.194454836] [exploration]: v=+0.20 w=+0.00 | 直行 d=1.11
[INFO] [1790744535.294050858] [exploration]: v=+0.20 w=+0.00 | 直行 d=1.09
[INFO] [1790744535.393558075] [exploration]: v=+0.20 w=+0.00 | 直行 d=1.08
[INFO] [1790744535.493989155] [exploration]: v=+0.20 w=+0.00 | 直行 d=1.06
[INFO] [1790744535.594631430] [exploration]: v=+0.20 w=+0.00 | 直行 d=1.04
[INFO] [1790744535.694944743] [exploration]: v=+0.20 w=+0.00 | 直行 d=1.03
[INFO] [1790744535.795914387] [exploration]: v=+0.20 w=+0.00 | 直行 d=1.01
[INFO] [1790744535.896377949] [exploration]: v=+0.20 w=+0.00 | 直行 d=0.98
[INFO] [1790744536.095487201] [exploration]: v=+0.20 w=+0.00 | 直行 d=0.96
[INFO] [1790744536.195644440] [exploration]: v=+0.20 w=+0.00 | 直行 d=0.93
[INFO] [1790744536.396008811] [exploration]: v=+0.20 w=+0.00 | 直行 d=0.90
[INFO] [1790744536.496634089] [exploration]: v=+0.20 w=+0.00 | 直行 d=0.88
[INFO] [1790744536.596735049] [exploration]: v=+0.20 w=+0.00 | 直行 d=0.86
[INFO] [1790744536.696992997] [exploration]: v=+0.20 w=+0.00 | 直行 d=0.85
[INFO] [1790744536.797163143] [exploration]: v=+0.20 w=+0.00 | 直行 d=0.83
[INFO] [1790744536.897658388] [exploration]: v=+0.20 w=+0.00 | 直行 d=0.81
[INFO] [1790744536.998529707] [exploration]: v=+0.00 w=+0.50 | 左侧缺口 l=0.25 r=0.86
[INFO] [1790744537.099761581] [exploration]: v=+0.00 w=+0.50 | 转向中 front=0.77 目标>0.8
[INFO] [1790744537.198514565] [exploration]: v=+0.00 w=+0.50 | 转向中 front=0.13 目标>0.8
[INFO] [1790744537.299482708] [exploration]: v=+0.00 w=+0.50 | 转向中 front=0.76 目标>0.8
[INFO] [1790744537.398987551] [exploration]: v=+0.00 w=+0.50 | 转向中 front=0.75 目标>0.8
[INFO] [1790744537.500610384] [exploration]: v=+0.00 w=+0.50 | 转向中 front=0.76 目标>0.8
[INFO] [1790744537.599565134] [exploration]: v=+0.00 w=+0.50 | 转向中 front=0.15 目标>0.8
[INFO] [1790744537.699029982] [exploration]: v=+0.00 w=+0.00 | 转向完成，停稳 front=0.84
[INFO] [1790744537.799894547] [exploration]: v=+0.20 w=+0.00 | 直行 d=0.88
[INFO] [1790744537.899279733] [exploration]: v=+0.20 w=+0.00 | 直行 d=0.89
[INFO] [1790744537.998612470] [exploration]: v=+0.20 w=+0.00 | 直行 d=0.88
[INFO] [1790744538.198792764] [exploration]: v=+0.20 w=+0.00 | 直行 d=0.86
[INFO] [1790744538.299204392] [exploration]: v=+0.20 w=+0.00 | 直行 d=0.85
[INFO] [1790744538.399202865] [exploration]: v=+0.20 w=+0.00 | 直行 d=0.82
[INFO] [1790744538.498543539] [exploration]: v=+0.20 w=+0.00 | 直行 d=0.81
[INFO] [1790744538.599479044] [exploration]: v=+0.09 w=+0.00 | 减速 d=0.79
[INFO] [1790744538.700358889] [exploration]: v=+0.08 w=+0.00 | 减速 d=0.77
[INFO] [1790744538.799124522] [exploration]: v=+0.00 w=+0.50 | 转向，由于危险 d=0.13
[INFO] [1790744538.899113049] [exploration]: v=+0.00 w=+0.50 | 转向中 front=0.15 目标>0.8
[INFO] [1790744539.000321091] [exploration]: v=+0.00 w=+0.50 | 转向中 front=0.74 目标>0.8
[INFO] [1790744539.101923995] [exploration]: v=+0.00 w=+0.50 | 转向中 front=0.14 目标>0.8
[INFO] [1790744539.299910396] [exploration]: v=+0.00 w=+0.50 | 转向中 front=0.15 目标>0.8
[INFO] [1790744539.399238262] [exploration]: v=+0.00 w=+0.00 | 转向完成，停稳 front=0.91
[INFO] [1790744539.501672032] [exploration]: v=+0.20 w=+0.00 | 直行 d=0.98
[INFO] [1790744539.600078312] [exploration]: v=+0.20 w=+0.00 | 直行 d=1.01
[INFO] [1790744539.701139176] [exploration]: v=+0.20 w=+0.00 | 直行 d=1.00
[INFO] [1790744539.800763232] [exploration]: v=+0.20 w=+0.00 | 直行 d=0.98
[INFO] [1790744540.003482562] [exploration]: v=+0.20 w=+0.00 | 直行 d=0.97
[INFO] [1790744540.104691285] [exploration]: v=+0.20 w=+0.00 | 直行 d=0.95
[INFO] [1790744540.204961938] [exploration]: v=+0.20 w=+0.00 | 直行 d=0.94
[INFO] [1790744540.302183325] [exploration]: v=+0.20 w=+0.00 | 直行 d=0.91
[INFO] [1790744540.402204847] [exploration]: v=+0.20 w=+0.00 | 直行 d=0.90
[INFO] [1790744540.603149952] [exploration]: v=+0.20 w=+0.00 | 直行 d=0.87
[INFO] [1790744540.702352720] [exploration]: v=+0.20 w=+0.00 | 直行 d=0.86
[INFO] [1790744540.802786966] [exploration]: v=+0.20 w=+0.00 | 直行 d=0.83
[INFO] [1790744541.003919494] [exploration]: v=+0.20 w=+0.00 | 直行 d=0.82
[INFO] [1790744541.103597931] [exploration]: v=+0.09 w=+0.00 | 减速 d=0.79
[INFO] [1790744541.204882442] [exploration]: v=+0.20 w=+0.00 | 直行 d=0.80
[INFO] [1790744541.303078604] [exploration]: v=+0.00 w=+0.50 | 转向，由于危险 d=0.14
[INFO] [1790744541.402074232] [exploration]: v=+0.00 w=+0.50 | 转向中 front=0.75 目标>0.8
[INFO] [1790744541.503511775] [exploration]: v=+0.00 w=+0.50 | 转向中 front=0.14 目标>0.8
[INFO] [1790744541.603687406] [exploration]: v=+0.00 w=+0.50 | 转向中 front=0.15 目标>0.8
[INFO] [1790744541.703670540] [exploration]: v=+0.00 w=+0.50 | 转向中 front=0.75 目标>0.8
[INFO] [1790744541.802959220] [exploration]: v=+0.00 w=+0.50 | 转向中 front=0.13 目标>0.8
[INFO] [1790744541.903630947] [exploration]: v=+0.00 w=+0.00 | 转向完成，停稳 front=0.98
[INFO] [1790744542.003571446] [exploration]: v=+0.20 w=+0.00 | 直行 d=1.09
[INFO] [1790744542.104493200] [exploration]: v=+0.20 w=+0.00 | 直行 d=1.12
[INFO] [1790744542.204678769] [exploration]: v=+0.20 w=+0.00 | 直行 d=1.15
[INFO] [1790744542.304600236] [exploration]: v=+0.20 w=+0.00 | 直行 d=1.13
[INFO] [1790744542.504274805] [exploration]: v=+0.20 w=+0.00 | 直行 d=1.12
[INFO] [1790744542.705442012] [exploration]: v=+0.20 w=+0.00 | 直行 d=1.09
[INFO] [1790744542.905319849] [exploration]: v=+0.20 w=+0.00 | 直行 d=1.08
[INFO] [1790744543.105993339] [exploration]: v=+0.20 w=+0.00 | 直行 d=1.04
[INFO] [1790744543.206023336] [exploration]: v=+0.20 w=+0.00 | 直行 d=1.06
[INFO] [1790744543.304861447] [exploration]: v=+0.20 w=+0.00 | 直行 d=1.05
[INFO] [1790744543.405155333] [exploration]: v=+0.20 w=+0.00 | 直行 d=1.03
[INFO] [1790744543.505356227] [exploration]: v=+0.20 w=+0.00 | 直行 d=1.01
[INFO] [1790744543.607493413] [exploration]: v=+0.20 w=+0.00 | 直行 d=1.00
[INFO] [1790744543.707614314] [exploration]: v=+0.20 w=+0.00 | 直行 d=0.99
[INFO] [1790744543.807526706] [exploration]: v=+0.20 w=+0.00 | 直行 d=1.00
[INFO] [1790744543.907382743] [exploration]: v=+0.20 w=+0.00 | 直行 d=0.98
[INFO] [1790744544.008414273] [exploration]: v=+0.20 w=+0.00 | 直行 d=0.96
[INFO] [1790744544.208724588] [exploration]: v=+0.20 w=+0.00 | 直行 d=0.94
[INFO] [1790744544.308288890] [exploration]: v=+0.20 w=+0.00 | 直行 d=0.93
[INFO] [1790744544.408863833] [exploration]: v=+0.20 w=+0.00 | 直行 d=0.92
[INFO] [1790744544.609107039] [exploration]: v=+0.20 w=+0.00 | 直行 d=0.90
[INFO] [1790744544.808375843] [exploration]: v=+0.20 w=+0.00 | 直行 d=0.89
[INFO] [1790744544.908315325] [exploration]: v=+0.20 w=+0.00 | 直行 d=0.86
[INFO] [1790744545.109024499] [exploration]: v=+0.20 w=+0.00 | 直行 d=0.85
[INFO] [1790744545.208690116] [exploration]: v=+0.20 w=+0.00 | 直行 d=0.84
[INFO] [1790744545.308434234] [exploration]: v=+0.20 w=+0.00 | 直行 d=0.85
[INFO] [1790744545.408403391] [exploration]: v=+0.20 w=+0.00 | 直行 d=0.82
[INFO] [1790744545.608692881] [exploration]: v=+0.20 w=+0.00 | 直行 d=0.81
[INFO] [1790744545.709428144] [exploration]: v=+0.08 w=+0.00 | 减速 d=0.78
[INFO] [1790744545.809725708] [exploration]: v=+0.09 w=+0.00 | 减速 d=0.79
[INFO] [1790744546.009236584] [exploration]: v=+0.07 w=+0.00 | 减速 d=0.72
[INFO] [1790744546.109738779] [exploration]: v=+0.00 w=+0.50 | 转向，由于危险 d=0.13
[INFO] [1790744546.208901517] [exploration]: v=+0.00 w=+0.50 | 转向中 front=0.13 目标>0.8
[INFO] [1790744546.310033560] [exploration]: v=+0.00 w=+0.50 | 转向中 front=0.14 目标>0.8
[INFO] [1790744546.409980909] [exploration]: v=+0.00 w=+0.50 | 转向中 front=0.13 目标>0.8
[INFO] [1790744546.509702464] [exploration]: v=+0.00 w=+0.50 | 转向中 front=0.15 目标>0.8
[INFO] [1790744546.609922274] [exploration]: v=+0.00 w=+0.00 | 转向完成，停稳 front=1.00
[INFO] [1790744546.710218561] [exploration]: v=+0.00 w=+0.50 | 转向，由于危险 d=0.14
[INFO] [1790744546.810576046] [exploration]: v=+0.00 w=+0.00 | 转向完成，停稳 front=1.50
[INFO] [1790744546.910797419] [exploration]: v=+0.00 w=+0.50 | 转向，由于危险 d=0.13
[INFO] [1790744547.012125262] [exploration]: v=+0.00 w=+0.00 | 转向完成，停稳 front=1.50
[INFO] [1790744547.111399336] [exploration]: v=+0.20 w=+0.00 | 直行 d=1.50
[INFO] [1790744547.412601743] [exploration]: v=+0.20 w=+0.00 | 直行 d=1.49
[INFO] [1790744547.511437602] [exploration]: v=+0.20 w=+0.00 | 直行 d=1.46
[INFO] [1790744547.612956543] [exploration]: v=+0.20 w=+0.00 | 直行 d=1.44
[INFO] [1790744547.714015528] [exploration]: v=+0.20 w=+0.00 | 直行 d=1.42
[INFO] [1790744547.814139093] [exploration]: v=+0.20 w=+0.00 | 直行 d=1.40
[INFO] [1790744547.914772675] [exploration]: v=+0.20 w=+0.00 | 直行 d=1.37
[INFO] [1790744548.013461787] [exploration]: v=+0.20 w=+0.00 | 直行 d=1.36
[INFO] [1790744548.114780244] [exploration]: v=+0.20 w=+0.00 | 直行 d=1.33
[INFO] [1790744548.214132941] [exploration]: v=+0.20 w=+0.00 | 直行 d=1.32
[INFO] [1790744548.316403315] [exploration]: v=+0.20 w=+0.00 | 直行 d=1.30
[INFO] [1790744548.413190580] [exploration]: v=+0.20 w=+0.00 | 直行 d=1.28
[INFO] [1790744548.513156771] [exploration]: v=+0.20 w=+0.00 | 直行 d=1.26
[INFO] [1790744548.614594402] [exploration]: v=+0.20 w=+0.00 | 直行 d=1.24
[INFO] [1790744548.714574266] [exploration]: v=+0.20 w=+0.00 | 直行 d=1.23
[INFO] [1790744548.814355330] [exploration]: v=+0.20 w=+0.00 | 直行 d=1.21
[INFO] [1790744548.913992178] [exploration]: v=+0.20 w=+0.00 | 直行 d=1.19
[INFO] [1790744549.013811668] [exploration]: v=+0.20 w=+0.00 | 直行 d=1.16
[INFO] [1790744549.114604425] [exploration]: v=+0.20 w=+0.00 | 直行 d=1.14
[INFO] [1790744549.214127602] [exploration]: v=+0.20 w=+0.00 | 直行 d=1.12
[INFO] [1790744549.314430244] [exploration]: v=+0.20 w=+0.00 | 直行 d=1.10
[INFO] [1790744549.414904540] [exploration]: v=+0.20 w=+0.00 | 直行 d=1.08
[INFO] [1790744549.516188594] [exploration]: v=+0.20 w=+0.00 | 直行 d=1.07
[INFO] [1790744549.616969751] [exploration]: v=+0.20 w=+0.00 | 直行 d=1.04
[INFO] [1790744549.714872085] [exploration]: v=+0.20 w=+0.00 | 直行 d=1.02
[INFO] [1790744549.815085756] [exploration]: v=+0.20 w=+0.00 | 直行 d=1.00
[INFO] [1790744549.916128468] [exploration]: v=+0.20 w=+0.00 | 直行 d=0.98
[INFO] [1790744550.015400011] [exploration]: v=+0.20 w=+0.00 | 直行 d=0.96
[INFO] [1790744550.116097856] [exploration]: v=+0.20 w=+0.00 | 直行 d=0.94
[INFO] [1790744550.218501904] [exploration]: v=+0.20 w=+0.00 | 直行 d=0.92
[INFO] [1790744550.316342952] [exploration]: v=+0.20 w=+0.00 | 直行 d=0.90
[INFO] [1790744550.416518295] [exploration]: v=+0.20 w=+0.00 | 直行 d=0.88
[INFO] [1790744550.515919783] [exploration]: v=+0.20 w=+0.00 | 直行 d=0.87
[INFO] [1790744550.619840307] [exploration]: v=+0.20 w=+0.00 | 直行 d=0.84
[INFO] [1790744550.719225914] [exploration]: v=+0.20 w=+0.00 | 直行 d=0.82
[INFO] [1790744550.819186091] [exploration]: v=+0.20 w=+0.00 | 直行 d=0.80
[INFO] [1790744550.919707098] [exploration]: v=+0.08 w=+0.00 | 减速 d=0.78
[INFO] [1790744551.018045332] [exploration]: v=+0.08 w=+0.00 | 减速 d=0.76
[INFO] [1790744551.117373480] [exploration]: v=+0.08 w=+0.00 | 减速 d=0.75
[INFO] [1790744551.219598674] [exploration]: v=+0.00 w=+0.50 | 转向，由于危险 d=0.14
[INFO] [1790744551.318210656] [exploration]: v=+0.00 w=+0.50 | 转向中 front=0.73 目标>0.8
[INFO] [1790744551.417247393] [exploration]: v=+0.00 w=+0.50 | 转向中 front=0.72 目标>0.8
[INFO] [1790744551.517740667] [exploration]: v=+0.00 w=+0.50 | 转向中 front=0.14 目标>0.8
[INFO] [1790744551.718517151] [exploration]: v=+0.00 w=+0.50 | 转向中 front=0.13 目标>0.8
[INFO] [1790744551.919022473] [exploration]: v=+0.00 w=+0.50 | 转向中 front=0.14 目标>0.8
[INFO] [1790744552.019413713] [exploration]: v=+0.00 w=+0.50 | 转向中 front=0.76 目标>0.8
[INFO] [1790744552.119126768] [exploration]: v=+0.00 w=+0.50 | 转向中 front=0.77 目标>0.8
[INFO] [1790744552.219761333] [exploration]: v=+0.00 w=+0.50 | 转向中 front=0.78 目标>0.8
[INFO] [1790744552.319015771] [exploration]: v=+0.00 w=+0.50 | 转向中 front=0.80 目标>0.8
[INFO] [1790744552.419176734] [exploration]: v=+0.00 w=+0.00 | 转向完成，停稳 front=0.81
[INFO] [1790744552.519507402] [exploration]: v=+0.20 w=+0.00 | 直行 d=0.83
[INFO] [1790744552.719834827] [exploration]: v=+0.20 w=+0.00 | 直行 d=0.84
[INFO] [1790744552.820404123] [exploration]: v=+0.20 w=+0.00 | 直行 d=0.82
[INFO] [1790744552.920253568] [exploration]: v=+0.09 w=+0.00 | 减速 d=0.80
[INFO] [1790744553.020225604] [exploration]: v=+0.09 w=+0.00 | 减速 d=0.79
[INFO] [1790744553.120464834] [exploration]: v=+0.08 w=+0.00 | 减速 d=0.76
[INFO] [1790744553.219938398] [exploration]: v=+0.08 w=+0.00 | 减速 d=0.77
[INFO] [1790744553.320819764] [exploration]: v=+0.08 w=+0.00 | 减速 d=0.75
[INFO] [1790744553.420454049] [exploration]: v=+0.07 w=+0.00 | 减速 d=0.73
[INFO] [1790744553.521317065] [exploration]: v=+0.00 w=+0.50 | 转向，由于危险 d=0.14
[INFO] [1790744553.622350728] [exploration]: v=+0.00 w=+0.50 | 转向中 front=0.73 目标>0.8
[INFO] [1790744553.726143676] [exploration]: v=+0.00 w=+0.50 | 转向中 front=0.14 目标>0.8
[INFO] [1790744553.924423507] [exploration]: v=+0.00 w=+0.50 | 转向中 front=0.76 目标>0.8
[INFO] [1790744554.024323239] [exploration]: v=+0.00 w=+0.50 | 转向中 front=0.13 目标>0.8
[INFO] [1790744554.124892014] [exploration]: v=+0.00 w=+0.50 | 转向中 front=0.14 目标>0.8
[INFO] [1790744554.323793741] [exploration]: v=+0.00 w=+0.50 | 转向中 front=0.13 目标>0.8
[INFO] [1790744554.423742445] [exploration]: v=+0.00 w=+0.00 | 转向完成，停稳 front=0.91
[INFO] [1790744554.523604252] [exploration]: v=+0.00 w=+0.50 | 转向，由于危险 d=0.14
[INFO] [1790744554.624350741] [exploration]: v=+0.00 w=+0.50 | 转向中 front=0.15 目标>0.8
[INFO] [1790744554.723044464] [exploration]: v=+0.00 w=+0.00 | 转向完成，停稳 front=0.88
[INFO] [1790744554.824011272] [exploration]: v=+0.00 w=+0.50 | 转向，由于危险 d=0.15
[INFO] [1790744554.924239967] [exploration]: v=+0.00 w=+0.50 | 转向中 front=0.14 目标>0.8
[INFO] [1790744555.023966133] [exploration]: v=+0.00 w=+0.00 | 转向完成，停稳 front=0.88
[INFO] [1790744555.124141536] [exploration]: v=+0.00 w=+0.50 | 转向，由于危险 d=0.16
[INFO] [1790744555.223980892] [exploration]: v=+0.00 w=+0.50 | 转向中 front=0.15 目标>0.8
[INFO] [1790744555.324494931] [exploration]: v=+0.00 w=+0.50 | 转向中 front=0.14 目标>0.8
[INFO] [1790744555.524681433] [exploration]: v=+0.00 w=+0.00 | 转向完成，停稳 front=0.87
[INFO] [1790744555.624552450] [exploration]: v=+0.00 w=+0.50 | 转向，由于危险 d=0.13
[INFO] [1790744555.724843362] [exploration]: v=+0.00 w=+0.50 | 转向中 front=0.13 目标>0.8
[INFO] [1790744555.825333313] [exploration]: v=+0.00 w=+0.00 | 转向完成，停稳 front=0.86
[INFO] [1790744555.924845466] [exploration]: v=+0.00 w=-0.50 | 转向，由于危险 d=0.26
[INFO] [1790744556.025161961] [exploration]: v=-0.08 w=+0.00 | 卡死：3.0s 内位移 < 0.05m，倒退脱困
[INFO] [1790744556.125143225] [exploration]: v=-0.08 w=+0.00 | 脱困：倒退
[INFO] [1790744558.028146867] [exploration]: v=+0.00 w=+0.00 | 脱困完成，停稳
[INFO] [1790744558.127912754] [exploration]: v=+0.00 w=-0.50 | 转向中 front=0.14 目标>0.8
[INFO] [1790744558.228312087] [exploration]: v=+0.00 w=-0.50 | 转向中 front=0.13 目标>0.8
[INFO] [1790744558.329400991] [exploration]: v=+0.00 w=-0.50 | 转向中 front=0.15 目标>0.8
[INFO] [1790744558.429918895] [exploration]: v=+0.00 w=+0.00 | 转向完成，停稳 front=1.18
[INFO] [1790744558.529031250] [exploration]: v=+0.00 w=-0.50 | 转向，由于危险 d=0.14
[INFO] [1790744558.630129738] [exploration]: v=+0.00 w=+0.00 | 转向完成，停稳 front=1.19
[INFO] [1790744558.729854155] [exploration]: v=+0.20 w=+0.00 | 直行 d=1.18
[INFO] [1790744558.830327719] [exploration]: v=+0.20 w=+0.00 | 直行 d=1.19
[INFO] [1790744559.030196752] [exploration]: v=+0.20 w=+0.00 | 直行 d=1.18
[INFO] [1790744559.130579780] [exploration]: v=+0.20 w=+0.00 | 直行 d=1.16
[INFO] [1790744559.230433041] [exploration]: v=+0.20 w=+0.00 | 直行 d=1.14
[INFO] [1790744559.329836975] [exploration]: v=+0.20 w=+0.00 | 直行 d=1.12
[INFO] [1790744559.431874968] [exploration]: v=+0.20 w=+0.00 | 直行 d=1.10
[INFO] [1790744559.530478644] [exploration]: v=+0.20 w=+0.00 | 直行 d=1.08
[INFO] [1790744559.631305876] [exploration]: v=+0.20 w=+0.00 | 直行 d=1.05
[INFO] [1790744559.730792223] [exploration]: v=+0.20 w=+0.00 | 直行 d=1.03
[INFO] [1790744559.831396685] [exploration]: v=+0.20 w=+0.00 | 直行 d=1.02
[INFO] [1790744559.931392106] [exploration]: v=+0.20 w=+0.00 | 直行 d=1.00
[INFO] [1790744560.032065457] [exploration]: v=+0.20 w=+0.00 | 直行 d=0.98
[INFO] [1790744560.132122222] [exploration]: v=+0.20 w=+0.00 | 直行 d=0.96
[INFO] [1790744560.233768544] [exploration]: v=+0.20 w=+0.00 | 直行 d=0.94
[INFO] [1790744560.333473674] [exploration]: v=+0.20 w=+0.00 | 直行 d=0.91
[INFO] [1790744560.432646008] [exploration]: v=+0.20 w=+0.00 | 直行 d=0.90
[INFO] [1790744560.533117731] [exploration]: v=+0.20 w=+0.00 | 直行 d=0.88
[INFO] [1790744560.633322868] [exploration]: v=+0.20 w=+0.00 | 直行 d=0.87
[INFO] [1790744560.734729406] [exploration]: v=+0.20 w=+0.00 | 直行 d=0.84
[INFO] [1790744560.833077644] [exploration]: v=+0.20 w=+0.00 | 直行 d=0.83
[INFO] [1790744560.934093710] [exploration]: v=+0.20 w=+0.00 | 直行 d=0.81
[INFO] [1790744561.034710820] [exploration]: v=+0.09 w=+0.00 | 减速 d=0.79
[INFO] [1790744561.134811691] [exploration]: v=+0.08 w=+0.00 | 减速 d=0.76
[INFO] [1790744561.234232372] [exploration]: v=+0.08 w=+0.00 | 减速 d=0.74
[INFO] [1790744561.334520959] [exploration]: v=+0.07 w=+0.00 | 减速 d=0.73
[INFO] [1790744561.635333865] [exploration]: v=+0.00 w=-0.50 | 转向，由于危险 d=0.14
[INFO] [1790744561.735519748] [exploration]: v=+0.00 w=-0.50 | 转向中 front=0.71 目标>0.8
[INFO] [1790744561.935333220] [exploration]: v=+0.00 w=-0.50 | 转向中 front=0.14 目标>0.8
[INFO] [1790744562.035101155] [exploration]: v=+0.00 w=-0.50 | 转向中 front=0.13 目标>0.8
[INFO] [1790744562.235898478] [exploration]: v=+0.00 w=-0.50 | 转向中 front=0.15 目标>0.8
[INFO] [1790744562.336115072] [exploration]: v=+0.00 w=-0.50 | 转向中 front=0.13 目标>0.8
[INFO] [1790744562.437137541] [exploration]: v=+0.00 w=-0.50 | 转向中 front=0.14 目标>0.8
[INFO] [1790744562.536870406] [exploration]: v=+0.00 w=-0.50 | 转向中 front=0.15 目标>0.8
[INFO] [1790744562.636037058] [exploration]: v=+0.00 w=-0.50 | 转向中 front=0.70 目标>0.8
[INFO] [1790744562.736476091] [exploration]: v=+0.00 w=-0.50 | 转向中 front=0.13 目标>0.8
[INFO] [1790744562.936845299] [exploration]: v=+0.00 w=-0.50 | 转向中 front=0.14 目标>0.8
[INFO] [1790744563.037880311] [exploration]: v=+0.00 w=-0.50 | 转向中 front=0.61 目标>0.8
[INFO] [1790744563.137140730] [exploration]: v=+0.00 w=-0.50 | 转向中 front=0.13 目标>0.8
[INFO] [1790744563.236453719] [exploration]: v=+0.00 w=-0.50 | 转向中 front=0.14 目标>0.8
[INFO] [1790744563.538228532] [exploration]: v=+0.00 w=-0.50 | 转向中 front=0.13 目标>0.8
[INFO] [1790744563.638074473] [exploration]: v=+0.00 w=-0.50 | 转向中 front=0.54 目标>0.8
[INFO] [1790744563.738884583] [exploration]: v=+0.00 w=-0.50 | 转向中 front=0.52 目标>0.8
[INFO] [1790744563.938397267] [exploration]: v=+0.00 w=-0.50 | 转向中 front=0.51 目标>0.8
[INFO] [1790744564.039842116] [exploration]: v=+0.00 w=-0.50 | 转向中 front=0.50 目标>0.8
[INFO] [1790744564.138400089] [exploration]: v=-0.08 w=+0.00 | 卡死：3.0s 内位移 < 0.05m，倒退脱困
[INFO] [1790744564.238740946] [exploration]: v=-0.08 w=+0.00 | 脱困：倒退
[INFO] [1790744566.142219761] [exploration]: v=+0.00 w=+0.00 | 脱困完成，停稳
[INFO] [1790744566.242166656] [exploration]: v=+0.00 w=-0.50 | 转向中 front=0.54 目标>0.8
[INFO] [1790744566.343621260] [exploration]: v=+0.00 w=-0.50 | 转向中 front=0.13 目标>0.8
[INFO] [1790744566.743202468] [exploration]: v=+0.00 w=-0.50 | 转向中 front=0.14 目标>0.8
[INFO] [1790744566.943169705] [exploration]: v=+0.00 w=-0.50 | 转向中 front=0.55 目标>0.8
[INFO] [1790744567.043154420] [exploration]: v=+0.00 w=-0.50 | 转向中 front=0.53 目标>0.8
[INFO] [1790744567.143326275] [exploration]: v=+0.00 w=-0.50 | 转向中 front=0.13 目标>0.8
[INFO] [1790744567.243223619] [exploration]: v=+0.00 w=-0.50 | 转向中 front=0.16 目标>0.8
[INFO] [1790744567.344310985] [exploration]: v=+0.00 w=-0.50 | 转向中 front=0.15 目标>0.8
[INFO] [1790744567.444432573] [exploration]: v=+0.00 w=-0.50 | 转向中 front=0.55 目标>0.8
[INFO] [1790744567.544696374] [exploration]: v=+0.00 w=-0.50 | 转向中 front=0.54 目标>0.8
[INFO] [1790744567.745347752] [exploration]: v=+0.00 w=-0.50 | 转向中 front=0.15 目标>0.8
[INFO] [1790744567.845133616] [exploration]: v=+0.00 w=-0.50 | 转向中 front=0.13 目标>0.8
[INFO] [1790744567.945401985] [exploration]: v=+0.00 w=-0.50 | 转向中 front=0.55 目标>0.8
[INFO] [1790744568.045752073] [exploration]: v=+0.00 w=-0.50 | 转向中 front=0.14 目标>0.8
[INFO] [1790744568.145615074] [exploration]: v=+0.00 w=-0.50 | 转向中 front=0.55 目标>0.8
[INFO] [1790744568.246329085] [exploration]: v=+0.00 w=-0.50 | 转向中 front=0.15 目标>0.8
[INFO] [1790744568.345469305] [exploration]: v=+0.00 w=-0.50 | 转向中 front=0.55 目标>0.8
[INFO] [1790744568.445611450] [exploration]: v=+0.00 w=-0.50 | 转向中 front=0.13 目标>0.8
[INFO] [1790744568.546195696] [exploration]: v=+0.00 w=-0.50 | 转向中 front=0.14 目标>0.8
[INFO] [1790744568.645392767] [exploration]: v=+0.00 w=-0.50 | 转向中 front=0.13 目标>0.8
[INFO] [1790744569.047026509] [exploration]: v=+0.00 w=-0.50 | 转向中 front=0.15 目标>0.8
[INFO] [1790744569.147177531] [exploration]: v=+0.00 w=-0.50 | 转向中 front=0.60 目标>0.8
[INFO] [1790744569.247024664] [exploration]: v=+0.00 w=-0.50 | 转向中 front=0.14 目标>0.8
[INFO] [1790744569.447267755] [exploration]: v=+0.00 w=-0.50 | 转向中 front=0.67 目标>0.8
[INFO] [1790744569.547876750] [exploration]: v=+0.00 w=-0.50 | 转向中 front=0.70 目标>0.8
[INFO] [1790744569.647804003] [exploration]: v=+0.00 w=-0.50 | 转向中 front=0.74 目标>0.8
[INFO] [1790744569.749486305] [exploration]: v=+0.00 w=-0.50 | 转向中 front=0.75 目标>0.8
[INFO] [1790744569.849487390] [exploration]: v=+0.00 w=-0.50 | 转向中 front=0.76 目标>0.8
[INFO] [1790744569.948293582] [exploration]: v=+0.00 w=-0.50 | 转向中 front=0.74 目标>0.8
[INFO] [1790744570.048426396] [exploration]: v=+0.00 w=-0.50 | 转向中 front=0.13 目标>0.8
[INFO] [1790744570.148082530] [exploration]: v=+0.00 w=-0.50 | 转向中 front=0.71 目标>0.8
[INFO] [1790744570.248769395] [exploration]: v=+0.00 w=-0.50 | 转向中 front=0.72 目标>0.8
[INFO] [1790744570.848823427] [exploration]: v=+0.00 w=-0.50 | 转向中 front=0.14 目标>0.8
[INFO] [1790744571.049160050] [exploration]: v=+0.00 w=-0.50 | 转向中 front=0.13 目标>0.8
[INFO] [1790744571.149822961] [exploration]: v=+0.00 w=-0.50 | 转向中 front=0.72 目标>0.8
[INFO] [1790744571.249362724] [exploration]: v=+0.00 w=-0.50 | 转向中 front=0.71 目标>0.8
[INFO] [1790744571.350513234] [exploration]: v=+0.00 w=-0.50 | 转向中 front=0.73 目标>0.8
[INFO] [1790744571.450423528] [exploration]: v=+0.00 w=-0.50 | 转向中 front=0.14 目标>0.8
[INFO] [1790744571.549661121] [exploration]: v=+0.00 w=-0.50 | 转向中 front=0.13 目标>0.8
[INFO] [1790744571.750418800] [exploration]: v=+0.00 w=-0.50 | 转向中 front=0.14 目标>0.8
[INFO] [1790744571.952225551] [exploration]: v=+0.00 w=-0.50 | 转向中 front=0.13 目标>0.8
[INFO] [1790744572.051870846] [exploration]: v=+0.00 w=-0.50 | 转向中 front=0.15 目标>0.8
[INFO] [1790744572.152958769] [exploration]: v=+0.00 w=-0.50 | 转向中 front=0.13 目标>0.8
[INFO] [1790744572.352448903] [exploration]: v=+0.00 w=+0.00 | 转向完成，停稳 front=0.86
[INFO] [1790744572.452226962] [exploration]: v=+0.20 w=+0.00 | 直行 d=0.87
[INFO] [1790744572.551974900] [exploration]: v=-0.08 w=+0.00 | 卡死：3.0s 内位移 < 0.05m，倒退脱困
[INFO] [1790744572.652078809] [exploration]: v=-0.08 w=+0.00 | 脱困：倒退
[INFO] [1790744574.555103591] [exploration]: v=+0.00 w=+0.00 | 脱困完成，停稳
[INFO] [1790744574.656217155] [exploration]: v=+0.00 w=-0.50 | 转向，由于危险 d=0.40
[INFO] [1790744574.755954852] [exploration]: v=+0.00 w=+0.00 | 转向完成，停稳 front=1.04
[INFO] [1790744574.857119623] [exploration]: v=+0.00 w=-0.50 | 转向，由于危险 d=0.16
[INFO] [1790744574.956425655] [exploration]: v=+0.00 w=+0.00 | 转向完成，停稳 front=1.06
[INFO] [1790744575.056273985] [exploration]: v=+0.00 w=-0.50 | 转向，由于危险 d=0.36
[INFO] [1790744575.157442358] [exploration]: v=+0.00 w=-0.50 | 转向中 front=0.39 目标>0.8
[INFO] [1790744575.256003457] [exploration]: v=+0.00 w=-0.50 | 转向中 front=0.37 目标>0.8
[INFO] [1790744575.357455438] [exploration]: v=+0.00 w=-0.50 | 转向中 front=0.34 目标>0.8
[INFO] [1790744575.557552490] [exploration]: v=+0.00 w=-0.50 | 转向中 front=0.32 目标>0.8
[INFO] [1790744576.458529205] [exploration]: v=+0.00 w=-0.50 | 转向中 front=0.31 目标>0.8
[INFO] [1790744576.558011869] [exploration]: v=+0.00 w=-0.50 | 转向中 front=0.32 目标>0.8
[INFO] [1790744576.759971106] [exploration]: v=+0.00 w=-0.50 | 转向中 front=0.33 目标>0.8
[INFO] [1790744576.859388651] [exploration]: v=+0.00 w=-0.50 | 转向中 front=0.34 目标>0.8
[INFO] [1790744576.959076395] [exploration]: v=+0.00 w=-0.50 | 转向中 front=0.37 目标>0.8
[INFO] [1790744577.059558109] [exploration]: v=+0.00 w=-0.50 | 转向中 front=0.38 目标>0.8
[INFO] [1790744577.160415660] [exploration]: v=+0.00 w=+0.00 | 转向完成，停稳 front=1.07
[INFO] [1790744577.259790580] [exploration]: v=+0.20 w=+0.00 | 直行 d=1.06
[INFO] [1790744577.459566352] [exploration]: v=+0.20 w=+0.00 | 直行 d=1.04
[INFO] [1790744577.559812886] [exploration]: v=+0.20 w=+0.00 | 直行 d=1.05
[INFO] [1790744577.660601621] [exploration]: v=+0.20 w=+0.00 | 直行 d=1.02
[INFO] [1790744577.759805450] [exploration]: v=+0.20 w=+0.00 | 直行 d=1.00
[INFO] [1790744577.860390918] [exploration]: v=+0.20 w=+0.00 | 直行 d=0.99
[INFO] [1790744577.961526552] [exploration]: v=+0.20 w=+0.00 | 直行 d=0.97
[INFO] [1790744578.061022447] [exploration]: v=+0.20 w=+0.00 | 直行 d=0.96
[INFO] [1790744578.162727579] [exploration]: v=+0.20 w=+0.00 | 直行 d=0.94
[INFO] [1790744578.262662639] [exploration]: v=+0.20 w=+0.00 | 直行 d=0.93
[INFO] [1790744578.461539822] [exploration]: v=+0.20 w=+0.00 | 直行 d=0.96
[INFO] [1790744578.561643198] [exploration]: v=+0.20 w=+0.00 | 直行 d=1.00
[INFO] [1790744578.662361688] [exploration]: v=+0.20 w=+0.00 | 直行 d=1.03
[INFO] [1790744578.762630687] [exploration]: v=+0.20 w=+0.00 | 直行 d=1.09
[INFO] [1790744578.861964329] [exploration]: v=+0.20 w=+0.00 | 直行 d=1.19
[INFO] [1790744578.962463878] [exploration]: v=+0.20 w=+0.00 | 直行 d=1.27
[INFO] [1790744579.062491739] [exploration]: v=+0.20 w=+0.00 | 直行 d=1.35
[INFO] [1790744579.163689853] [exploration]: v=+0.20 w=+0.00 | 直行 d=1.45
[INFO] [1790744579.263110575] [exploration]: v=+0.20 w=+0.00 | 直行 d=1.55
[INFO] [1790744579.362677327] [exploration]: v=+0.20 w=+0.00 | 直行 d=1.63
[INFO] [1790744579.462523618] [exploration]: v=+0.20 w=+0.00 | 直行 d=1.80
[INFO] [1790744579.562917218] [exploration]: v=+0.20 w=+0.00 | 直行 d=1.83
[INFO] [1790744579.662677966] [exploration]: v=+0.00 w=+0.50 | 转向，由于危险 d=0.27
[INFO] [1790744579.762930546] [exploration]: v=+0.00 w=+0.50 | 转向中 front=0.24 目标>0.8
[INFO] [1790744579.963563852] [exploration]: v=+0.00 w=+0.50 | 转向中 front=0.23 目标>0.8
[INFO] [1790744580.063219927] [exploration]: v=+0.00 w=+0.50 | 转向中 front=0.14 目标>0.8
[INFO] [1790744580.163659663] [exploration]: v=+0.00 w=+0.50 | 转向中 front=0.13 目标>0.8
[INFO] [1790744580.262967870] [exploration]: v=+0.00 w=+0.50 | 转向中 front=0.20 目标>0.8
[INFO] [1790744580.464332301] [exploration]: v=+0.00 w=+0.50 | 转向中 front=0.19 目标>0.8
[INFO] [1790744581.164583780] [exploration]: v=+0.00 w=+0.50 | 转向中 front=0.18 目标>0.8
[INFO] [1790744581.264983282] [exploration]: v=+0.00 w=+0.50 | 转向中 front=0.19 目标>0.8
[INFO] [1790744581.464766980] [exploration]: v=+0.00 w=+0.50 | 转向中 front=0.18 目标>0.8
[INFO] [1790744581.665868111] [exploration]: v=+0.00 w=+0.50 | 转向中 front=0.19 目标>0.8
[INFO] [1790744581.766344529] [exploration]: v=+0.00 w=+0.50 | 转向中 front=0.20 目标>0.8
[INFO] [1790744581.867478423] [exploration]: v=+0.00 w=+0.50 | 转向中 front=0.19 目标>0.8
[INFO] [1790744581.966408191] [exploration]: v=+0.00 w=+0.50 | 转向中 front=0.20 目标>0.8
[INFO] [1790744582.066170572] [exploration]: v=+0.00 w=+0.50 | 转向中 front=0.21 目标>0.8
[INFO] [1790744582.167716391] [exploration]: v=+0.00 w=+0.50 | 转向中 front=0.20 目标>0.8
[INFO] [1790744582.267650158] [exploration]: v=+0.00 w=+0.50 | 转向中 front=0.22 目标>0.8
[INFO] [1790744582.366828435] [exploration]: v=+0.00 w=+0.50 | 转向中 front=0.23 目标>0.8
[INFO] [1790744582.467114902] [exploration]: v=-0.08 w=+0.00 | 卡死：3.0s 内位移 < 0.05m，倒退脱困
[INFO] [1790744582.567337371] [exploration]: v=-0.08 w=+0.00 | 脱困：倒退
[INFO] [1790744584.471083097] [exploration]: v=+0.00 w=+0.00 | 脱困完成，停稳
[INFO] [1790744584.572048952] [exploration]: v=+0.00 w=+0.50 | 转向中 front=0.39 目标>0.8
[INFO] [1790744584.670689136] [exploration]: v=+0.00 w=+0.50 | 转向中 front=0.38 目标>0.8
[INFO] [1790744584.771010822] [exploration]: v=+0.00 w=+0.50 | 转向中 front=0.42 目标>0.8
[INFO] [1790744584.871467917] [exploration]: v=+0.00 w=+0.00 | 转向完成，停稳 front=1.17
[INFO] [1790744584.970780083] [exploration]: v=+0.20 w=+0.00 | 直行 d=1.17
[INFO] [1790744585.270880556] [exploration]: v=+0.20 w=+0.00 | 直行 d=1.15
[INFO] [1790744585.371139969] [exploration]: v=+0.20 w=+0.00 | 直行 d=1.13
[INFO] [1790744585.471762281] [exploration]: v=+0.20 w=+0.00 | 直行 d=1.12
[INFO] [1790744585.571409559] [exploration]: v=+0.20 w=+0.00 | 直行 d=1.09
[INFO] [1790744585.672785784] [exploration]: v=+0.20 w=+0.00 | 直行 d=1.08
[INFO] [1790744585.772527099] [exploration]: v=+0.20 w=+0.00 | 直行 d=1.05
[INFO] [1790744585.871823254] [exploration]: v=+0.20 w=+0.00 | 直行 d=1.03
[INFO] [1790744585.972096663] [exploration]: v=+0.20 w=+0.00 | 直行 d=1.01
[INFO] [1790744586.072723724] [exploration]: v=+0.20 w=+0.00 | 直行 d=0.98
[INFO] [1790744586.272851840] [exploration]: v=+0.20 w=+0.00 | 直行 d=0.97
[INFO] [1790744586.373137323] [exploration]: v=+0.20 w=+0.00 | 直行 d=0.95
[INFO] [1790744586.472741192] [exploration]: v=+0.20 w=+0.00 | 直行 d=0.94
[INFO] [1790744586.673662586] [exploration]: v=+0.20 w=+0.00 | 直行 d=0.93
[INFO] [1790744586.774721740] [exploration]: v=+0.20 w=+0.00 | 直行 d=0.94
[INFO] [1790744587.073272471] [exploration]: v=+0.20 w=+0.00 | 直行 d=0.93
[INFO] [1790744587.173722664] [exploration]: v=+0.20 w=+0.00 | 直行 d=0.94
[INFO] [1790744587.273397003] [exploration]: v=+0.00 w=+0.50 | 转向，由于危险 d=0.40
[INFO] [1790744587.374812109] [exploration]: v=+0.00 w=+0.50 | 转向中 front=0.28 目标>0.8
[INFO] [1790744587.476895072] [exploration]: v=+0.00 w=+0.50 | 转向中 front=0.25 目标>0.8
[INFO] [1790744587.575627281] [exploration]: v=+0.00 w=+0.50 | 转向中 front=0.26 目标>0.8
[INFO] [1790744587.675629079] [exploration]: v=+0.00 w=+0.50 | 转向中 front=0.27 目标>0.8
[INFO] [1790744587.774946534] [exploration]: v=+0.00 w=+0.00 | 转向完成，停稳 front=0.91
[INFO] [1790744587.875136270] [exploration]: v=+0.20 w=+0.00 | 直行 d=0.94
[INFO] [1790744587.974968788] [exploration]: v=+0.20 w=+0.00 | 直行 d=0.93
[INFO] [1790744588.075125177] [exploration]: v=+0.20 w=+0.00 | 直行 d=0.94
[INFO] [1790744588.275489702] [exploration]: v=+0.00 w=+0.50 | 转向，由于危险 d=0.40
[INFO] [1790744588.375183995] [exploration]: v=+0.00 w=+0.50 | 转向中 front=0.26 目标>0.8
[INFO] [1790744588.475667706] [exploration]: v=+0.00 w=+0.50 | 转向中 front=0.28 目标>0.8
[INFO] [1790744588.575297311] [exploration]: v=+0.00 w=+0.50 | 转向中 front=0.25 目标>0.8
[INFO] [1790744588.675271139] [exploration]: v=+0.00 w=+0.50 | 转向中 front=0.28 目标>0.8
[INFO] [1790744588.775541989] [exploration]: v=+0.00 w=+0.00 | 转向完成，停稳 front=0.93
[INFO] [1790744588.875985797] [exploration]: v=+0.20 w=+0.00 | 直行 d=0.95
[INFO] [1790744588.975912697] [exploration]: v=+0.20 w=+0.00 | 直行 d=0.94
[INFO] [1790744589.076577526] [exploration]: v=+0.20 w=+0.00 | 直行 d=0.95
[INFO] [1790744589.176597867] [exploration]: v=+0.20 w=+0.00 | 直行 d=0.94
[INFO] [1790744589.277229707] [exploration]: v=+0.00 w=+0.50 | 转向，由于危险 d=0.40
[INFO] [1790744589.376308969] [exploration]: v=+0.00 w=+0.00 | 转向完成，停稳 front=0.96
[INFO] [1790744589.477251061] [exploration]: v=+0.00 w=+0.50 | 转向，由于危险 d=0.29
[INFO] [1790744589.577247256] [exploration]: v=+0.00 w=+0.50 | 转向中 front=0.27 目标>0.8
[INFO] [1790744589.677612137] [exploration]: v=+0.00 w=+0.00 | 转向完成，停稳 front=0.96
[INFO] [1790744589.777115923] [exploration]: v=+0.20 w=+0.00 | 直行 d=0.95
[INFO] [1790744589.878990950] [exploration]: v=+0.20 w=+0.00 | 直行 d=0.96
[INFO] [1790744589.978468788] [exploration]: v=+0.20 w=+0.00 | 直行 d=0.94
[INFO] [1790744590.079135809] [exploration]: v=+0.20 w=+0.00 | 直行 d=0.97
[INFO] [1790744590.179062467] [exploration]: v=+0.00 w=+0.50 | 转向，由于危险 d=0.40
[INFO] [1790744590.280204971] [exploration]: v=+0.00 w=+0.50 | 转向中 front=0.30 目标>0.8
[INFO] [1790744590.378935938] [exploration]: v=+0.00 w=+0.50 | 转向中 front=0.27 目标>0.8
[INFO] [1790744590.479148989] [exploration]: v=+0.00 w=+0.50 | 转向中 front=0.25 目标>0.8
[INFO] [1790744590.580320605] [exploration]: v=+0.00 w=+0.50 | 转向中 front=0.32 目标>0.8
[INFO] [1790744590.680140941] [exploration]: v=+0.00 w=+0.00 | 转向完成，停稳 front=0.99
[INFO] [1790744590.779784151] [exploration]: v=+0.20 w=+0.00 | 直行 d=0.97
[INFO] [1790744590.879561580] [exploration]: v=+0.20 w=+0.00 | 直行 d=1.00
[INFO] [1790744591.080125025] [exploration]: v=+0.20 w=+0.00 | 直行 d=0.98
[INFO] [1790744591.280847907] [exploration]: v=+0.00 w=+0.50 | 转向，由于危险 d=0.40
[INFO] [1790744591.380000147] [exploration]: v=+0.00 w=+0.00 | 转向完成，停稳 front=1.03
[INFO] [1790744591.480697190] [exploration]: v=+0.00 w=+0.50 | 转向，由于危险 d=0.28
[INFO] [1790744591.581664637] [exploration]: v=+0.00 w=+0.50 | 转向中 front=0.29 目标>0.8
[INFO] [1790744591.681145713] [exploration]: v=+0.00 w=+0.00 | 转向完成，停稳 front=1.03
[INFO] [1790744591.781660103] [exploration]: v=+0.20 w=+0.00 | 直行 d=1.03
[INFO] [1790744591.882892268] [exploration]: v=+0.20 w=+0.00 | 直行 d=1.02
[INFO] [1790744591.981491664] [exploration]: v=+0.20 w=+0.00 | 直行 d=1.04
[INFO] [1790744592.081968300] [exploration]: v=+0.00 w=+0.50 | 转向，由于危险 d=0.40
[INFO] [1790744592.181901979] [exploration]: v=+0.00 w=+0.00 | 转向完成，停稳 front=1.03
[INFO] [1790744592.282303630] [exploration]: v=+0.00 w=+0.50 | 转向，由于危险 d=0.40
[INFO] [1790744592.382238803] [exploration]: v=+0.00 w=+0.50 | 转向中 front=0.29 目标>0.8
[INFO] [1790744592.481683647] [exploration]: v=+0.00 w=+0.00 | 转向完成，停稳 front=1.08
[INFO] [1790744592.582310619] [exploration]: v=+0.20 w=+0.00 | 直行 d=1.05
[INFO] [1790744592.682669055] [exploration]: v=+0.20 w=+0.00 | 直行 d=1.06
[INFO] [1790744592.984002200] [exploration]: v=+0.00 w=+0.50 | 转向，由于危险 d=0.40
[INFO] [1790744593.084786893] [exploration]: v=+0.00 w=+0.00 | 转向完成，停稳 front=1.10
[INFO] [1790744593.184463908] [exploration]: v=+0.00 w=+0.50 | 转向，由于危险 d=0.30
[INFO] [1790744593.282902267] [exploration]: v=+0.00 w=+0.50 | 转向中 front=0.29 目标>0.8
[INFO] [1790744593.382971039] [exploration]: v=+0.00 w=+0.00 | 转向完成，停稳 front=1.14
[INFO] [1790744593.484304995] [exploration]: v=+0.20 w=+0.00 | 直行 d=1.14
[INFO] [1790744593.684636676] [exploration]: v=+0.20 w=+0.00 | 直行 d=1.13
[INFO] [1790744593.785433341] [exploration]: v=+0.00 w=+0.50 | 转向，由于危险 d=0.40
[INFO] [1790744593.885260666] [exploration]: v=+0.00 w=+0.00 | 转向完成，停稳 front=1.19
[INFO] [1790744593.984448393] [exploration]: v=+0.00 w=+0.50 | 转向，由于危险 d=0.30
[INFO] [1790744594.084495239] [exploration]: v=+0.00 w=+0.50 | 转向中 front=0.28 目标>0.8
[INFO] [1790744594.185104629] [exploration]: v=+0.00 w=+0.00 | 转向完成，停稳 front=1.21
[INFO] [1790744594.285887957] [exploration]: v=+0.20 w=+0.00 | 直行 d=1.16
[INFO] [1790744594.385830324] [exploration]: v=+0.20 w=+0.00 | 直行 d=1.21
[INFO] [1790744594.485817528] [exploration]: v=+0.20 w=+0.00 | 直行 d=1.20
[INFO] [1790744594.585904911] [exploration]: v=+0.00 w=+0.50 | 转向，由于危险 d=0.40
[INFO] [1790744594.686257252] [exploration]: v=+0.00 w=+0.50 | 转向中 front=0.29 目标>0.8
[INFO] [1790744594.786550400] [exploration]: v=+0.00 w=+0.50 | 转向中 front=0.27 目标>0.8
[INFO] [1790744594.985903692] [exploration]: v=+0.00 w=+0.50 | 转向中 front=0.29 目标>0.8
[INFO] [1790744595.085742230] [exploration]: v=+0.00 w=+0.00 | 转向完成，停稳 front=1.26
[INFO] [1790744595.186377857] [exploration]: v=+0.20 w=+0.00 | 直行 d=1.25
[INFO] [1790744595.387231750] [exploration]: v=+0.20 w=+0.00 | 直行 d=1.26
[INFO] [1790744595.487403849] [exploration]: v=+0.20 w=+0.00 | 直行 d=1.28
[INFO] [1790744595.587659229] [exploration]: v=+0.20 w=+0.00 | 直行 d=1.30
[INFO] [1790744595.687079795] [exploration]: v=+0.00 w=+0.50 | 转向，由于危险 d=0.40
[INFO] [1790744595.787553976] [exploration]: v=+0.00 w=+0.50 | 转向中 front=0.26 目标>0.8
[INFO] [1790744595.887253955] [exploration]: v=+0.00 w=+0.50 | 转向中 front=0.27 目标>0.8
[INFO] [1790744595.988152324] [exploration]: v=+0.00 w=+0.50 | 转向中 front=0.26 目标>0.8
[INFO] [1790744596.088385558] [exploration]: v=+0.00 w=+0.50 | 转向中 front=0.29 目标>0.8
[INFO] [1790744596.188526921] [exploration]: v=+0.00 w=+0.00 | 转向完成，停稳 front=1.36
[INFO] [1790744596.288181393] [exploration]: v=+0.20 w=+0.00 | 直行 d=1.36
[INFO] [1790744596.389424965] [exploration]: v=+0.20 w=+0.00 | 直行 d=1.34
[INFO] [1790744596.588429359] [exploration]: v=+0.20 w=+0.00 | 直行 d=1.37
[INFO] [1790744596.688531990] [exploration]: v=+0.20 w=+0.00 | 直行 d=1.43
[INFO] [1790744596.789180072] [exploration]: v=+0.20 w=+0.00 | 直行 d=1.48
[INFO] [1790744596.889579200] [exploration]: v=+0.20 w=+0.00 | 直行 d=1.51
[INFO] [1790744596.989250400] [exploration]: v=+0.00 w=+0.50 | 转向，由于危险 d=0.29
[INFO] [1790744597.090184442] [exploration]: v=+0.00 w=+0.50 | 转向中 front=0.25 目标>0.8
[INFO] [1790744597.190067694] [exploration]: v=+0.00 w=+0.50 | 转向中 front=0.24 目标>0.8
[INFO] [1790744597.291122690] [exploration]: v=+0.00 w=+0.50 | 转向中 front=0.23 目标>0.8
[INFO] [1790744597.389871984] [exploration]: v=+0.00 w=+0.50 | 转向中 front=0.25 目标>0.8
[INFO] [1790744597.490059892] [exploration]: v=+0.00 w=+0.50 | 转向中 front=0.27 目标>0.8
[INFO] [1790744597.589792272] [exploration]: v=+0.00 w=+0.00 | 转向完成，停稳 front=1.76
[INFO] [1790744597.690255769] [exploration]: v=+0.20 w=+0.00 | 直行 d=1.68
[INFO] [1790744597.790234172] [exploration]: v=+0.20 w=+0.00 | 直行 d=1.61
[INFO] [1790744597.890053640] [exploration]: v=+0.20 w=+0.00 | 直行 d=1.67
[INFO] [1790744597.991737763] [exploration]: v=+0.20 w=+0.00 | 直行 d=1.83
[INFO] [1790744598.091802654] [exploration]: v=+0.20 w=+0.00 | 直行 d=1.84
[INFO] [1790744598.191158718] [exploration]: v=+0.00 w=-0.50 | 转向，由于危险 d=0.26
[INFO] [1790744598.291646986] [exploration]: v=+0.00 w=-0.50 | 转向中 front=0.24 目标>0.8
[INFO] [1790744598.592062961] [exploration]: v=+0.00 w=-0.50 | 转向中 front=0.14 目标>0.8
[INFO] [1790744598.792914398] [exploration]: v=+0.00 w=-0.50 | 转向中 front=0.13 目标>0.8
[INFO] [1790744598.892265547] [exploration]: v=+0.00 w=-0.50 | 转向中 front=0.20 目标>0.8
[INFO] [1790744599.093643036] [exploration]: v=+0.00 w=-0.50 | 转向中 front=0.19 目标>0.8
[INFO] [1790744599.393968444] [exploration]: v=+0.00 w=-0.50 | 转向中 front=0.18 目标>0.8
[INFO] [1790744599.494388564] [exploration]: v=+0.00 w=-0.50 | 转向中 front=0.19 目标>0.8
[INFO] [1790744599.594105904] [exploration]: v=+0.00 w=-0.50 | 转向中 front=0.18 目标>0.8
[INFO] [1790744599.894790801] [exploration]: v=+0.00 w=-0.50 | 转向中 front=0.19 目标>0.8
[INFO] [1790744599.994244988] [exploration]: v=+0.00 w=-0.50 | 转向中 front=0.18 目标>0.8
[INFO] [1790744600.395411145] [exploration]: v=+0.00 w=-0.50 | 转向中 front=0.19 目标>0.8
[INFO] [1790744600.695328350] [exploration]: v=+0.00 w=-0.50 | 转向中 front=0.20 目标>0.8
[INFO] [1790744600.795228578] [exploration]: v=+0.00 w=-0.50 | 转向中 front=0.21 目标>0.8
[INFO] [1790744600.895423430] [exploration]: v=+0.00 w=-0.50 | 转向中 front=0.22 目标>0.8
[INFO] [1790744600.995282455] [exploration]: v=-0.08 w=+0.00 | 卡死：3.0s 内位移 < 0.05m，倒退脱困
[INFO] [1790744601.095664012] [exploration]: v=-0.08 w=+0.00 | 脱困：倒退
[INFO] [1790744602.999230249] [exploration]: v=+0.00 w=+0.00 | 脱困完成，停稳
[INFO] [1790744603.098550519] [exploration]: v=+0.00 w=-0.50 | 转向中 front=0.35 目标>0.8
[INFO] [1790744603.199269649] [exploration]: v=+0.00 w=-0.50 | 转向中 front=0.36 目标>0.8
[INFO] [1790744603.298937999] [exploration]: v=+0.00 w=-0.50 | 转向中 front=0.38 目标>0.8
[INFO] [1790744603.398585333] [exploration]: v=+0.00 w=+0.00 | 转向完成，停稳 front=1.12
[INFO] [1790744603.499057162] [exploration]: v=+0.20 w=+0.00 | 直行 d=1.13
[INFO] [1790744603.598660683] [exploration]: v=+0.20 w=+0.00 | 直行 d=1.14
[INFO] [1790744603.699086972] [exploration]: v=+0.20 w=+0.00 | 直行 d=1.13
[INFO] [1790744603.799174971] [exploration]: v=+0.20 w=+0.00 | 直行 d=1.12
[INFO] [1790744603.899749632] [exploration]: v=+0.20 w=+0.00 | 直行 d=1.09
[INFO] [1790744603.999781001] [exploration]: v=+0.20 w=+0.00 | 直行 d=1.08
[INFO] [1790744604.099331433] [exploration]: v=+0.20 w=+0.00 | 直行 d=1.05
[INFO] [1790744604.200161303] [exploration]: v=+0.20 w=+0.00 | 直行 d=1.03
[INFO] [1790744604.300047216] [exploration]: v=+0.20 w=+0.00 | 直行 d=1.01
[INFO] [1790744604.399681655] [exploration]: v=+0.20 w=+0.00 | 直行 d=0.99
[INFO] [1790744604.501627666] [exploration]: v=+0.20 w=+0.00 | 直行 d=0.98
[INFO] [1790744604.603884798] [exploration]: v=+0.20 w=+0.00 | 直行 d=0.96
[INFO] [1790744604.703064652] [exploration]: v=+0.20 w=+0.00 | 直行 d=0.95
[INFO] [1790744604.802083323] [exploration]: v=+0.20 w=+0.00 | 直行 d=0.94
[INFO] [1790744604.902157989] [exploration]: v=+0.20 w=+0.00 | 直行 d=0.93
[INFO] [1790744605.004734196] [exploration]: v=+0.20 w=+0.00 | 直行 d=0.92
[INFO] [1790744605.204608478] [exploration]: v=+0.20 w=+0.00 | 直行 d=0.91
[INFO] [1790744605.303983271] [exploration]: v=+0.20 w=+0.00 | 直行 d=0.90
[INFO] [1790744605.403726626] [exploration]: v=+0.00 w=-0.50 | 转向，由于危险 d=0.40
[INFO] [1790744605.502984021] [exploration]: v=+0.00 w=-0.50 | 转向中 front=0.29 目标>0.8
[INFO] [1790744605.603824781] [exploration]: v=+0.00 w=-0.50 | 转向中 front=0.25 目标>0.8
[INFO] [1790744605.703098191] [exploration]: v=+0.00 w=-0.50 | 转向中 front=0.24 目标>0.8
[INFO] [1790744605.803592376] [exploration]: v=+0.00 w=-0.50 | 转向中 front=0.26 目标>0.8
[INFO] [1790744605.903413698] [exploration]: v=+0.00 w=+0.00 | 转向完成，停稳 front=0.87
[INFO] [1790744606.004276379] [exploration]: v=+0.20 w=+0.00 | 直行 d=0.89
[INFO] [1790744606.305951780] [exploration]: v=+0.00 w=-0.50 | 转向，由于危险 d=0.40
[INFO] [1790744606.406077447] [exploration]: v=+0.00 w=+0.00 | 转向完成，停稳 front=0.88
[INFO] [1790744606.505076866] [exploration]: v=+0.00 w=-0.50 | 转向，由于危险 d=0.27
[INFO] [1790744606.604982262] [exploration]: v=+0.00 w=-0.50 | 转向中 front=0.29 目标>0.8
[INFO] [1790744606.805905610] [exploration]: v=+0.00 w=+0.00 | 转向完成，停稳 front=0.90
[INFO] [1790744606.906516451] [exploration]: v=+0.20 w=+0.00 | 直行 d=0.90
[INFO] [1790744607.007415123] [exploration]: v=+0.20 w=+0.00 | 直行 d=0.89
[INFO] [1790744607.306919187] [exploration]: v=+0.00 w=-0.50 | 转向，由于危险 d=0.40
[INFO] [1790744607.406391021] [exploration]: v=+0.00 w=+0.00 | 转向完成，停稳 front=0.88
[INFO] [1790744607.506211333] [exploration]: v=+0.00 w=-0.50 | 转向，由于危险 d=0.28
[INFO] [1790744607.606983891] [exploration]: v=+0.00 w=-0.50 | 转向中 front=0.29 目标>0.8
[INFO] [1790744607.707543862] [exploration]: v=+0.00 w=+0.00 | 转向完成，停稳 front=0.87
[INFO] [1790744607.806263226] [exploration]: v=+0.00 w=-0.50 | 转向，由于危险 d=0.40
[INFO] [1790744607.907572267] [exploration]: v=+0.00 w=+0.00 | 转向完成，停稳 front=0.88
[INFO] [1790744608.008948506] [exploration]: v=+0.20 w=+0.00 | 直行 d=0.89
[INFO] [1790744608.108687255] [exploration]: v=+0.20 w=+0.00 | 直行 d=0.90
[INFO] [1790744608.208302784] [exploration]: v=+0.20 w=+0.00 | 直行 d=0.89
[INFO] [1790744608.308557244] [exploration]: v=+0.20 w=+0.00 | 直行 d=0.90
[INFO] [1790744608.408686620] [exploration]: v=+0.20 w=+0.00 | 直行 d=0.89
[INFO] [1790744608.508788704] [exploration]: v=+0.00 w=-0.50 | 转向，由于危险 d=0.40
[INFO] [1790744608.608187893] [exploration]: v=+0.00 w=+0.00 | 转向完成，停稳 front=0.91
[INFO] [1790744608.708672825] [exploration]: v=+0.00 w=-0.50 | 转向，由于危险 d=0.28
[INFO] [1790744608.808240612] [exploration]: v=+0.00 w=-0.50 | 转向中 front=0.28 目标>0.8
[INFO] [1790744608.908390391] [exploration]: v=+0.00 w=+0.00 | 转向完成，停稳 front=0.88
[INFO] [1790744609.008693669] [exploration]: v=+0.00 w=-0.50 | 转向，由于危险 d=0.40
[INFO] [1790744609.109585588] [exploration]: v=+0.00 w=+0.00 | 转向完成，停稳 front=0.89
[INFO] [1790744609.208722183] [exploration]: v=+0.20 w=+0.00 | 直行 d=0.90
[INFO] [1790744609.309464397] [exploration]: v=+0.20 w=+0.00 | 直行 d=0.89
[INFO] [1790744609.409138555] [exploration]: v=+0.20 w=+0.00 | 直行 d=0.90
[INFO] [1790744609.608978268] [exploration]: v=+0.20 w=+0.00 | 直行 d=0.91
[INFO] [1790744609.709412806] [exploration]: v=+0.00 w=-0.50 | 转向，由于危险 d=0.40
[INFO] [1790744609.808889317] [exploration]: v=+0.00 w=+0.00 | 转向完成，停稳 front=0.91
[INFO] [1790744609.909460952] [exploration]: v=+0.00 w=-0.50 | 转向，由于危险 d=0.29
[INFO] [1790744610.009740576] [exploration]: v=+0.00 w=-0.50 | 转向中 front=0.28 目标>0.8
[INFO] [1790744610.109503291] [exploration]: v=+0.00 w=+0.00 | 转向完成，停稳 front=0.93
[INFO] [1790744610.210844260] [exploration]: v=+0.20 w=+0.00 | 直行 d=0.92
[INFO] [1790744610.510776673] [exploration]: v=+0.00 w=-0.50 | 转向，由于危险 d=0.40
[INFO] [1790744610.611006163] [exploration]: v=+0.00 w=+0.00 | 转向完成，停稳 front=0.95
[INFO] [1790744610.711157542] [exploration]: v=+0.00 w=-0.50 | 转向，由于危险 d=0.40
[INFO] [1790744610.813455170] [exploration]: v=+0.00 w=-0.50 | 转向中 front=0.27 目标>0.8
[INFO] [1790744610.913285046] [exploration]: v=+0.00 w=+0.00 | 转向完成，停稳 front=0.95
[INFO] [1790744611.013089767] [exploration]: v=+0.20 w=+0.00 | 直行 d=0.94
[INFO] [1790744611.212928115] [exploration]: v=+0.20 w=+0.00 | 直行 d=0.93
[INFO] [1790744611.314087398] [exploration]: v=+0.20 w=+0.00 | 直行 d=0.96
[INFO] [1790744611.414029098] [exploration]: v=+0.00 w=-0.50 | 转向，由于危险 d=0.40
[INFO] [1790744611.513010934] [exploration]: v=+0.00 w=+0.00 | 转向完成，停稳 front=0.97
[INFO] [1790744611.613061857] [exploration]: v=+0.00 w=-0.50 | 转向，由于危险 d=0.40
[INFO] [1790744611.712120168] [exploration]: v=+0.00 w=-0.50 | 转向中 front=0.30 目标>0.8
[INFO] [1790744611.813596750] [exploration]: v=+0.00 w=+0.00 | 转向完成，停稳 front=0.97
[INFO] [1790744611.913564137] [exploration]: v=+0.20 w=+0.00 | 直行 d=0.99
[INFO] [1790744612.013365316] [exploration]: v=+0.20 w=+0.00 | 直行 d=0.98
[INFO] [1790744612.113597542] [exploration]: v=+0.20 w=+0.00 | 直行 d=1.00
[INFO] [1790744612.213837133] [exploration]: v=+0.20 w=+0.00 | 直行 d=1.01
[INFO] [1790744612.314005964] [exploration]: v=+0.00 w=-0.50 | 转向，由于危险 d=0.40
[INFO] [1790744612.414847962] [exploration]: v=+0.00 w=+0.00 | 转向完成，停稳 front=1.01
[INFO] [1790744612.514794338] [exploration]: v=+0.00 w=-0.50 | 转向，由于危险 d=0.40
[INFO] [1790744612.614413339] [exploration]: v=+0.00 w=-0.50 | 转向中 front=0.29 目标>0.8
[INFO] [1790744612.714159358] [exploration]: v=+0.00 w=+0.00 | 转向完成，停稳 front=1.03
[INFO] [1790744612.814463852] [exploration]: v=+0.20 w=+0.00 | 直行 d=1.03
[INFO] [1790744612.915837209] [exploration]: v=+0.20 w=+0.00 | 直行 d=1.04
[INFO] [1790744613.015329242] [exploration]: v=+0.20 w=+0.00 | 直行 d=1.05
[INFO] [1790744613.215209980] [exploration]: v=+0.00 w=-0.50 | 转向，由于危险 d=0.40
[INFO] [1790744613.315494423] [exploration]: v=+0.00 w=+0.00 | 转向完成，停稳 front=1.09
[INFO] [1790744613.416361882] [exploration]: v=+0.00 w=-0.50 | 转向，由于危险 d=0.28
[INFO] [1790744613.516396018] [exploration]: v=+0.00 w=-0.50 | 转向中 front=0.26 目标>0.8
[INFO] [1790744613.615871199] [exploration]: v=+0.00 w=+0.00 | 转向完成，停稳 front=1.13
[INFO] [1790744613.715942604] [exploration]: v=+0.00 w=-0.50 | 转向，由于危险 d=0.40
[INFO] [1790744613.816217959] [exploration]: v=+0.00 w=+0.00 | 转向完成，停稳 front=1.11
[INFO] [1790744613.917299993] [exploration]: v=+0.20 w=+0.00 | 直行 d=1.10
[INFO] [1790744614.116546406] [exploration]: v=+0.20 w=+0.00 | 直行 d=1.13
[INFO] [1790744614.317102713] [exploration]: v=+0.20 w=+0.00 | 直行 d=1.18
[INFO] [1790744614.417066208] [exploration]: v=+0.00 w=-0.50 | 转向，由于危险 d=0.40
[INFO] [1790744614.518033258] [exploration]: v=+0.00 w=+0.00 | 转向完成，停稳 front=1.23
[INFO] [1790744614.618006730] [exploration]: v=+0.00 w=-0.50 | 转向，由于危险 d=0.29
[INFO] [1790744614.718823216] [exploration]: v=+0.00 w=-0.50 | 转向中 front=0.28 目标>0.8
[INFO] [1790744614.817905729] [exploration]: v=+0.00 w=+0.00 | 转向完成，停稳 front=1.25
[INFO] [1790744614.918102006] [exploration]: v=+0.20 w=+0.00 | 直行 d=1.27
[INFO] [1790744615.018034371] [exploration]: v=+0.20 w=+0.00 | 直行 d=1.24
[INFO] [1790744615.117834551] [exploration]: v=+0.20 w=+0.00 | 直行 d=1.25
[INFO] [1790744615.218151185] [exploration]: v=+0.00 w=-0.50 | 转向，由于危险 d=0.40
[INFO] [1790744615.317576400] [exploration]: v=+0.00 w=+0.00 | 转向完成，停稳 front=1.33
[INFO] [1790744615.418224860] [exploration]: v=+0.00 w=-0.50 | 转向，由于危险 d=0.40
[INFO] [1790744615.517603756] [exploration]: v=+0.00 w=+0.00 | 转向完成，停稳 front=1.36
[INFO] [1790744615.617451821] [exploration]: v=+0.00 w=-0.50 | 转向，由于危险 d=0.40
[INFO] [1790744615.718865047] [exploration]: v=+0.00 w=+0.00 | 转向完成，停稳 front=1.35
[INFO] [1790744615.820655293] [exploration]: v=+0.20 w=+0.00 | 直行 d=1.37
[INFO] [1790744615.919973133] [exploration]: v=+0.20 w=+0.00 | 直行 d=1.35
[INFO] [1790744616.019354976] [exploration]: v=+0.20 w=+0.00 | 直行 d=1.36
[INFO] [1790744616.120324523] [exploration]: v=+0.20 w=+0.00 | 直行 d=1.37
[INFO] [1790744616.219549520] [exploration]: v=+0.20 w=+0.00 | 直行 d=1.44
[INFO] [1790744616.319483723] [exploration]: v=+0.00 w=-0.50 | 转向，由于危险 d=0.40
[INFO] [1790744616.421211665] [exploration]: v=+0.00 w=+0.00 | 转向完成，停稳 front=1.48
[INFO] [1790744616.520581428] [exploration]: v=+0.00 w=+0.50 | 转向，由于危险 d=0.40
[INFO] [1790744616.619618292] [exploration]: v=+0.00 w=+0.50 | 转向中 front=0.27 目标>0.8
[INFO] [1790744616.719853742] [exploration]: v=+0.00 w=+0.50 | 转向中 front=0.28 目标>0.8
[INFO] [1790744616.820189428] [exploration]: v=+0.00 w=+0.50 | 转向中 front=0.24 目标>0.8
[INFO] [1790744616.921106419] [exploration]: v=+0.00 w=+0.50 | 转向中 front=0.23 目标>0.8
[INFO] [1790744617.022322566] [exploration]: v=+0.00 w=+0.50 | 转向中 front=0.21 目标>0.8
[INFO] [1790744617.120896782] [exploration]: v=+0.00 w=+0.50 | 转向中 front=0.22 目标>0.8
[INFO] [1790744617.221071977] [exploration]: v=+0.00 w=+0.50 | 转向中 front=0.20 目标>0.8
[INFO] [1790744617.322334321] [exploration]: v=+0.00 w=+0.50 | 转向中 front=0.19 目标>0.8
[INFO] [1790744617.423574510] [exploration]: v=-0.08 w=+0.00 | 卡死：3.0s 内位移 < 0.05m，倒退脱困
[INFO] [1790744617.522966548] [exploration]: v=-0.08 w=+0.00 | 脱困：倒退
[INFO] [1790744619.423055395] [exploration]: v=+0.00 w=+0.00 | 脱困完成，停稳
[INFO] [1790744619.524054213] [exploration]: v=+0.00 w=+0.50 | 转向中 front=0.14 目标>0.8
[INFO] [1790744619.624171844] [exploration]: v=+0.00 w=+0.50 | 转向中 front=0.13 目标>0.8
[INFO] [1790744619.723910885] [exploration]: v=+0.00 w=+0.50 | 转向中 front=0.14 目标>0.8
[INFO] [1790744619.823953802] [exploration]: v=+0.00 w=+0.50 | 转向中 front=0.34 目标>0.8
[INFO] [1790744619.924463541] [exploration]: v=+0.00 w=+0.50 | 转向中 front=0.13 目标>0.8
[INFO] [1790744620.024799669] [exploration]: v=+0.00 w=+0.50 | 转向中 front=0.35 目标>0.8
[INFO] [1790744620.525468247] [exploration]: v=+0.00 w=+0.50 | 转向中 front=0.36 目标>0.8
[INFO] [1790744620.625020112] [exploration]: v=+0.00 w=+0.50 | 转向中 front=0.38 目标>0.8
[INFO] [1790744620.725273390] [exploration]: v=+0.00 w=+0.50 | 转向中 front=0.39 目标>0.8
[INFO] [1790744620.826750528] [exploration]: v=+0.00 w=+0.50 | 转向中 front=0.41 目标>0.8
[INFO] [1790744620.926540773] [exploration]: v=+0.00 w=+0.00 | 转向完成，停稳 front=1.05
[INFO] [1790744621.026981750] [exploration]: v=+0.20 w=+0.00 | 直行 d=1.06
[INFO] [1790744621.225777268] [exploration]: v=+0.20 w=+0.00 | 直行 d=1.05
[INFO] [1790744621.426756523] [exploration]: v=+0.20 w=+0.00 | 直行 d=1.02
[INFO] [1790744621.526645606] [exploration]: v=+0.20 w=+0.00 | 直行 d=1.00
[INFO] [1790744621.627457350] [exploration]: v=+0.20 w=+0.00 | 直行 d=0.99
[INFO] [1790744621.727798871] [exploration]: v=+0.20 w=+0.00 | 直行 d=0.98
[INFO] [1790744621.826999569] [exploration]: v=+0.20 w=+0.00 | 直行 d=0.95
[INFO] [1790744621.927544408] [exploration]: v=+0.20 w=+0.00 | 直行 d=0.93
[INFO] [1790744622.028070987] [exploration]: v=+0.20 w=+0.00 | 直行 d=0.91
[INFO] [1790744622.128427655] [exploration]: v=+0.20 w=+0.00 | 直行 d=0.89
[INFO] [1790744622.228116038] [exploration]: v=+0.20 w=+0.00 | 直行 d=0.88
[INFO] [1790744622.528442041] [exploration]: v=+0.20 w=+0.00 | 直行 d=0.89
[INFO] [1790744622.728324796] [exploration]: v=+0.20 w=+0.00 | 直行 d=0.92
[INFO] [1790744622.927910459] [exploration]: v=+0.20 w=+0.00 | 直行 d=0.95
[INFO] [1790744623.029585838] [exploration]: v=+0.20 w=+0.00 | 直行 d=0.96
[INFO] [1790744623.129212992] [exploration]: v=+0.20 w=+0.00 | 直行 d=0.98
[INFO] [1790744623.229559564] [exploration]: v=+0.20 w=+0.00 | 直行 d=1.00
[INFO] [1790744623.329674694] [exploration]: v=+0.20 w=+0.00 | 直行 d=1.01
[INFO] [1790744623.429190632] [exploration]: v=+0.20 w=+0.00 | 直行 d=1.03
[INFO] [1790744623.529323663] [exploration]: v=+0.00 w=+0.50 | 转向，由于危险 d=0.40
[INFO] [1790744623.628717017] [exploration]: v=+0.00 w=+0.00 | 转向完成，停稳 front=1.06
[INFO] [1790744623.730561151] [exploration]: v=+0.00 w=+0.50 | 转向，由于危险 d=0.30
[INFO] [1790744623.830804916] [exploration]: v=+0.00 w=+0.50 | 转向中 front=0.28 目标>0.8
[INFO] [1790744623.931460855] [exploration]: v=+0.00 w=+0.00 | 转向完成，停稳 front=1.07
[INFO] [1790744624.032659502] [exploration]: v=+0.20 w=+0.00 | 直行 d=1.07
[INFO] [1790744624.130978884] [exploration]: v=+0.20 w=+0.00 | 直行 d=1.06
[INFO] [1790744624.230462064] [exploration]: v=+0.20 w=+0.00 | 直行 d=1.07
[INFO] [1790744624.330480983] [exploration]: v=+0.00 w=+0.50 | 转向，由于危险 d=0.40
[INFO] [1790744624.430175853] [exploration]: v=+0.00 w=+0.00 | 转向完成，停稳 front=1.09
[INFO] [1790744624.530128156] [exploration]: v=+0.00 w=+0.50 | 转向，由于危险 d=0.40
[INFO] [1790744624.630150548] [exploration]: v=+0.00 w=+0.50 | 转向中 front=0.28 目标>0.8
[INFO] [1790744624.731765801] [exploration]: v=+0.00 w=+0.00 | 转向完成，停稳 front=1.11
[INFO] [1790744624.831613357] [exploration]: v=+0.20 w=+0.00 | 直行 d=1.11
[INFO] [1790744624.931169094] [exploration]: v=+0.20 w=+0.00 | 直行 d=1.12
[INFO] [1790744625.030887576] [exploration]: v=+0.20 w=+0.00 | 直行 d=1.11
[INFO] [1790744625.131073728] [exploration]: v=+0.20 w=+0.00 | 直行 d=1.14
[INFO] [1790744625.230811618] [exploration]: v=+0.00 w=+0.50 | 转向，由于危险 d=0.40
[INFO] [1790744625.330819302] [exploration]: v=+0.00 w=+0.50 | 转向中 front=0.30 目标>0.8
[INFO] [1790744625.431454615] [exploration]: v=+0.00 w=+0.50 | 转向中 front=0.27 目标>0.8
[INFO] [1790744625.532163881] [exploration]: v=+0.00 w=+0.50 | 转向中 front=0.25 目标>0.8
[INFO] [1790744625.632380550] [exploration]: v=+0.00 w=+0.50 | 转向中 front=0.30 目标>0.8
[INFO] [1790744625.733106077] [exploration]: v=+0.00 w=+0.00 | 转向完成，停稳 front=1.21
[INFO] [1790744625.833584546] [exploration]: v=+0.20 w=+0.00 | 直行 d=1.20
[INFO] [1790744625.933239559] [exploration]: v=+0.20 w=+0.00 | 直行 d=1.19
[INFO] [1790744626.033454775] [exploration]: v=+0.20 w=+0.00 | 直行 d=1.22
[INFO] [1790744626.133819687] [exploration]: v=+0.20 w=+0.00 | 直行 d=1.24
[INFO] [1790744626.234913850] [exploration]: v=+0.00 w=+0.50 | 转向，由于危险 d=0.40
[INFO] [1790744626.336078314] [exploration]: v=+0.00 w=+0.50 | 转向中 front=0.28 目标>0.8
[INFO] [1790744626.436378158] [exploration]: v=+0.00 w=+0.50 | 转向中 front=0.27 目标>0.8
[INFO] [1790744626.537392461] [exploration]: v=+0.00 w=+0.50 | 转向中 front=0.28 目标>0.8
[INFO] [1790744626.635741813] [exploration]: v=+0.00 w=+0.00 | 转向完成，停稳 front=1.32
[INFO] [1790744626.734848930] [exploration]: v=+0.20 w=+0.00 | 直行 d=1.26
[INFO] [1790744626.835414405] [exploration]: v=+0.20 w=+0.00 | 直行 d=1.29
[INFO] [1790744626.936186689] [exploration]: v=+0.20 w=+0.00 | 直行 d=1.32
[INFO] [1790744627.035511518] [exploration]: v=+0.20 w=+0.00 | 直行 d=1.34
[INFO] [1790744627.135156024] [exploration]: v=+0.00 w=+0.50 | 转向，由于危险 d=0.40
[INFO] [1790744627.235730577] [exploration]: v=+0.00 w=+0.50 | 转向中 front=0.30 目标>0.8
[INFO] [1790744627.337232403] [exploration]: v=+0.00 w=+0.50 | 转向中 front=0.27 目标>0.8
[INFO] [1790744627.537400607] [exploration]: v=+0.00 w=+0.50 | 转向中 front=0.28 目标>0.8
[INFO] [1790744627.635931316] [exploration]: v=+0.00 w=+0.00 | 转向完成，停稳 front=1.36
[INFO] [1790744627.738239183] [exploration]: v=+0.20 w=+0.00 | 直行 d=1.36
[INFO] [1790744627.837163170] [exploration]: v=+0.20 w=+0.00 | 直行 d=1.35
[INFO] [1790744627.937129824] [exploration]: v=+0.20 w=+0.00 | 直行 d=1.37
[INFO] [1790744628.137594588] [exploration]: v=+0.20 w=+0.00 | 直行 d=1.47
[INFO] [1790744628.236916058] [exploration]: v=+0.20 w=+0.00 | 直行 d=1.48
[INFO] [1790744628.439055625] [exploration]: v=+0.20 w=+0.00 | 直行 d=1.53
[INFO] [1790744628.539082973] [exploration]: v=+0.00 w=+0.50 | 转向，由于危险 d=0.27
[INFO] [1790744628.638379239] [exploration]: v=+0.00 w=+0.50 | 转向中 front=0.26 目标>0.8
[INFO] [1790744628.738576740] [exploration]: v=+0.00 w=+0.50 | 转向中 front=0.24 目标>0.8
[INFO] [1790744629.040109656] [exploration]: v=+0.00 w=+0.50 | 转向中 front=0.26 目标>0.8
[INFO] [1790744629.138932164] [exploration]: v=+0.00 w=+0.50 | 转向中 front=0.31 目标>0.8
[INFO] [1790744629.240004402] [exploration]: v=+0.00 w=+0.00 | 转向完成，停稳 front=1.69
[INFO] [1790744629.339672733] [exploration]: v=+0.20 w=+0.00 | 直行 d=1.60
[INFO] [1790744629.439840079] [exploration]: v=+0.20 w=+0.00 | 直行 d=1.55
[INFO] [1790744629.541794124] [exploration]: v=+0.20 w=+0.00 | 直行 d=1.59
[INFO] [1790744629.639338185] [exploration]: v=+0.20 w=+0.00 | 直行 d=1.63
[INFO] [1790744629.741679156] [exploration]: v=+0.20 w=+0.00 | 直行 d=1.88
[INFO] [1790744629.840608100] [exploration]: v=+0.20 w=+0.00 | 直行 d=1.87
[INFO] [1790744629.940737402] [exploration]: v=+0.00 w=-0.50 | 转向，由于危险 d=0.26
[INFO] [1790744630.040774579] [exploration]: v=+0.00 w=-0.50 | 转向中 front=0.23 目标>0.8
[INFO] [1790744630.140717891] [exploration]: v=+0.00 w=-0.50 | 转向中 front=0.25 目标>0.8
[INFO] [1790744630.240380863] [exploration]: v=+0.00 w=-0.50 | 转向中 front=0.24 目标>0.8
[INFO] [1790744630.340996035] [exploration]: v=+0.00 w=-0.50 | 转向中 front=0.14 目标>0.8
[INFO] [1790744630.541949499] [exploration]: v=+0.00 w=-0.50 | 转向中 front=0.13 目标>0.8
[INFO] [1790744630.641354087] [exploration]: v=+0.00 w=-0.50 | 转向中 front=0.21 目标>0.8
[INFO] [1790744630.741771244] [exploration]: v=+0.00 w=-0.50 | 转向中 front=0.20 目标>0.8
[INFO] [1790744630.942955112] [exploration]: v=+0.00 w=-0.50 | 转向中 front=0.19 目标>0.8
[INFO] [1790744631.243659386] [exploration]: v=+0.00 w=-0.50 | 转向中 front=0.18 目标>0.8
[INFO] [1790744631.743848507] [exploration]: v=+0.00 w=-0.50 | 转向中 front=0.19 目标>0.8
[INFO] [1790744631.842850179] [exploration]: v=+0.00 w=-0.50 | 转向中 front=0.18 目标>0.8
[INFO] [1790744632.044835917] [exploration]: v=+0.00 w=-0.50 | 转向中 front=0.19 目标>0.8
[INFO] [1790744632.444517855] [exploration]: v=+0.00 w=-0.50 | 转向中 front=0.20 目标>0.8
[INFO] [1790744632.545258963] [exploration]: v=+0.00 w=-0.50 | 转向中 front=0.22 目标>0.8
[INFO] [1790744632.645019201] [exploration]: v=+0.00 w=-0.50 | 转向中 front=0.23 目标>0.8
[INFO] [1790744632.745273953] [exploration]: v=-0.08 w=+0.00 | 卡死：3.0s 内位移 < 0.05m，倒退脱困
[INFO] [1790744632.844995113] [exploration]: v=-0.08 w=+0.00 | 脱困：倒退
[INFO] [1790744634.748767060] [exploration]: v=+0.00 w=+0.00 | 脱困完成，停稳
[INFO] [1790744634.848964169] [exploration]: v=+0.00 w=-0.50 | 转向中 front=0.36 目标>0.8
[INFO] [1790744635.049387317] [exploration]: v=+0.00 w=-0.50 | 转向中 front=0.38 目标>0.8
[INFO] [1790744635.148201200] [exploration]: v=+0.00 w=+0.00 | 转向完成，停稳 front=1.13
[INFO] [1790744635.248898618] [exploration]: v=+0.20 w=+0.00 | 直行 d=1.14
[INFO] [1790744635.349282309] [exploration]: v=+0.20 w=+0.00 | 直行 d=1.13
[INFO] [1790744635.550486765] [exploration]: v=+0.20 w=+0.00 | 直行 d=1.11
[INFO] [1790744635.648919270] [exploration]: v=+0.20 w=+0.00 | 直行 d=1.10
[INFO] [1790744635.750766190] [exploration]: v=+0.20 w=+0.00 | 直行 d=1.08
[INFO] [1790744635.849080084] [exploration]: v=+0.20 w=+0.00 | 直行 d=1.06
[INFO] [1790744635.950574606] [exploration]: v=+0.20 w=+0.00 | 直行 d=1.04
[INFO] [1790744636.049617632] [exploration]: v=+0.20 w=+0.00 | 直行 d=1.02
[INFO] [1790744636.149768849] [exploration]: v=+0.20 w=+0.00 | 直行 d=0.99
[INFO] [1790744636.249849026] [exploration]: v=+0.20 w=+0.00 | 直行 d=0.98
[INFO] [1790744636.349883025] [exploration]: v=+0.20 w=+0.00 | 直行 d=0.96
[INFO] [1790744636.449897023] [exploration]: v=+0.20 w=+0.00 | 直行 d=0.95
[INFO] [1790744636.549926758] [exploration]: v=+0.20 w=+0.00 | 直行 d=0.94
[INFO] [1790744636.651214726] [exploration]: v=+0.20 w=+0.00 | 直行 d=0.93
[INFO] [1790744636.750085301] [exploration]: v=+0.20 w=+0.00 | 直行 d=0.92
[INFO] [1790744636.950290519] [exploration]: v=+0.20 w=+0.00 | 直行 d=0.91
[INFO] [1790744637.050085356] [exploration]: v=+0.20 w=+0.00 | 直行 d=0.90
[INFO] [1790744637.151256946] [exploration]: v=+0.00 w=-0.50 | 转向，由于危险 d=0.40
[INFO] [1790744637.251615924] [exploration]: v=+0.00 w=-0.50 | 转向中 front=0.30 目标>0.8
[INFO] [1790744637.351220447] [exploration]: v=+0.00 w=-0.50 | 转向中 front=0.26 目标>0.8
[INFO] [1790744637.551013654] [exploration]: v=+0.00 w=-0.50 | 转向中 front=0.29 目标>0.8
[INFO] [1790744637.652336176] [exploration]: v=+0.00 w=+0.00 | 转向完成，停稳 front=0.90
[INFO] [1790744637.751161047] [exploration]: v=+0.20 w=+0.00 | 直行 d=0.89
[INFO] [1790744637.851506505] [exploration]: v=+0.20 w=+0.00 | 直行 d=0.90
[INFO] [1790744637.951327721] [exploration]: v=+0.20 w=+0.00 | 直行 d=0.89
[INFO] [1790744638.152495283] [exploration]: v=+0.00 w=-0.50 | 转向，由于危险 d=0.40
[INFO] [1790744638.253650878] [exploration]: v=+0.00 w=-0.50 | 转向中 front=0.30 目标>0.8
[INFO] [1790744638.353565636] [exploration]: v=+0.00 w=-0.50 | 转向中 front=0.27 目标>0.8
[INFO] [1790744638.453429989] [exploration]: v=+0.00 w=-0.50 | 转向中 front=0.25 目标>0.8
[INFO] [1790744638.553637118] [exploration]: v=+0.00 w=-0.50 | 转向中 front=0.29 目标>0.8
[INFO] [1790744638.653613783] [exploration]: v=+0.00 w=+0.00 | 转向完成，停稳 front=0.88
[INFO] [1790744638.753401396] [exploration]: v=+0.20 w=+0.00 | 直行 d=0.88
[INFO] [1790744638.855166232] [exploration]: v=+0.20 w=+0.00 | 直行 d=0.89
[INFO] [1790744638.953251252] [exploration]: v=+0.20 w=+0.00 | 直行 d=0.88
[INFO] [1790744639.052598763] [exploration]: v=+0.20 w=+0.00 | 直行 d=0.89
[INFO] [1790744639.152923563] [exploration]: v=+0.00 w=-0.50 | 转向，由于危险 d=0.40
[INFO] [1790744639.253101445] [exploration]: v=+0.00 w=-0.50 | 转向中 front=0.28 目标>0.8
[INFO] [1790744639.354575966] [exploration]: v=+0.00 w=-0.50 | 转向中 front=0.27 目标>0.8
[INFO] [1790744639.552817770] [exploration]: v=+0.00 w=+0.00 | 转向完成，停稳 front=0.89
[INFO] [1790744639.655253271] [exploration]: v=+0.00 w=-0.50 | 转向，由于危险 d=0.40
[INFO] [1790744639.753623086] [exploration]: v=+0.00 w=+0.00 | 转向完成，停稳 front=0.89
[INFO] [1790744639.854418399] [exploration]: v=+0.20 w=+0.00 | 直行 d=0.88
[INFO] [1790744639.953817474] [exploration]: v=+0.20 w=+0.00 | 直行 d=0.91
[INFO] [1790744640.054632735] [exploration]: v=+0.20 w=+0.00 | 直行 d=0.89
[INFO] [1790744640.154522377] [exploration]: v=+0.20 w=+0.00 | 直行 d=0.90
[INFO] [1790744640.253686143] [exploration]: v=+0.00 w=-0.50 | 转向，由于危险 d=0.40
[INFO] [1790744640.354967971] [exploration]: v=+0.00 w=+0.00 | 转向完成，停稳 front=0.89
[INFO] [1790744640.454644441] [exploration]: v=+0.00 w=-0.50 | 转向，由于危险 d=0.30
[INFO] [1790744640.554303965] [exploration]: v=+0.00 w=-0.50 | 转向中 front=0.26 目标>0.8
[INFO] [1790744640.654349010] [exploration]: v=+0.00 w=+0.00 | 转向完成，停稳 front=0.90
[INFO] [1790744640.754929730] [exploration]: v=+0.00 w=-0.50 | 转向，由于危险 d=0.40
[INFO] [1790744640.855005083] [exploration]: v=+0.00 w=+0.00 | 转向完成，停稳 front=0.89
[INFO] [1790744640.955392818] [exploration]: v=+0.20 w=+0.00 | 直行 d=0.90
[INFO] [1790744641.155661688] [exploration]: v=+0.20 w=+0.00 | 直行 d=0.91
[INFO] [1790744641.457044811] [exploration]: v=+0.00 w=-0.50 | 转向，由于危险 d=0.40
[INFO] [1790744641.557417081] [exploration]: v=+0.00 w=+0.00 | 转向完成，停稳 front=0.92
[INFO] [1790744641.655241334] [exploration]: v=+0.00 w=-0.50 | 转向，由于危险 d=0.27
[INFO] [1790744641.756484542] [exploration]: v=+0.00 w=-0.50 | 转向中 front=0.27 目标>0.8
[INFO] [1790744641.856061930] [exploration]: v=+0.00 w=+0.00 | 转向完成，停稳 front=0.92
[INFO] [1790744641.956971916] [exploration]: v=+0.20 w=+0.00 | 直行 d=0.91
[INFO] [1790744642.058784714] [exploration]: v=+0.20 w=+0.00 | 直行 d=0.92
[INFO] [1790744642.256734988] [exploration]: v=+0.00 w=-0.50 | 转向，由于危险 d=0.40
[INFO] [1790744642.357477401] [exploration]: v=+0.00 w=+0.00 | 转向完成，停稳 front=0.94
[INFO] [1790744642.458632842] [exploration]: v=+0.00 w=-0.50 | 转向，由于危险 d=0.40
[INFO] [1790744642.558273864] [exploration]: v=+0.00 w=-0.50 | 转向中 front=0.29 目标>0.8
[INFO] [1790744642.657749701] [exploration]: v=+0.00 w=+0.00 | 转向完成，停稳 front=0.94
[INFO] [1790744642.758142854] [exploration]: v=+0.20 w=+0.00 | 直行 d=0.94
[INFO] [1790744643.158697161] [exploration]: v=+0.00 w=-0.50 | 转向，由于危险 d=0.40
[INFO] [1790744643.260588882] [exploration]: v=+0.00 w=+0.00 | 转向完成，停稳 front=0.99
[INFO] [1790744643.359156138] [exploration]: v=+0.00 w=-0.50 | 转向，由于危险 d=0.40
[INFO] [1790744643.460881894] [exploration]: v=+0.00 w=+0.00 | 转向完成，停稳 front=0.98
[INFO] [1790744643.560825661] [exploration]: v=+0.00 w=-0.50 | 转向，由于危险 d=0.40
[INFO] [1790744643.660817827] [exploration]: v=+0.00 w=+0.00 | 转向完成，停稳 front=1.00
[INFO] [1790744643.760863773] [exploration]: v=+0.20 w=+0.00 | 直行 d=0.98
[INFO] [1790744644.060477451] [exploration]: v=+0.20 w=+0.00 | 直行 d=1.02
[INFO] [1790744644.161153928] [exploration]: v=+0.20 w=+0.00 | 直行 d=1.01
[INFO] [1790744644.260539928] [exploration]: v=+0.00 w=-0.50 | 转向，由于危险 d=0.40
[INFO] [1790744644.361843806] [exploration]: v=+0.00 w=+0.00 | 转向完成，停稳 front=1.03
[INFO] [1790744644.460773201] [exploration]: v=+0.00 w=-0.50 | 转向，由于危险 d=0.29
[INFO] [1790744644.561840924] [exploration]: v=+0.00 w=-0.50 | 转向中 front=0.29 目标>0.8
[INFO] [1790744644.661445596] [exploration]: v=+0.00 w=+0.00 | 转向完成，停稳 front=1.04
[INFO] [1790744644.762116419] [exploration]: v=+0.20 w=+0.00 | 直行 d=1.07
[INFO] [1790744644.861717553] [exploration]: v=+0.20 w=+0.00 | 直行 d=1.04
[INFO] [1790744645.061111621] [exploration]: v=+0.20 w=+0.00 | 直行 d=1.09
[INFO] [1790744645.160923581] [exploration]: v=+0.00 w=-0.50 | 转向，由于危险 d=0.40
[INFO] [1790744645.261147249] [exploration]: v=+0.00 w=-0.50 | 转向中 front=0.28 目标>0.8
[INFO] [1790744645.461616131] [exploration]: v=+0.00 w=-0.50 | 转向中 front=0.27 目标>0.8
[INFO] [1790744645.563725335] [exploration]: v=+0.00 w=-0.50 | 转向中 front=0.31 目标>0.8
[INFO] [1790744645.662831893] [exploration]: v=+0.00 w=+0.00 | 转向完成，停稳 front=1.14
[INFO] [1790744645.763252905] [exploration]: v=+0.20 w=+0.00 | 直行 d=1.14
[INFO] [1790744645.863354917] [exploration]: v=+0.20 w=+0.00 | 直行 d=1.15
[INFO] [1790744645.963958912] [exploration]: v=+0.20 w=+0.00 | 直行 d=1.14
[INFO] [1790744646.063530145] [exploration]: v=+0.20 w=+0.00 | 直行 d=1.18
[INFO] [1790744646.163467680] [exploration]: v=+0.20 w=+0.00 | 直行 d=1.22
[INFO] [1790744646.264904882] [exploration]: v=+0.00 w=-0.50 | 转向，由于危险 d=0.40
[INFO] [1790744646.364702280] [exploration]: v=+0.00 w=-0.50 | 转向中 front=0.31 目标>0.8
[INFO] [1790744646.464316874] [exploration]: v=+0.00 w=-0.50 | 转向中 front=0.28 目标>0.8
[INFO] [1790744646.664152426] [exploration]: v=+0.00 w=+0.00 | 转向完成，停稳 front=1.29
[INFO] [1790744646.764216346] [exploration]: v=+0.20 w=+0.00 | 直行 d=1.28
[INFO] [1790744646.865633019] [exploration]: v=+0.20 w=+0.00 | 直行 d=1.26
[INFO] [1790744646.964591998] [exploration]: v=+0.20 w=+0.00 | 直行 d=1.28
[INFO] [1790744647.064936918] [exploration]: v=+0.00 w=-0.50 | 转向，由于危险 d=0.40
[INFO] [1790744647.164896379] [exploration]: v=+0.00 w=+0.00 | 转向完成，停稳 front=1.38
[INFO] [1790744647.265269628] [exploration]: v=+0.00 w=-0.50 | 转向，由于危险 d=0.40
[INFO] [1790744647.365383219] [exploration]: v=+0.00 w=+0.00 | 转向完成，停稳 front=1.38
[INFO] [1790744647.465939240] [exploration]: v=+0.00 w=-0.50 | 转向，由于危险 d=0.40
[INFO] [1790744647.565164257] [exploration]: v=+0.00 w=+0.00 | 转向完成，停稳 front=1.40
[INFO] [1790744647.664882802] [exploration]: v=+0.20 w=+0.00 | 直行 d=1.38
[INFO] [1790744647.766613876] [exploration]: v=+0.20 w=+0.00 | 直行 d=1.42
[INFO] [1790744647.866933381] [exploration]: v=+0.20 w=+0.00 | 直行 d=1.37
[INFO] [1790744647.966599593] [exploration]: v=+0.20 w=+0.00 | 直行 d=1.44
[INFO] [1790744648.066431782] [exploration]: v=+0.20 w=+0.00 | 直行 d=1.47
[INFO] [1790744648.166048181] [exploration]: v=+0.20 w=+0.00 | 直行 d=1.54
[INFO] [1790744648.266576811] [exploration]: v=+0.00 w=+0.50 | 转向，由于危险 d=0.40
[INFO] [1790744648.366522590] [exploration]: v=+0.00 w=+0.00 | 转向完成，停稳 front=1.54
[INFO] [1790744648.467089355] [exploration]: v=+0.00 w=+0.50 | 转向，由于危险 d=0.29
[INFO] [1790744648.568505629] [exploration]: v=+0.00 w=+0.50 | 转向中 front=0.28 目标>0.8
[INFO] [1790744648.667209260] [exploration]: v=+0.00 w=+0.50 | 转向中 front=0.26 目标>0.8
[INFO] [1790744648.768127111] [exploration]: v=+0.00 w=+0.50 | 转向中 front=0.24 目标>0.8
[INFO] [1790744648.867208119] [exploration]: v=+0.00 w=+0.50 | 转向中 front=0.21 目标>0.8
[INFO] [1790744648.967435769] [exploration]: v=+0.00 w=+0.50 | 转向中 front=0.20 目标>0.8
[INFO] [1790744649.067536177] [exploration]: v=+0.00 w=+0.50 | 转向中 front=0.21 目标>0.8
[INFO] [1790744649.268218459] [exploration]: v=+0.00 w=+0.50 | 转向中 front=0.19 目标>0.8
[INFO] [1790744649.368102725] [exploration]: v=-0.08 w=+0.00 | 卡死：3.0s 内位移 < 0.05m，倒退脱困
[INFO] [1790744649.467303006] [exploration]: v=-0.08 w=+0.00 | 脱困：倒退
[INFO] [1790744651.371231479] [exploration]: v=+0.00 w=+0.00 | 脱困完成，停稳
[INFO] [1790744651.470618754] [exploration]: v=+0.00 w=+0.50 | 转向中 front=0.14 目标>0.8
[INFO] [1790744651.571826455] [exploration]: v=+0.00 w=+0.50 | 转向中 front=0.13 目标>0.8
[INFO] [1790744651.771981385] [exploration]: v=+0.00 w=+0.50 | 转向中 front=0.34 目标>0.8
[INFO] [1790744651.872056501] [exploration]: v=+0.00 w=+0.50 | 转向中 front=0.14 目标>0.8
[INFO] [1790744651.972209618] [exploration]: v=+0.00 w=+0.50 | 转向中 front=0.35 目标>0.8
[INFO] [1790744652.072507027] [exploration]: v=+0.00 w=+0.50 | 转向中 front=0.34 目标>0.8
[INFO] [1790744652.172266950] [exploration]: v=+0.00 w=+0.50 | 转向中 front=0.35 目标>0.8
[INFO] [1790744652.472838541] [exploration]: v=+0.00 w=+0.50 | 转向中 front=0.36 目标>0.8
[INFO] [1790744652.572891136] [exploration]: v=+0.00 w=+0.50 | 转向中 front=0.35 目标>0.8
[INFO] [1790744652.674316982] [exploration]: v=+0.00 w=+0.50 | 转向中 front=0.38 目标>0.8
[INFO] [1790744652.773300436] [exploration]: v=+0.00 w=+0.50 | 转向中 front=0.39 目标>0.8
[INFO] [1790744652.873252784] [exploration]: v=+0.00 w=+0.50 | 转向中 front=0.43 目标>0.8
[INFO] [1790744652.973904213] [exploration]: v=+0.00 w=+0.00 | 转向完成，停稳 front=1.05
[INFO] [1790744653.074993588] [exploration]: v=+0.20 w=+0.00 | 直行 d=1.06
[INFO] [1790744653.173769460] [exploration]: v=+0.20 w=+0.00 | 直行 d=1.07
[INFO] [1790744653.273557103] [exploration]: v=+0.20 w=+0.00 | 直行 d=1.05
[INFO] [1790744653.473701474] [exploration]: v=+0.20 w=+0.00 | 直行 d=1.03
[INFO] [1790744653.573465316] [exploration]: v=+0.20 w=+0.00 | 直行 d=1.01
[INFO] [1790744653.674805760] [exploration]: v=+0.20 w=+0.00 | 直行 d=0.98
[INFO] [1790744653.775319604] [exploration]: v=+0.20 w=+0.00 | 直行 d=0.97
[INFO] [1790744653.875233794] [exploration]: v=+0.20 w=+0.00 | 直行 d=0.96
[INFO] [1790744653.975684080] [exploration]: v=+0.20 w=+0.00 | 直行 d=0.93
[INFO] [1790744654.073814304] [exploration]: v=+0.20 w=+0.00 | 直行 d=0.90
[INFO] [1790744654.173308398] [exploration]: v=+0.20 w=+0.00 | 直行 d=0.89
[INFO] [1790744654.273667220] [exploration]: v=+0.20 w=+0.00 | 直行 d=0.87
[INFO] [1790744654.373641498] [exploration]: v=+0.20 w=+0.00 | 直行 d=0.86
[INFO] [1790744654.473814273] [exploration]: v=+0.20 w=+0.00 | 直行 d=0.87
[INFO] [1790744654.574374216] [exploration]: v=+0.20 w=+0.00 | 直行 d=0.88
[INFO] [1790744654.876931602] [exploration]: v=+0.20 w=+0.00 | 直行 d=0.90
[INFO] [1790744654.976657786] [exploration]: v=+0.20 w=+0.00 | 直行 d=0.91
[INFO] [1790744655.075774545] [exploration]: v=+0.20 w=+0.00 | 直行 d=0.94
[INFO] [1790744655.176091949] [exploration]: v=+0.20 w=+0.00 | 直行 d=0.96
[INFO] [1790744655.276230156] [exploration]: v=+0.20 w=+0.00 | 直行 d=0.97
[INFO] [1790744655.378122020] [exploration]: v=+0.20 w=+0.00 | 直行 d=1.01
[INFO] [1790744655.477236882] [exploration]: v=+0.20 w=+0.00 | 直行 d=1.03
[INFO] [1790744655.577491287] [exploration]: v=+0.20 w=+0.00 | 直行 d=1.05
[INFO] [1790744655.677337161] [exploration]: v=+0.20 w=+0.00 | 直行 d=1.06
[INFO] [1790744655.777441073] [exploration]: v=+0.00 w=+0.50 | 转向，由于危险 d=0.40
[INFO] [1790744655.877483934] [exploration]: v=+0.00 w=+0.00 | 转向完成，停稳 front=1.09
[INFO] [1790744655.978612099] [exploration]: v=+0.00 w=+0.50 | 转向，由于危险 d=0.28
[INFO] [1790744656.076933316] [exploration]: v=+0.00 w=+0.50 | 转向中 front=0.26 目标>0.8
[INFO] [1790744656.178441249] [exploration]: v=+0.00 w=+0.00 | 转向完成，停稳 front=1.09
[INFO] [1790744656.278333571] [exploration]: v=+0.20 w=+0.00 | 直行 d=1.11
[INFO] [1790744656.379838365] [exploration]: v=+0.20 w=+0.00 | 直行 d=1.10
[INFO] [1790744656.479261955] [exploration]: v=+0.20 w=+0.00 | 直行 d=1.09
[INFO] [1790744656.578087444] [exploration]: v=+0.00 w=+0.50 | 转向，由于危险 d=0.40
[INFO] [1790744656.678931035] [exploration]: v=+0.00 w=+0.00 | 转向完成，停稳 front=1.12
[INFO] [1790744656.779586210] [exploration]: v=+0.00 w=+0.50 | 转向，由于危险 d=0.30
[INFO] [1790744656.879344395] [exploration]: v=+0.00 w=+0.50 | 转向中 front=0.28 目标>0.8
[INFO] [1790744656.979797863] [exploration]: v=+0.00 w=+0.00 | 转向完成，停稳 front=1.16
[INFO] [1790744657.079917471] [exploration]: v=+0.20 w=+0.00 | 直行 d=1.15
[INFO] [1790744657.278942947] [exploration]: v=+0.20 w=+0.00 | 直行 d=1.16
[INFO] [1790744657.379245743] [exploration]: v=+0.20 w=+0.00 | 直行 d=1.19
[INFO] [1790744657.479186584] [exploration]: v=+0.00 w=+0.50 | 转向，由于危险 d=0.40
[INFO] [1790744657.580316587] [exploration]: v=+0.00 w=+0.50 | 转向中 front=0.27 目标>0.8
[INFO] [1790744657.679797010] [exploration]: v=+0.00 w=+0.50 | 转向中 front=0.26 目标>0.8
[INFO] [1790744657.780168027] [exploration]: v=+0.00 w=+0.50 | 转向中 front=0.27 目标>0.8
[INFO] [1790744657.881459585] [exploration]: v=+0.00 w=+0.50 | 转向中 front=0.28 目标>0.8
[INFO] [1790744657.980285306] [exploration]: v=+0.00 w=+0.00 | 转向完成，停稳 front=1.25
[INFO] [1790744658.080237089] [exploration]: v=+0.20 w=+0.00 | 直行 d=1.22
[INFO] [1790744658.180428512] [exploration]: v=+0.20 w=+0.00 | 直行 d=1.23
[INFO] [1790744658.280894064] [exploration]: v=+0.20 w=+0.00 | 直行 d=1.26
[INFO] [1790744658.481200807] [exploration]: v=+0.20 w=+0.00 | 直行 d=1.31
[INFO] [1790744658.582559064] [exploration]: v=+0.00 w=+0.50 | 转向，由于危险 d=0.40
[INFO] [1790744658.682149476] [exploration]: v=+0.00 w=+0.50 | 转向中 front=0.27 目标>0.8
[INFO] [1790744658.782550774] [exploration]: v=+0.00 w=+0.50 | 转向中 front=0.26 目标>0.8
[INFO] [1790744658.982337993] [exploration]: v=+0.00 w=+0.50 | 转向中 front=0.29 目标>0.8
[INFO] [1790744659.081554552] [exploration]: v=+0.00 w=+0.00 | 转向完成，停稳 front=1.37
[INFO] [1790744659.181598609] [exploration]: v=+0.20 w=+0.00 | 直行 d=1.35
[INFO] [1790744659.282706351] [exploration]: v=+0.20 w=+0.00 | 直行 d=1.32
[INFO] [1790744659.383481969] [exploration]: v=+0.20 w=+0.00 | 直行 d=1.38
[INFO] [1790744659.482156262] [exploration]: v=+0.20 w=+0.00 | 直行 d=1.36
[INFO] [1790744659.583413063] [exploration]: v=+0.20 w=+0.00 | 直行 d=1.40
[INFO] [1790744659.682558098] [exploration]: v=+0.20 w=+0.00 | 直行 d=1.47
[INFO] [1790744659.783220053] [exploration]: v=+0.20 w=+0.00 | 直行 d=1.48
[INFO] [1790744659.884143613] [exploration]: v=+0.00 w=+0.50 | 转向，由于危险 d=0.31
[INFO] [1790744659.984743168] [exploration]: v=+0.00 w=+0.50 | 转向中 front=0.28 目标>0.8
[INFO] [1790744660.084735400] [exploration]: v=+0.00 w=+0.50 | 转向中 front=0.26 目标>0.8
[INFO] [1790744660.284830441] [exploration]: v=+0.00 w=+0.50 | 转向中 front=0.28 目标>0.8
[INFO] [1790744660.385161427] [exploration]: v=+0.00 w=+0.00 | 转向完成，停稳 front=1.61
[INFO] [1790744660.485586809] [exploration]: v=+0.20 w=+0.00 | 直行 d=1.55
[INFO] [1790744660.583611635] [exploration]: v=+0.20 w=+0.00 | 直行 d=1.51
[INFO] [1790744660.683448074] [exploration]: v=+0.20 w=+0.00 | 直行 d=1.58
[INFO] [1790744660.784409355] [exploration]: v=+0.20 w=+0.00 | 直行 d=1.60
[INFO] [1790744660.884860350] [exploration]: v=+0.00 w=+0.50 | 转向，由于危险 d=0.30
[INFO] [1790744660.987089795] [exploration]: v=+0.00 w=+0.50 | 转向中 front=0.25 目标>0.8
[INFO] [1790744661.085870558] [exploration]: v=+0.00 w=+0.50 | 转向中 front=0.24 目标>0.8
[INFO] [1790744661.285745507] [exploration]: v=+0.00 w=+0.50 | 转向中 front=0.26 目标>0.8
[INFO] [1790744661.386194759] [exploration]: v=+0.00 w=+0.50 | 转向中 front=0.30 目标>0.8
[INFO] [1790744661.484900370] [exploration]: v=+0.00 w=+0.00 | 转向完成，停稳 front=1.87
[INFO] [1790744661.585680809] [exploration]: v=+0.20 w=+0.00 | 直行 d=1.71
[INFO] [1790744661.685835078] [exploration]: v=+0.20 w=+0.00 | 直行 d=1.66
[INFO] [1790744661.786866554] [exploration]: v=+0.20 w=+0.00 | 直行 d=1.75
[INFO] [1790744661.886599472] [exploration]: v=+0.20 w=+0.00 | 直行 d=1.87
[INFO] [1790744661.985556779] [exploration]: v=+0.20 w=+0.00 | 直行 d=1.88
[INFO] [1790744662.085700501] [exploration]: v=+0.00 w=-0.50 | 转向，由于危险 d=0.30
[INFO] [1790744662.187789350] [exploration]: v=+0.00 w=-0.50 | 转向中 front=0.26 目标>0.8
[INFO] [1790744662.286198472] [exploration]: v=+0.00 w=-0.50 | 转向中 front=0.25 目标>0.8
[INFO] [1790744662.486722253] [exploration]: v=+0.00 w=-0.50 | 转向中 front=0.14 目标>0.8
[INFO] [1790744662.586743247] [exploration]: v=+0.00 w=-0.50 | 转向中 front=0.22 目标>0.8
[INFO] [1790744662.788156180] [exploration]: v=+0.00 w=-0.50 | 转向中 front=0.20 目标>0.8
[INFO] [1790744662.888388609] [exploration]: v=+0.00 w=-0.50 | 转向中 front=0.19 目标>0.8
[INFO] [1790744662.988503552] [exploration]: v=+0.00 w=-0.50 | 转向中 front=0.20 目标>0.8
[INFO] [1790744663.087565996] [exploration]: v=+0.00 w=-0.50 | 转向中 front=0.19 目标>0.8
[INFO] [1790744663.188927521] [exploration]: v=+0.00 w=-0.50 | 转向中 front=0.18 目标>0.8
[INFO] [1790744663.289203296] [exploration]: v=+0.00 w=-0.50 | 转向中 front=0.19 目标>0.8
[INFO] [1790744663.487599720] [exploration]: v=+0.00 w=-0.50 | 转向中 front=0.18 目标>0.8
[INFO] [1790744663.789727400] [exploration]: v=+0.00 w=-0.50 | 转向中 front=0.19 目标>0.8
[INFO] [1790744663.989120385] [exploration]: v=+0.00 w=-0.50 | 转向中 front=0.18 目标>0.8
[INFO] [1790744664.189889174] [exploration]: v=+0.00 w=-0.50 | 转向中 front=0.19 目标>0.8
[INFO] [1790744664.390075780] [exploration]: v=+0.00 w=-0.50 | 转向中 front=0.20 目标>0.8
[INFO] [1790744664.589916213] [exploration]: v=+0.00 w=-0.50 | 转向中 front=0.21 目标>0.8
[INFO] [1790744664.891359256] [exploration]: v=-0.08 w=+0.00 | 卡死：3.0s 内位移 < 0.05m，倒退脱困
[INFO] [1790744664.992057118] [exploration]: v=-0.08 w=+0.00 | 脱困：倒退
[INFO] [1790744666.894664343] [exploration]: v=+0.00 w=+0.00 | 脱困完成，停稳
[INFO] [1790744666.995079920] [exploration]: v=+0.00 w=-0.50 | 转向中 front=0.37 目标>0.8
[INFO] [1790744667.094363825] [exploration]: v=+0.00 w=-0.50 | 转向中 front=0.35 目标>0.8
[INFO] [1790744667.194505448] [exploration]: v=+0.00 w=-0.50 | 转向中 front=0.39 目标>0.8
[INFO] [1790744667.294764217] [exploration]: v=+0.00 w=+0.00 | 转向完成，停稳 front=1.13
[INFO] [1790744667.395015067] [exploration]: v=+0.20 w=+0.00 | 直行 d=1.15
[INFO] [1790744667.494729644] [exploration]: v=+0.20 w=+0.00 | 直行 d=1.14
[INFO] [1790744667.595510323] [exploration]: v=+0.20 w=+0.00 | 直行 d=1.15
[INFO] [1790744667.695024957] [exploration]: v=+0.20 w=+0.00 | 直行 d=1.13
[INFO] [1790744667.794965173] [exploration]: v=+0.20 w=+0.00 | 直行 d=1.10
[INFO] [1790744667.895858845] [exploration]: v=+0.20 w=+0.00 | 直行 d=1.07
[INFO] [1790744667.995619086] [exploration]: v=+0.20 w=+0.00 | 直行 d=1.06
[INFO] [1790744668.095282889] [exploration]: v=+0.20 w=+0.00 | 直行 d=1.05
[INFO] [1790744668.195277205] [exploration]: v=+0.20 w=+0.00 | 直行 d=1.03
[INFO] [1790744668.296346110] [exploration]: v=+0.20 w=+0.00 | 直行 d=1.01
[INFO] [1790744668.396337580] [exploration]: v=+0.20 w=+0.00 | 直行 d=0.99
[INFO] [1790744668.496319528] [exploration]: v=+0.20 w=+0.00 | 直行 d=0.97
[INFO] [1790744668.596971519] [exploration]: v=+0.20 w=+0.00 | 直行 d=0.96
[INFO] [1790744668.696975345] [exploration]: v=+0.20 w=+0.00 | 直行 d=0.95
[INFO] [1790744668.896503612] [exploration]: v=+0.20 w=+0.00 | 直行 d=0.93
[INFO] [1790744668.997701246] [exploration]: v=+0.20 w=+0.00 | 直行 d=0.92
[INFO] [1790744669.097223761] [exploration]: v=+0.20 w=+0.00 | 直行 d=0.91
[INFO] [1790744669.196983691] [exploration]: v=+0.00 w=-0.50 | 转向，由于危险 d=0.40
[INFO] [1790744669.297209169] [exploration]: v=+0.00 w=-0.50 | 转向中 front=0.30 目标>0.8
[INFO] [1790744669.396929386] [exploration]: v=+0.00 w=-0.50 | 转向中 front=0.26 目标>0.8
[INFO] [1790744669.598209022] [exploration]: v=+0.00 w=-0.50 | 转向中 front=0.28 目标>0.8
[INFO] [1790744669.698205682] [exploration]: v=+0.00 w=+0.00 | 转向完成，停稳 front=0.88
[INFO] [1790744669.797976147] [exploration]: v=+0.00 w=-0.50 | 转向，由于危险 d=0.40
[INFO] [1790744669.898252742] [exploration]: v=+0.00 w=+0.00 | 转向完成，停稳 front=0.90
[INFO] [1790744669.998778946] [exploration]: v=+0.20 w=+0.00 | 直行 d=0.90
[INFO] [1790744670.099058364] [exploration]: v=+0.20 w=+0.00 | 直行 d=0.91
[INFO] [1790744670.300290696] [exploration]: v=+0.20 w=+0.00 | 直行 d=0.90
[INFO] [1790744670.399863028] [exploration]: v=+0.00 w=-0.50 | 转向，由于危险 d=0.40
[INFO] [1790744670.499454170] [exploration]: v=+0.00 w=-0.50 | 转向中 front=0.29 目标>0.8
[INFO] [1790744670.599150959] [exploration]: v=+0.00 w=-0.50 | 转向中 front=0.27 目标>0.8
[INFO] [1790744670.799142965] [exploration]: v=+0.00 w=-0.50 | 转向中 front=0.30 目标>0.8
[INFO] [1790744670.899918721] [exploration]: v=+0.00 w=+0.00 | 转向完成，停稳 front=0.89
[INFO] [1790744671.000470168] [exploration]: v=+0.20 w=+0.00 | 直行 d=0.89
[INFO] [1790744671.300386835] [exploration]: v=+0.20 w=+0.00 | 直行 d=0.88
[INFO] [1790744671.401543917] [exploration]: v=+0.00 w=-0.50 | 转向，由于危险 d=0.40
[INFO] [1790744671.500409028] [exploration]: v=+0.00 w=-0.50 | 转向中 front=0.29 目标>0.8
[INFO] [1790744671.600796063] [exploration]: v=+0.00 w=-0.50 | 转向中 front=0.27 目标>0.8
[INFO] [1790744671.700252078] [exploration]: v=+0.00 w=-0.50 | 转向中 front=0.28 目标>0.8
[INFO] [1790744671.801910679] [exploration]: v=+0.00 w=+0.00 | 转向完成，停稳 front=0.89
[INFO] [1790744671.902317586] [exploration]: v=+0.00 w=-0.50 | 转向，由于危险 d=0.40
[INFO] [1790744672.001474108] [exploration]: v=+0.00 w=+0.00 | 转向完成，停稳 front=0.89
[INFO] [1790744672.101176003] [exploration]: v=+0.20 w=+0.00 | 直行 d=0.88
[INFO] [1790744672.201396020] [exploration]: v=+0.20 w=+0.00 | 直行 d=0.90
[INFO] [1790744672.301205457] [exploration]: v=+0.20 w=+0.00 | 直行 d=0.88
[INFO] [1790744672.401336158] [exploration]: v=+0.20 w=+0.00 | 直行 d=0.89
[INFO] [1790744672.502015124] [exploration]: v=+0.00 w=-0.50 | 转向，由于危险 d=0.40
[INFO] [1790744672.602644110] [exploration]: v=+0.00 w=+0.00 | 转向完成，停稳 front=0.89
[INFO] [1790744672.702090356] [exploration]: v=+0.00 w=-0.50 | 转向，由于危险 d=0.28
[INFO] [1790744672.802524599] [exploration]: v=+0.00 w=-0.50 | 转向中 front=0.28 目标>0.8
[INFO] [1790744672.901981860] [exploration]: v=+0.00 w=+0.00 | 转向完成，停稳 front=0.89
[INFO] [1790744673.002675656] [exploration]: v=+0.20 w=+0.00 | 直行 d=0.89
[INFO] [1790744673.102616935] [exploration]: v=+0.20 w=+0.00 | 直行 d=0.90
[INFO] [1790744673.303017230] [exploration]: v=+0.00 w=-0.50 | 转向，由于危险 d=0.40
[INFO] [1790744673.403430451] [exploration]: v=+0.00 w=+0.00 | 转向完成，停稳 front=0.90
[INFO] [1790744673.503413335] [exploration]: v=+0.00 w=-0.50 | 转向，由于危险 d=0.27
[INFO] [1790744673.602523893] [exploration]: v=+0.00 w=-0.50 | 转向中 front=0.27 目标>0.8
[INFO] [1790744673.702354108] [exploration]: v=+0.00 w=+0.00 | 转向完成，停稳 front=0.90
[INFO] [1790744673.803017591] [exploration]: v=+0.20 w=+0.00 | 直行 d=0.91
[INFO] [1790744674.103964922] [exploration]: v=+0.00 w=-0.50 | 转向，由于危险 d=0.40
[INFO] [1790744674.204659602] [exploration]: v=+0.00 w=+0.00 | 转向完成，停稳 front=0.91
[INFO] [1790744674.304418599] [exploration]: v=+0.00 w=-0.50 | 转向，由于危险 d=0.29
[INFO] [1790744674.404253925] [exploration]: v=+0.00 w=-0.50 | 转向中 front=0.28 目标>0.8
[INFO] [1790744674.504457929] [exploration]: v=+0.00 w=+0.00 | 转向完成，停稳 front=0.90
[INFO] [1790744674.604003350] [exploration]: v=+0.20 w=+0.00 | 直行 d=0.92
[INFO] [1790744674.704976344] [exploration]: v=+0.20 w=+0.00 | 直行 d=0.90
[INFO] [1790744674.805447959] [exploration]: v=+0.20 w=+0.00 | 直行 d=0.92
[INFO] [1790744674.905660200] [exploration]: v=+0.00 w=-0.50 | 转向，由于危险 d=0.40
[INFO] [1790744675.005353541] [exploration]: v=+0.00 w=+0.00 | 转向完成，停稳 front=0.92
[INFO] [1790744675.105247395] [exploration]: v=+0.00 w=-0.50 | 转向，由于危险 d=0.29
[INFO] [1790744675.206309966] [exploration]: v=+0.00 w=-0.50 | 转向中 front=0.27 目标>0.8
[INFO] [1790744675.306056385] [exploration]: v=+0.00 w=+0.00 | 转向完成，停稳 front=0.92
[INFO] [1790744675.405567903] [exploration]: v=+0.20 w=+0.00 | 直行 d=0.92
[INFO] [1790744675.506075719] [exploration]: v=+0.20 w=+0.00 | 直行 d=0.94
[INFO] [1790744675.805878780] [exploration]: v=+0.00 w=-0.50 | 转向，由于危险 d=0.40
[INFO] [1790744675.906910426] [exploration]: v=+0.00 w=+0.00 | 转向完成，停稳 front=0.95
[INFO] [1790744676.006209702] [exploration]: v=+0.00 w=-0.50 | 转向，由于危险 d=0.40
[INFO] [1790744676.106722637] [exploration]: v=+0.00 w=+0.00 | 转向完成，停稳 front=0.98
[INFO] [1790744676.206234654] [exploration]: v=+0.00 w=-0.50 | 转向，由于危险 d=0.40
[INFO] [1790744676.307139554] [exploration]: v=+0.00 w=+0.00 | 转向完成，停稳 front=0.96
[INFO] [1790744676.408783746] [exploration]: v=+0.20 w=+0.00 | 直行 d=0.98
[INFO] [1790744676.508490185] [exploration]: v=+0.20 w=+0.00 | 直行 d=0.97
[INFO] [1790744676.608111954] [exploration]: v=+0.20 w=+0.00 | 直行 d=0.96
[INFO] [1790744676.707953036] [exploration]: v=+0.20 w=+0.00 | 直行 d=0.98
[INFO] [1790744676.808263894] [exploration]: v=+0.20 w=+0.00 | 直行 d=1.01
[INFO] [1790744676.908497304] [exploration]: v=+0.00 w=-0.50 | 转向，由于危险 d=0.40
[INFO] [1790744677.008519767] [exploration]: v=+0.00 w=+0.00 | 转向完成，停稳 front=1.00
[INFO] [1790744677.108566973] [exploration]: v=+0.00 w=-0.50 | 转向，由于危险 d=0.28
[INFO] [1790744677.209092036] [exploration]: v=+0.00 w=-0.50 | 转向中 front=0.27 目标>0.8
[INFO] [1790744677.308954127] [exploration]: v=+0.00 w=+0.00 | 转向完成，停稳 front=1.03
[INFO] [1790744677.409835104] [exploration]: v=+0.20 w=+0.00 | 直行 d=1.04
[INFO] [1790744677.508769034] [exploration]: v=+0.20 w=+0.00 | 直行 d=1.03
[INFO] [1790744677.709423290] [exploration]: v=+0.00 w=-0.50 | 转向，由于危险 d=0.40
[INFO] [1790744677.809585653] [exploration]: v=+0.00 w=+0.00 | 转向完成，停稳 front=1.05
[INFO] [1790744677.910318325] [exploration]: v=+0.00 w=-0.50 | 转向，由于危险 d=0.29
[INFO] [1790744678.010291535] [exploration]: v=+0.00 w=-0.50 | 转向中 front=0.27 目标>0.8
[INFO] [1790744678.110392436] [exploration]: v=+0.00 w=+0.00 | 转向完成，停稳 front=1.09
[INFO] [1790744678.210143230] [exploration]: v=+0.20 w=+0.00 | 直行 d=1.08
[INFO] [1790744678.310365210] [exploration]: v=+0.20 w=+0.00 | 直行 d=1.10
[INFO] [1790744678.410111871] [exploration]: v=+0.20 w=+0.00 | 直行 d=1.08
[INFO] [1790744678.510297568] [exploration]: v=+0.20 w=+0.00 | 直行 d=1.09
[INFO] [1790744678.610139751] [exploration]: v=+0.00 w=-0.50 | 转向，由于危险 d=0.40
[INFO] [1790744678.711584661] [exploration]: v=+0.00 w=-0.50 | 转向中 front=0.29 目标>0.8
[INFO] [1790744678.811227998] [exploration]: v=+0.00 w=-0.50 | 转向中 front=0.27 目标>0.8
[INFO] [1790744678.911303519] [exploration]: v=+0.00 w=-0.50 | 转向中 front=0.26 目标>0.8
[INFO] [1790744679.010939088] [exploration]: v=+0.00 w=+0.00 | 转向完成，停稳 front=1.19
[INFO] [1790744679.113511663] [exploration]: v=+0.00 w=-0.50 | 转向，由于危险 d=0.40
[INFO] [1790744679.210950985] [exploration]: v=+0.00 w=+0.00 | 转向完成，停稳 front=1.16
[INFO] [1790744679.311026980] [exploration]: v=+0.20 w=+0.00 | 直行 d=1.16
[INFO] [1790744679.410858701] [exploration]: v=+0.20 w=+0.00 | 直行 d=1.17
[INFO] [1790744679.511830504] [exploration]: v=+0.20 w=+0.00 | 直行 d=1.19
[INFO] [1790744679.611579322] [exploration]: v=+0.20 w=+0.00 | 直行 d=1.20
[INFO] [1790744679.712226621] [exploration]: v=+0.20 w=+0.00 | 直行 d=1.23
[INFO] [1790744679.812002134] [exploration]: v=+0.00 w=-0.50 | 转向，由于危险 d=0.40
[INFO] [1790744679.912372743] [exploration]: v=+0.00 w=+0.00 | 转向完成，停稳 front=1.31
[INFO] [1790744680.012158852] [exploration]: v=+0.00 w=-0.50 | 转向，由于危险 d=0.29
[INFO] [1790744680.113001568] [exploration]: v=+0.00 w=-0.50 | 转向中 front=0.28 目标>0.8
[INFO] [1790744680.211876790] [exploration]: v=+0.00 w=+0.00 | 转向完成，停稳 front=1.29
[INFO] [1790744680.312778645] [exploration]: v=+0.20 w=+0.00 | 直行 d=1.29
[INFO] [1790744680.412876874] [exploration]: v=+0.20 w=+0.00 | 直行 d=1.33
[INFO] [1790744680.512406105] [exploration]: v=+0.20 w=+0.00 | 直行 d=1.31
[INFO] [1790744680.612427439] [exploration]: v=+0.20 w=+0.00 | 直行 d=1.39
[INFO] [1790744680.713425127] [exploration]: v=+0.00 w=-0.50 | 转向，由于危险 d=0.40
[INFO] [1790744680.814287288] [exploration]: v=+0.00 w=+0.00 | 转向完成，停稳 front=1.41
[INFO] [1790744680.914224989] [exploration]: v=+0.00 w=-0.50 | 转向，由于危险 d=0.40
[INFO] [1790744681.013794683] [exploration]: v=+0.00 w=+0.00 | 转向完成，停稳 front=1.49
[INFO] [1790744681.113658488] [exploration]: v=+0.00 w=-0.50 | 转向，由于危险 d=0.40
[INFO] [1790744681.213842885] [exploration]: v=+0.00 w=+0.00 | 转向完成，停稳 front=1.43
[INFO] [1790744681.313400936] [exploration]: v=+0.20 w=+0.00 | 直行 d=1.48
[INFO] [1790744681.414027530] [exploration]: v=+0.20 w=+0.00 | 直行 d=1.44
[INFO] [1790744681.514061001] [exploration]: v=+0.20 w=+0.00 | 直行 d=1.47
[INFO] [1790744681.614092138] [exploration]: v=+0.20 w=+0.00 | 直行 d=1.46
[INFO] [1790744681.714725971] [exploration]: v=+0.20 w=+0.00 | 直行 d=1.56
[INFO] [1790744681.815022912] [exploration]: v=+0.00 w=+0.50 | 转向，由于危险 d=0.40
[INFO] [1790744681.914304047] [exploration]: v=+0.00 w=+0.00 | 转向完成，停稳 front=1.55
[INFO] [1790744682.015113052] [exploration]: v=+0.00 w=+0.50 | 转向，由于危险 d=0.30
[INFO] [1790744682.114616664] [exploration]: v=+0.00 w=+0.50 | 转向中 front=0.29 目标>0.8
[INFO] [1790744682.214876649] [exploration]: v=+0.00 w=+0.50 | 转向中 front=0.25 目标>0.8
[INFO] [1790744682.314278114] [exploration]: v=+0.00 w=+0.50 | 转向中 front=0.23 目标>0.8
[INFO] [1790744682.414869684] [exploration]: v=+0.00 w=+0.50 | 转向中 front=0.21 目标>0.8
[INFO] [1790744682.614935004] [exploration]: v=+0.00 w=+0.50 | 转向中 front=0.20 目标>0.8
[INFO] [1790744682.916409708] [exploration]: v=-0.08 w=+0.00 | 卡死：3.0s 内位移 < 0.05m，倒退脱困
[INFO] [1790744683.017308439] [exploration]: v=-0.08 w=+0.00 | 脱困：倒退
[INFO] [1790744684.917929568] [exploration]: v=+0.00 w=+0.00 | 脱困完成，停稳
[INFO] [1790744685.018618662] [exploration]: v=+0.00 w=+0.50 | 转向中 front=0.33 目标>0.8
[INFO] [1790744685.118578177] [exploration]: v=+0.00 w=+0.50 | 转向中 front=0.14 目标>0.8
[INFO] [1790744685.218328308] [exploration]: v=+0.00 w=+0.50 | 转向中 front=0.33 目标>0.8
[INFO] [1790744685.319311860] [exploration]: v=+0.00 w=+0.50 | 转向中 front=0.34 目标>0.8
[INFO] [1790744685.519285463] [exploration]: v=+0.00 w=+0.50 | 转向中 front=0.35 目标>0.8
[INFO] [1790744686.120201168] [exploration]: v=+0.00 w=+0.50 | 转向中 front=0.36 目标>0.8
[INFO] [1790744686.220431529] [exploration]: v=+0.00 w=+0.50 | 转向中 front=0.37 目标>0.8
[INFO] [1790744686.320133981] [exploration]: v=+0.00 w=+0.50 | 转向中 front=0.38 目标>0.8
[INFO] [1790744686.420670440] [exploration]: v=+0.00 w=+0.50 | 转向中 front=0.43 目标>0.8
[INFO] [1790744686.521107238] [exploration]: v=+0.00 w=+0.00 | 转向完成，停稳 front=1.06
[INFO] [1790744686.621284299] [exploration]: v=+0.20 w=+0.00 | 直行 d=1.07
[INFO] [1790744686.721039569] [exploration]: v=+0.20 w=+0.00 | 直行 d=1.05
[INFO] [1790744686.821958290] [exploration]: v=+0.20 w=+0.00 | 直行 d=1.06
[INFO] [1790744686.921706707] [exploration]: v=+0.20 w=+0.00 | 直行 d=1.04
[INFO] [1790744687.020838977] [exploration]: v=+0.20 w=+0.00 | 直行 d=1.03
[INFO] [1790744687.121347237] [exploration]: v=+0.20 w=+0.00 | 直行 d=1.01
[INFO] [1790744687.221123296] [exploration]: v=+0.20 w=+0.00 | 直行 d=0.99
[INFO] [1790744687.322234384] [exploration]: v=+0.20 w=+0.00 | 直行 d=0.97
[INFO] [1790744687.421827809] [exploration]: v=+0.20 w=+0.00 | 直行 d=0.96
[INFO] [1790744687.521554437] [exploration]: v=+0.20 w=+0.00 | 直行 d=0.93
[INFO] [1790744687.621972323] [exploration]: v=+0.20 w=+0.00 | 直行 d=0.91
[INFO] [1790744687.722504322] [exploration]: v=+0.20 w=+0.00 | 直行 d=0.89
[INFO] [1790744687.822101864] [exploration]: v=+0.20 w=+0.00 | 直行 d=0.87
[INFO] [1790744688.122356166] [exploration]: v=+0.20 w=+0.00 | 直行 d=0.88
[INFO] [1790744688.222850786] [exploration]: v=+0.20 w=+0.00 | 直行 d=0.90
[INFO] [1790744688.322603139] [exploration]: v=+0.20 w=+0.00 | 直行 d=0.89
[INFO] [1790744688.423853553] [exploration]: v=+0.20 w=+0.00 | 直行 d=0.92
[INFO] [1790744688.622986568] [exploration]: v=+0.20 w=+0.00 | 直行 d=0.95
[INFO] [1790744688.823175924] [exploration]: v=+0.20 w=+0.00 | 直行 d=0.99
[INFO] [1790744688.925678083] [exploration]: v=+0.20 w=+0.00 | 直行 d=1.00
[INFO] [1790744689.024180726] [exploration]: v=+0.20 w=+0.00 | 直行 d=1.03
[INFO] [1790744689.224852345] [exploration]: v=+0.20 w=+0.00 | 直行 d=1.06
[INFO] [1790744689.324536856] [exploration]: v=+0.00 w=+0.50 | 转向，由于危险 d=0.40
[INFO] [1790744689.424790549] [exploration]: v=+0.00 w=+0.00 | 转向完成，停稳 front=1.08
[INFO] [1790744689.524184923] [exploration]: v=+0.00 w=+0.50 | 转向，由于危险 d=0.27
[INFO] [1790744689.624473054] [exploration]: v=+0.00 w=+0.50 | 转向中 front=0.27 目标>0.8
[INFO] [1790744689.725506594] [exploration]: v=+0.00 w=+0.00 | 转向完成，停稳 front=1.11
[INFO] [1790744689.825219674] [exploration]: v=+0.00 w=+0.50 | 转向，由于危险 d=0.40
[INFO] [1790744689.925478530] [exploration]: v=+0.00 w=+0.00 | 转向完成，停稳 front=1.09
[INFO] [1790744690.024844813] [exploration]: v=+0.20 w=+0.00 | 直行 d=1.10
[INFO] [1790744690.125879441] [exploration]: v=+0.20 w=+0.00 | 直行 d=1.09
[INFO] [1790744690.226083716] [exploration]: v=+0.20 w=+0.00 | 直行 d=1.10
[INFO] [1790744690.325552537] [exploration]: v=+0.20 w=+0.00 | 直行 d=1.11
[INFO] [1790744690.426973181] [exploration]: v=+0.20 w=+0.00 | 直行 d=1.12
[INFO] [1790744690.526253789] [exploration]: v=+0.00 w=+0.50 | 转向，由于危险 d=0.40
[INFO] [1790744690.625951796] [exploration]: v=+0.00 w=+0.50 | 转向中 front=0.28 目标>0.8
[INFO] [1790744690.725663466] [exploration]: v=+0.00 w=+0.50 | 转向中 front=0.25 目标>0.8
[INFO] [1790744690.825772999] [exploration]: v=+0.00 w=+0.50 | 转向中 front=0.28 目标>0.8
[INFO] [1790744690.926373780] [exploration]: v=+0.00 w=+0.50 | 转向中 front=0.27 目标>0.8
[INFO] [1790744691.025866499] [exploration]: v=+0.00 w=+0.00 | 转向完成，停稳 front=1.20
[INFO] [1790744691.126522130] [exploration]: v=+0.20 w=+0.00 | 直行 d=1.20
[INFO] [1790744691.226415883] [exploration]: v=+0.20 w=+0.00 | 直行 d=1.17
[INFO] [1790744691.326303736] [exploration]: v=+0.20 w=+0.00 | 直行 d=1.19
[INFO] [1790744691.426053066] [exploration]: v=+0.20 w=+0.00 | 直行 d=1.21
[INFO] [1790744691.526360101] [exploration]: v=+0.00 w=+0.50 | 转向，由于危险 d=0.40
[INFO] [1790744691.627018154] [exploration]: v=+0.00 w=+0.50 | 转向中 front=0.30 目标>0.8
[INFO] [1790744691.726935995] [exploration]: v=+0.00 w=+0.50 | 转向中 front=0.28 目标>0.8
[INFO] [1790744691.928428128] [exploration]: v=+0.00 w=+0.00 | 转向完成，停稳 front=1.30
[INFO] [1790744692.027473444] [exploration]: v=+0.20 w=+0.00 | 直行 d=1.30
[INFO] [1790744692.227645505] [exploration]: v=+0.20 w=+0.00 | 直行 d=1.32
[INFO] [1790744692.328566957] [exploration]: v=+0.20 w=+0.00 | 直行 d=1.31
[INFO] [1790744692.428155288] [exploration]: v=+0.00 w=+0.50 | 转向，由于危险 d=0.40
[INFO] [1790744692.528290281] [exploration]: v=+0.00 w=+0.50 | 转向中 front=0.30 目标>0.8
[INFO] [1790744692.629043105] [exploration]: v=+0.00 w=+0.50 | 转向中 front=0.27 目标>0.8
[INFO] [1790744692.928070934] [exploration]: v=+0.00 w=+0.00 | 转向完成，停稳 front=1.36
[INFO] [1790744693.028593239] [exploration]: v=+0.20 w=+0.00 | 直行 d=1.34
[INFO] [1790744693.228727079] [exploration]: v=+0.20 w=+0.00 | 直行 d=1.38
[INFO] [1790744693.428858897] [exploration]: v=+0.20 w=+0.00 | 直行 d=1.40
[INFO] [1790744693.529225644] [exploration]: v=+0.20 w=+0.00 | 直行 d=1.48
[INFO] [1790744693.730662052] [exploration]: v=+0.20 w=+0.00 | 直行 d=1.56
[INFO] [1790744693.829983716] [exploration]: v=+0.00 w=+0.50 | 转向，由于危险 d=0.27
[INFO] [1790744693.931791410] [exploration]: v=+0.00 w=+0.50 | 转向中 front=0.25 目标>0.8
[INFO] [1790744694.030117622] [exploration]: v=+0.00 w=+0.50 | 转向中 front=0.23 目标>0.8
[INFO] [1790744694.231733915] [exploration]: v=+0.00 w=+0.50 | 转向中 front=0.24 目标>0.8
[INFO] [1790744694.331050332] [exploration]: v=+0.00 w=+0.50 | 转向中 front=0.26 目标>0.8
[INFO] [1790744694.430861995] [exploration]: v=+0.00 w=+0.00 | 转向完成，停稳 front=1.76
[INFO] [1790744694.530862216] [exploration]: v=+0.20 w=+0.00 | 直行 d=1.67
[INFO] [1790744694.631584280] [exploration]: v=+0.20 w=+0.00 | 直行 d=1.65
[INFO] [1790744694.732940821] [exploration]: v=+0.20 w=+0.00 | 直行 d=1.72
[INFO] [1790744694.831695505] [exploration]: v=+0.20 w=+0.00 | 直行 d=1.88
[INFO] [1790744694.933182185] [exploration]: v=+0.00 w=+0.50 | 转向，由于危险 d=0.26
[INFO] [1790744695.032902857] [exploration]: v=+0.00 w=+0.50 | 转向中 front=0.25 目标>0.8
[INFO] [1790744695.132610063] [exploration]: v=+0.00 w=+0.50 | 转向中 front=0.23 目标>0.8
[INFO] [1790744695.233832693] [exploration]: v=+0.00 w=+0.50 | 转向中 front=0.24 目标>0.8
[INFO] [1790744695.332919998] [exploration]: v=+0.00 w=+0.50 | 转向中 front=0.25 目标>0.8
[INFO] [1790744695.434265196] [exploration]: v=+0.00 w=+0.50 | 转向中 front=0.26 目标>0.8
[INFO] [1790744695.535071940] [exploration]: v=+0.00 w=+0.00 | 转向完成，停稳 front=1.86
[INFO] [1790744695.632950104] [exploration]: v=+0.20 w=+0.00 | 直行 d=1.88
[INFO] [1790744695.732933869] [exploration]: v=+0.20 w=+0.00 | 直行 d=1.86
[INFO] [1790744695.833243704] [exploration]: v=+0.20 w=+0.00 | 直行 d=1.88
[INFO] [1790744695.933224180] [exploration]: v=+0.20 w=+0.00 | 直行 d=1.85
[INFO] [1790744696.033188931] [exploration]: v=+0.00 w=-0.50 | 转向，由于危险 d=0.28
[INFO] [1790744696.134032654] [exploration]: v=+0.00 w=-0.50 | 转向中 front=0.28 目标>0.8
[INFO] [1790744696.233738607] [exploration]: v=+0.00 w=-0.50 | 转向中 front=0.25 目标>0.8
[INFO] [1790744696.433730701] [exploration]: v=+0.00 w=-0.50 | 转向中 front=0.15 目标>0.8
[INFO] [1790744696.534895083] [exploration]: v=+0.00 w=-0.50 | 转向中 front=0.22 目标>0.8
[INFO] [1790744696.734563257] [exploration]: v=+0.00 w=-0.50 | 转向中 front=0.21 目标>0.8
[INFO] [1790744696.835297227] [exploration]: v=+0.00 w=-0.50 | 转向中 front=0.20 目标>0.8
[INFO] [1790744697.135250464] [exploration]: v=+0.00 w=-0.50 | 转向中 front=0.19 目标>0.8
[INFO] [1790744697.436011545] [exploration]: v=+0.00 w=-0.50 | 转向中 front=0.18 目标>0.8
[INFO] [1790744697.736110747] [exploration]: v=+0.00 w=-0.50 | 转向中 front=0.19 目标>0.8
[INFO] [1790744698.036513267] [exploration]: v=-0.08 w=+0.00 | 卡死：3.0s 内位移 < 0.05m，倒退脱困
[INFO] [1790744698.137453734] [exploration]: v=-0.08 w=+0.00 | 脱困：倒退
[INFO] [1790744700.037966992] [exploration]: v=+0.00 w=+0.00 | 脱困完成，停稳
[INFO] [1790744700.140112908] [exploration]: v=+0.00 w=-0.50 | 转向中 front=0.14 目标>0.8
[INFO] [1790744700.238665058] [exploration]: v=+0.00 w=-0.50 | 转向中 front=0.13 目标>0.8
[INFO] [1790744700.340251463] [exploration]: v=+0.00 w=-0.50 | 转向中 front=0.34 目标>0.8
[INFO] [1790744700.439215920] [exploration]: v=+0.00 w=-0.50 | 转向中 front=0.14 目标>0.8
[INFO] [1790744700.540412439] [exploration]: v=+0.00 w=-0.50 | 转向中 front=0.35 目标>0.8
[INFO] [1790744700.640262011] [exploration]: v=+0.00 w=-0.50 | 转向中 front=0.36 目标>0.8
[INFO] [1790744700.739691631] [exploration]: v=+0.00 w=-0.50 | 转向中 front=0.38 目标>0.8
[INFO] [1790744700.840664415] [exploration]: v=+0.00 w=-0.50 | 转向中 front=0.41 目标>0.8
[INFO] [1790744700.940034207] [exploration]: v=+0.00 w=+0.00 | 转向完成，停稳 front=1.13
[INFO] [1790744701.040114110] [exploration]: v=+0.20 w=+0.00 | 直行 d=1.14
[INFO] [1790744701.140902389] [exploration]: v=+0.20 w=+0.00 | 直行 d=1.13
[INFO] [1790744701.341487680] [exploration]: v=+0.20 w=+0.00 | 直行 d=1.11
[INFO] [1790744701.441421217] [exploration]: v=+0.20 w=+0.00 | 直行 d=1.10
[INFO] [1790744701.541074772] [exploration]: v=+0.20 w=+0.00 | 直行 d=1.08
[INFO] [1790744701.641429675] [exploration]: v=+0.20 w=+0.00 | 直行 d=1.06
[INFO] [1790744701.742627850] [exploration]: v=+0.20 w=+0.00 | 直行 d=1.03
[INFO] [1790744701.842377753] [exploration]: v=+0.20 w=+0.00 | 直行 d=1.02
[INFO] [1790744701.942320989] [exploration]: v=+0.20 w=+0.00 | 直行 d=1.00
[INFO] [1790744702.041975846] [exploration]: v=+0.20 w=+0.00 | 直行 d=0.98
[INFO] [1790744702.142178396] [exploration]: v=+0.20 w=+0.00 | 直行 d=0.95
[INFO] [1790744702.242181695] [exploration]: v=+0.20 w=+0.00 | 直行 d=0.94
[INFO] [1790744702.342090116] [exploration]: v=+0.20 w=+0.00 | 直行 d=0.93
[INFO] [1790744702.442042118] [exploration]: v=+0.20 w=+0.00 | 直行 d=0.92
[INFO] [1790744702.542842145] [exploration]: v=+0.20 w=+0.00 | 直行 d=0.91
[INFO] [1790744702.642504651] [exploration]: v=+0.20 w=+0.00 | 直行 d=0.90
[INFO] [1790744702.844739754] [exploration]: v=+0.20 w=+0.00 | 直行 d=0.89
[INFO] [1790744702.944552822] [exploration]: v=+0.20 w=+0.00 | 直行 d=0.90
[INFO] [1790744703.144930734] [exploration]: v=+0.00 w=-0.50 | 转向，由于危险 d=0.40
[INFO] [1790744703.243925065] [exploration]: v=+0.00 w=-0.50 | 转向中 front=0.28 目标>0.8
[INFO] [1790744703.344021559] [exploration]: v=+0.00 w=-0.50 | 转向中 front=0.26 目标>0.8
[INFO] [1790744703.444035585] [exploration]: v=+0.00 w=-0.50 | 转向中 front=0.27 目标>0.8
[INFO] [1790744703.544460778] [exploration]: v=+0.00 w=-0.50 | 转向中 front=0.28 目标>0.8
[INFO] [1790744703.644133929] [exploration]: v=+0.00 w=+0.00 | 转向完成，停稳 front=0.87
[INFO] [1790744703.744928624] [exploration]: v=+0.20 w=+0.00 | 直行 d=0.89
[INFO] [1790744703.846469068] [exploration]: v=+0.20 w=+0.00 | 直行 d=0.88
[INFO] [1790744704.145942577] [exploration]: v=+0.00 w=-0.50 | 转向，由于危险 d=0.40
[INFO] [1790744704.246036774] [exploration]: v=+0.00 w=-0.50 | 转向中 front=0.29 目标>0.8
[INFO] [1790744704.346101692] [exploration]: v=+0.00 w=-0.50 | 转向中 front=0.26 目标>0.8
[INFO] [1790744704.446696364] [exploration]: v=+0.00 w=-0.50 | 转向中 front=0.27 目标>0.8
[INFO] [1790744704.546421782] [exploration]: v=+0.00 w=-0.50 | 转向中 front=0.30 目标>0.8
[INFO] [1790744704.647147198] [exploration]: v=+0.00 w=+0.00 | 转向完成，停稳 front=0.89
[INFO] [1790744704.746445128] [exploration]: v=+0.20 w=+0.00 | 直行 d=0.88
[INFO] [1790744704.846747705] [exploration]: v=+0.20 w=+0.00 | 直行 d=0.89
[INFO] [1790744705.046977307] [exploration]: v=+0.20 w=+0.00 | 直行 d=0.88
[INFO] [1790744705.146650729] [exploration]: v=+0.00 w=-0.50 | 转向，由于危险 d=0.40
[INFO] [1790744705.246801509] [exploration]: v=+0.00 w=+0.00 | 转向完成，停稳 front=0.91
[INFO] [1790744705.346666918] [exploration]: v=+0.00 w=-0.50 | 转向，由于危险 d=0.28
[INFO] [1790744705.446886048] [exploration]: v=+0.00 w=-0.50 | 转向中 front=0.28 目标>0.8
[INFO] [1790744705.547125011] [exploration]: v=+0.00 w=+0.00 | 转向完成，停稳 front=0.90
[INFO] [1790744705.647986145] [exploration]: v=+0.00 w=-0.50 | 转向，由于危险 d=0.40
[INFO] [1790744705.747864172] [exploration]: v=+0.00 w=+0.00 | 转向完成，停稳 front=0.90
[INFO] [1790744705.847457205] [exploration]: v=+0.20 w=+0.00 | 直行 d=0.91
[INFO] [1790744706.048678529] [exploration]: v=+0.20 w=+0.00 | 直行 d=0.90
[INFO] [1790744706.248757506] [exploration]: v=+0.20 w=+0.00 | 直行 d=0.91
[INFO] [1790744706.348753238] [exploration]: v=+0.00 w=-0.50 | 转向，由于危险 d=0.40
[INFO] [1790744706.448314322] [exploration]: v=+0.00 w=-0.50 | 转向中 front=0.29 目标>0.8
[INFO] [1790744706.649360261] [exploration]: v=+0.00 w=-0.50 | 转向中 front=0.26 目标>0.8
[INFO] [1790744706.749284809] [exploration]: v=+0.00 w=+0.00 | 转向完成，停稳 front=0.94
[INFO] [1790744706.850323408] [exploration]: v=+0.00 w=-0.50 | 转向，由于危险 d=0.40
[INFO] [1790744706.951275346] [exploration]: v=+0.00 w=+0.00 | 转向完成，停稳 front=0.91
[INFO] [1790744707.051349448] [exploration]: v=+0.20 w=+0.00 | 直行 d=0.93
[INFO] [1790744707.152423473] [exploration]: v=+0.20 w=+0.00 | 直行 d=0.92
[INFO] [1790744707.350954267] [exploration]: v=+0.20 w=+0.00 | 直行 d=0.93
[INFO] [1790744707.451801036] [exploration]: v=+0.20 w=+0.00 | 直行 d=0.95
[INFO] [1790744707.550531151] [exploration]: v=+0.00 w=-0.50 | 转向，由于危险 d=0.40
[INFO] [1790744707.651898527] [exploration]: v=+0.00 w=+0.00 | 转向完成，停稳 front=0.97
[INFO] [1790744707.751573449] [exploration]: v=+0.00 w=-0.50 | 转向，由于危险 d=0.30
[INFO] [1790744707.851397557] [exploration]: v=+0.00 w=-0.50 | 转向中 front=0.30 目标>0.8
[INFO] [1790744707.951864105] [exploration]: v=+0.00 w=+0.00 | 转向完成，停稳 front=0.96
[INFO] [1790744708.052296063] [exploration]: v=+0.20 w=+0.00 | 直行 d=0.97
[INFO] [1790744708.152257973] [exploration]: v=+0.20 w=+0.00 | 直行 d=0.96
[INFO] [1790744708.252669720] [exploration]: v=+0.20 w=+0.00 | 直行 d=0.97
[INFO] [1790744708.352457150] [exploration]: v=+0.20 w=+0.00 | 直行 d=0.95
[INFO] [1790744708.451974229] [exploration]: v=+0.00 w=-0.50 | 转向，由于危险 d=0.40
[INFO] [1790744708.552543375] [exploration]: v=+0.00 w=+0.00 | 转向完成，停稳 front=1.00
[INFO] [1790744708.651664236] [exploration]: v=+0.00 w=-0.50 | 转向，由于危险 d=0.30
[INFO] [1790744708.753337861] [exploration]: v=+0.00 w=-0.50 | 转向中 front=0.30 目标>0.8
[INFO] [1790744708.852263345] [exploration]: v=+0.00 w=+0.00 | 转向完成，停稳 front=1.02
[INFO] [1790744708.953932135] [exploration]: v=+0.20 w=+0.00 | 直行 d=1.00
[INFO] [1790744709.052926321] [exploration]: v=+0.20 w=+0.00 | 直行 d=1.01
[INFO] [1790744709.254484105] [exploration]: v=+0.20 w=+0.00 | 直行 d=1.00
[INFO] [1790744709.353601878] [exploration]: v=+0.00 w=-0.50 | 转向，由于危险 d=0.40
[INFO] [1790744709.454536789] [exploration]: v=+0.00 w=+0.00 | 转向完成，停稳 front=1.04
[INFO] [1790744709.554130295] [exploration]: v=+0.00 w=-0.50 | 转向，由于危险 d=0.30
[INFO] [1790744709.653961890] [exploration]: v=+0.00 w=-0.50 | 转向中 front=0.29 目标>0.8
[INFO] [1790744709.755507278] [exploration]: v=+0.00 w=+0.00 | 转向完成，停稳 front=1.06
[INFO] [1790744709.854781666] [exploration]: v=+0.20 w=+0.00 | 直行 d=1.06
[INFO] [1790744709.954008065] [exploration]: v=+0.20 w=+0.00 | 直行 d=1.09
[INFO] [1790744710.154095008] [exploration]: v=+0.20 w=+0.00 | 直行 d=1.11
[INFO] [1790744710.254731123] [exploration]: v=+0.00 w=-0.50 | 转向，由于危险 d=0.40
[INFO] [1790744710.354339267] [exploration]: v=+0.00 w=-0.50 | 转向中 front=0.30 目标>0.8
[INFO] [1790744710.455745801] [exploration]: v=+0.00 w=-0.50 | 转向中 front=0.29 目标>0.8
[INFO] [1790744710.557448095] [exploration]: v=+0.00 w=-0.50 | 转向中 front=0.27 目标>0.8
[INFO] [1790744710.656459806] [exploration]: v=+0.00 w=+0.00 | 转向完成，停稳 front=1.19
[INFO] [1790744710.756250458] [exploration]: v=+0.20 w=+0.00 | 直行 d=1.19
[INFO] [1790744710.857100289] [exploration]: v=+0.20 w=+0.00 | 直行 d=1.16
[INFO] [1790744710.956948310] [exploration]: v=+0.20 w=+0.00 | 直行 d=1.17
[INFO] [1790744711.055567120] [exploration]: v=+0.00 w=-0.50 | 转向，由于危险 d=0.40
[INFO] [1790744711.156844137] [exploration]: v=+0.00 w=+0.00 | 转向完成，停稳 front=1.21
[INFO] [1790744711.256114575] [exploration]: v=+0.00 w=-0.50 | 转向，由于危险 d=0.31
[INFO] [1790744711.357465359] [exploration]: v=+0.00 w=-0.50 | 转向中 front=0.30 目标>0.8
[INFO] [1790744711.456950627] [exploration]: v=+0.00 w=+0.00 | 转向完成，停稳 front=1.28
[INFO] [1790744711.556614429] [exploration]: v=+0.20 w=+0.00 | 直行 d=1.22
[INFO] [1790744711.657742476] [exploration]: v=+0.20 w=+0.00 | 直行 d=1.25
[INFO] [1790744711.757861685] [exploration]: v=+0.20 w=+0.00 | 直行 d=1.23
[INFO] [1790744711.858595448] [exploration]: v=+0.20 w=+0.00 | 直行 d=1.31
[INFO] [1790744711.958707595] [exploration]: v=+0.00 w=-0.50 | 转向，由于危险 d=0.40
[INFO] [1790744712.058480150] [exploration]: v=+0.00 w=+0.00 | 转向完成，停稳 front=1.33
[INFO] [1790744712.158590071] [exploration]: v=+0.00 w=-0.50 | 转向，由于危险 d=0.32
[INFO] [1790744712.257271108] [exploration]: v=+0.00 w=-0.50 | 转向中 front=0.30 目标>0.8
[INFO] [1790744712.359640257] [exploration]: v=+0.00 w=+0.00 | 转向完成，停稳 front=1.39
[INFO] [1790744712.457853076] [exploration]: v=+0.20 w=+0.00 | 直行 d=1.34
[INFO] [1790744712.558026125] [exploration]: v=+0.20 w=+0.00 | 直行 d=1.38
[INFO] [1790744712.658217291] [exploration]: v=+0.20 w=+0.00 | 直行 d=1.41
[INFO] [1790744712.759824698] [exploration]: v=+0.20 w=+0.00 | 直行 d=1.44
[INFO] [1790744712.860315446] [exploration]: v=+0.00 w=-0.50 | 转向，由于危险 d=0.40
[INFO] [1790744712.959753317] [exploration]: v=+0.00 w=+0.00 | 转向完成，停稳 front=1.53
[INFO] [1790744713.059797572] [exploration]: v=+0.00 w=-0.50 | 转向，由于危险 d=0.40
[INFO] [1790744713.158498767] [exploration]: v=+0.00 w=+0.00 | 转向完成，停稳 front=1.53
[INFO] [1790744713.260090918] [exploration]: v=+0.00 w=-0.50 | 转向，由于危险 d=0.40
[INFO] [1790744713.360987260] [exploration]: v=+0.00 w=+0.00 | 转向完成，停稳 front=1.53
[INFO] [1790744713.459608967] [exploration]: v=+0.20 w=+0.00 | 直行 d=1.50
[INFO] [1790744713.561126065] [exploration]: v=+0.20 w=+0.00 | 直行 d=1.54
[INFO] [1790744713.661025711] [exploration]: v=+0.20 w=+0.00 | 直行 d=1.50
[INFO] [1790744713.761923164] [exploration]: v=+0.20 w=+0.00 | 直行 d=1.52
[INFO] [1790744713.861578885] [exploration]: v=+0.20 w=+0.00 | 直行 d=1.51
[INFO] [1790744713.961327769] [exploration]: v=+0.20 w=+0.00 | 直行 d=1.59
[INFO] [1790744714.061757560] [exploration]: v=+0.00 w=+0.50 | 转向，由于危险 d=0.40
[INFO] [1790744714.160983689] [exploration]: v=+0.00 w=+0.50 | 转向中 front=0.27 目标>0.8
[INFO] [1790744714.260360275] [exploration]: v=+0.00 w=+0.50 | 转向中 front=0.24 目标>0.8
[INFO] [1790744714.461312308] [exploration]: v=+0.00 w=+0.50 | 转向中 front=0.14 目标>0.8
[INFO] [1790744714.662534391] [exploration]: v=+0.00 w=+0.50 | 转向中 front=0.20 目标>0.8
[INFO] [1790744714.762307513] [exploration]: v=+0.00 w=+0.50 | 转向中 front=0.21 目标>0.8
[INFO] [1790744714.862438104] [exploration]: v=+0.00 w=+0.50 | 转向中 front=0.20 目标>0.8
[INFO] [1790744715.063391704] [exploration]: v=+0.00 w=+0.50 | 转向中 front=0.19 目标>0.8
[INFO] [1790744715.463696899] [exploration]: v=+0.00 w=+0.50 | 转向中 front=0.18 目标>0.8
[INFO] [1790744715.663742118] [exploration]: v=+0.00 w=+0.50 | 转向中 front=0.19 目标>0.8
[INFO] [1790744715.863421615] [exploration]: v=-0.08 w=+0.00 | 卡死：3.0s 内位移 < 0.05m，倒退脱困
[INFO] [1790744715.963771271] [exploration]: v=-0.08 w=+0.00 | 脱困：倒退
[INFO] [1790744717.865564080] [exploration]: v=+0.00 w=+0.00 | 脱困完成，停稳
[INFO] [1790744717.965623103] [exploration]: v=+0.00 w=+0.50 | 转向中 front=0.34 目标>0.8
[INFO] [1790744718.065760829] [exploration]: v=+0.00 w=+0.50 | 转向中 front=0.14 目标>0.8
[INFO] [1790744718.265250281] [exploration]: v=+0.00 w=+0.50 | 转向中 front=0.33 目标>0.8
[INFO] [1790744718.366289485] [exploration]: v=+0.00 w=+0.50 | 转向中 front=0.13 目标>0.8
[INFO] [1790744718.466622146] [exploration]: v=+0.00 w=+0.50 | 转向中 front=0.35 目标>0.8
[INFO] [1790744718.566617436] [exploration]: v=+0.00 w=+0.50 | 转向中 front=0.37 目标>0.8
[INFO] [1790744718.666816196] [exploration]: v=+0.00 w=+0.50 | 转向中 front=0.39 目标>0.8
[INFO] [1790744718.766235600] [exploration]: v=+0.00 w=+0.50 | 转向中 front=0.41 目标>0.8
[INFO] [1790744718.866651341] [exploration]: v=+0.00 w=+0.00 | 转向完成，停稳 front=1.10
[INFO] [1790744718.966667285] [exploration]: v=+0.20 w=+0.00 | 直行 d=1.10
[INFO] [1790744719.067031389] [exploration]: v=+0.20 w=+0.00 | 直行 d=1.11
[INFO] [1790744719.167430863] [exploration]: v=+0.20 w=+0.00 | 直行 d=1.10
[INFO] [1790744719.267828467] [exploration]: v=+0.20 w=+0.00 | 直行 d=1.09
[INFO] [1790744719.367330455] [exploration]: v=+0.20 w=+0.00 | 直行 d=1.06
[INFO] [1790744719.467724611] [exploration]: v=+0.20 w=+0.00 | 直行 d=1.05
[INFO] [1790744719.567647519] [exploration]: v=+0.20 w=+0.00 | 直行 d=1.03
[INFO] [1790744719.667489983] [exploration]: v=+0.20 w=+0.00 | 直行 d=1.01
[INFO] [1790744719.767295881] [exploration]: v=+0.20 w=+0.00 | 直行 d=0.99
[INFO] [1790744719.867571485] [exploration]: v=+0.20 w=+0.00 | 直行 d=0.97
[INFO] [1790744719.968434710] [exploration]: v=+0.20 w=+0.00 | 直行 d=0.95
[INFO] [1790744720.070886413] [exploration]: v=+0.20 w=+0.00 | 直行 d=0.93
[INFO] [1790744720.169395375] [exploration]: v=+0.20 w=+0.00 | 直行 d=0.92
[INFO] [1790744720.271081380] [exploration]: v=+0.20 w=+0.00 | 直行 d=0.91
[INFO] [1790744720.769841122] [exploration]: v=+0.20 w=+0.00 | 直行 d=0.93
[INFO] [1790744720.971593126] [exploration]: v=+0.20 w=+0.00 | 直行 d=0.94
[INFO] [1790744721.171543522] [exploration]: v=+0.00 w=+0.50 | 转向，由于危险 d=0.40
[INFO] [1790744721.270965121] [exploration]: v=+0.00 w=+0.50 | 转向中 front=0.29 目标>0.8
[INFO] [1790744721.372936801] [exploration]: v=+0.00 w=+0.50 | 转向中 front=0.28 目标>0.8
[INFO] [1790744721.473564157] [exploration]: v=+0.00 w=+0.50 | 转向中 front=0.26 目标>0.8
[INFO] [1790744721.571063714] [exploration]: v=+0.00 w=+0.00 | 转向完成，停稳 front=0.95
[INFO] [1790744721.671345464] [exploration]: v=+0.00 w=+0.50 | 转向，由于危险 d=0.40
[INFO] [1790744721.771830615] [exploration]: v=+0.00 w=+0.00 | 转向完成，停稳 front=0.96
[INFO] [1790744721.871667420] [exploration]: v=+0.20 w=+0.00 | 直行 d=0.95
[INFO] [1790744721.972589764] [exploration]: v=+0.20 w=+0.00 | 直行 d=0.96
[INFO] [1790744722.072349361] [exploration]: v=+0.20 w=+0.00 | 直行 d=0.95
[INFO] [1790744722.172742108] [exploration]: v=+0.20 w=+0.00 | 直行 d=0.96
[INFO] [1790744722.272727661] [exploration]: v=+0.20 w=+0.00 | 直行 d=0.95
[INFO] [1790744722.373581023] [exploration]: v=+0.00 w=+0.50 | 转向，由于危险 d=0.40
[INFO] [1790744722.473793589] [exploration]: v=+0.00 w=+0.00 | 转向完成，停稳 front=0.96
[INFO] [1790744722.573341758] [exploration]: v=+0.00 w=+0.50 | 转向，由于危险 d=0.27
[INFO] [1790744722.675482694] [exploration]: v=+0.00 w=+0.50 | 转向中 front=0.26 目标>0.8
[INFO] [1790744722.775736377] [exploration]: v=+0.00 w=+0.00 | 转向完成，停稳 front=1.00
[INFO] [1790744722.876163112] [exploration]: v=+0.20 w=+0.00 | 直行 d=1.00
[INFO] [1790744722.975910388] [exploration]: v=+0.20 w=+0.00 | 直行 d=0.98
[INFO] [1790744723.075665120] [exploration]: v=+0.20 w=+0.00 | 直行 d=1.00
[INFO] [1790744723.174620186] [exploration]: v=+0.00 w=+0.50 | 转向，由于危险 d=0.40
[INFO] [1790744723.276458523] [exploration]: v=+0.00 w=+0.00 | 转向完成，停稳 front=0.99
[INFO] [1790744723.375738433] [exploration]: v=+0.00 w=+0.50 | 转向，由于危险 d=0.28
[INFO] [1790744723.474926421] [exploration]: v=+0.00 w=+0.50 | 转向中 front=0.29 目标>0.8
[INFO] [1790744723.574522769] [exploration]: v=+0.00 w=+0.00 | 转向完成，停稳 front=1.01
[INFO] [1790744723.674466122] [exploration]: v=+0.20 w=+0.00 | 直行 d=1.01
[INFO] [1790744723.978001883] [exploration]: v=+0.00 w=+0.50 | 转向，由于危险 d=0.40
[INFO] [1790744724.075677045] [exploration]: v=+0.00 w=+0.00 | 转向完成，停稳 front=1.03
[INFO] [1790744724.176098402] [exploration]: v=+0.00 w=+0.50 | 转向，由于危险 d=0.40
[INFO] [1790744724.278461920] [exploration]: v=+0.00 w=+0.00 | 转向完成，停稳 front=1.05
[INFO] [1790744724.376659731] [exploration]: v=+0.00 w=+0.50 | 转向，由于危险 d=0.40
[INFO] [1790744724.477046619] [exploration]: v=+0.00 w=+0.00 | 转向完成，停稳 front=1.05
[INFO] [1790744724.577502442] [exploration]: v=+0.20 w=+0.00 | 直行 d=1.03
[INFO] [1790744724.677365445] [exploration]: v=+0.20 w=+0.00 | 直行 d=1.04
[INFO] [1790744724.777037399] [exploration]: v=+0.20 w=+0.00 | 直行 d=1.03
[INFO] [1790744724.876574688] [exploration]: v=+0.20 w=+0.00 | 直行 d=1.05
[INFO] [1790744724.977660503] [exploration]: v=+0.00 w=+0.50 | 转向，由于危险 d=0.40
[INFO] [1790744725.076393569] [exploration]: v=+0.00 w=+0.00 | 转向完成，停稳 front=1.07
[INFO] [1790744725.176853887] [exploration]: v=+0.00 w=+0.50 | 转向，由于危险 d=0.29
[INFO] [1790744725.277464750] [exploration]: v=+0.00 w=+0.50 | 转向中 front=0.30 目标>0.8
[INFO] [1790744725.379174487] [exploration]: v=+0.00 w=+0.00 | 转向完成，停稳 front=1.10
[INFO] [1790744725.478334318] [exploration]: v=+0.20 w=+0.00 | 直行 d=1.10
[INFO] [1790744725.578442123] [exploration]: v=+0.20 w=+0.00 | 直行 d=1.08
[INFO] [1790744725.678965150] [exploration]: v=+0.20 w=+0.00 | 直行 d=1.11
[INFO] [1790744725.779052822] [exploration]: v=+0.00 w=+0.50 | 转向，由于危险 d=0.40
[INFO] [1790744725.878946668] [exploration]: v=+0.00 w=+0.00 | 转向完成，停稳 front=1.11
[INFO] [1790744725.978756400] [exploration]: v=+0.00 w=+0.50 | 转向，由于危险 d=0.31
[INFO] [1790744726.078403858] [exploration]: v=+0.00 w=+0.50 | 转向中 front=0.27 目标>0.8
[INFO] [1790744726.179762340] [exploration]: v=+0.00 w=+0.00 | 转向完成，停稳 front=1.15
[INFO] [1790744726.280018840] [exploration]: v=+0.20 w=+0.00 | 直行 d=1.16
[INFO] [1790744726.379542680] [exploration]: v=+0.20 w=+0.00 | 直行 d=1.17
[INFO] [1790744726.479066887] [exploration]: v=+0.20 w=+0.00 | 直行 d=1.14
[INFO] [1790744726.580737835] [exploration]: v=+0.20 w=+0.00 | 直行 d=1.20
[INFO] [1790744726.679363488] [exploration]: v=+0.00 w=+0.50 | 转向，由于危险 d=0.40
[INFO] [1790744726.781040853] [exploration]: v=+0.00 w=+0.50 | 转向中 front=0.28 目标>0.8
[INFO] [1790744726.880938441] [exploration]: v=+0.00 w=+0.50 | 转向中 front=0.25 目标>0.8
[INFO] [1790744726.980760956] [exploration]: v=+0.00 w=+0.50 | 转向中 front=0.26 目标>0.8
[INFO] [1790744727.079561092] [exploration]: v=+0.00 w=+0.50 | 转向中 front=0.29 目标>0.8
[INFO] [1790744727.180409169] [exploration]: v=+0.00 w=+0.00 | 转向完成，停稳 front=1.22
[INFO] [1790744727.282004529] [exploration]: v=+0.20 w=+0.00 | 直行 d=1.20
[INFO] [1790744727.382716792] [exploration]: v=+0.20 w=+0.00 | 直行 d=1.21
[INFO] [1790744727.481243873] [exploration]: v=+0.20 w=+0.00 | 直行 d=1.22
[INFO] [1790744727.580748348] [exploration]: v=+0.20 w=+0.00 | 直行 d=1.26
[INFO] [1790744727.681634448] [exploration]: v=+0.20 w=+0.00 | 直行 d=1.28
[INFO] [1790744727.783489070] [exploration]: v=+0.00 w=+0.50 | 转向，由于危险 d=0.40
[INFO] [1790744727.882211230] [exploration]: v=+0.00 w=+0.50 | 转向中 front=0.27 目标>0.8
[INFO] [1790744727.984466697] [exploration]: v=+0.00 w=+0.50 | 转向中 front=0.28 目标>0.8
[INFO] [1790744728.083636158] [exploration]: v=+0.00 w=+0.50 | 转向中 front=0.27 目标>0.8
[INFO] [1790744728.183345838] [exploration]: v=+0.00 w=+0.00 | 转向完成，停稳 front=1.38
[INFO] [1790744728.283902023] [exploration]: v=+0.20 w=+0.00 | 直行 d=1.34
[INFO] [1790744728.382408578] [exploration]: v=+0.20 w=+0.00 | 直行 d=1.38
[INFO] [1790744728.483292817] [exploration]: v=+0.20 w=+0.00 | 直行 d=1.40
[INFO] [1790744728.583465255] [exploration]: v=+0.20 w=+0.00 | 直行 d=1.36
[INFO] [1790744728.683071020] [exploration]: v=+0.00 w=+0.50 | 转向，由于危险 d=0.28
[INFO] [1790744728.783191348] [exploration]: v=+0.00 w=+0.50 | 转向中 front=0.27 目标>0.8
[INFO] [1790744728.884376596] [exploration]: v=+0.00 w=+0.50 | 转向中 front=0.25 目标>0.8
[INFO] [1790744728.985115640] [exploration]: v=+0.00 w=+0.50 | 转向中 front=0.26 目标>0.8
[INFO] [1790744729.184655427] [exploration]: v=+0.00 w=+0.00 | 转向完成，停稳 front=1.49
[INFO] [1790744729.285500212] [exploration]: v=+0.20 w=+0.00 | 直行 d=1.47
[INFO] [1790744729.385397419] [exploration]: v=+0.20 w=+0.00 | 直行 d=1.44
[INFO] [1790744729.484804199] [exploration]: v=+0.20 w=+0.00 | 直行 d=1.48
[INFO] [1790744729.584857820] [exploration]: v=+0.20 w=+0.00 | 直行 d=1.54
[INFO] [1790744729.785051567] [exploration]: v=+0.20 w=+0.00 | 直行 d=1.61
[INFO] [1790744729.885859406] [exploration]: v=+0.00 w=+0.50 | 转向，由于危险 d=0.28
[INFO] [1790744729.985621232] [exploration]: v=+0.00 w=+0.50 | 转向中 front=0.26 目标>0.8
[INFO] [1790744730.085702621] [exploration]: v=+0.00 w=+0.50 | 转向中 front=0.23 目标>0.8
[INFO] [1790744730.285740675] [exploration]: v=+0.00 w=+0.50 | 转向中 front=0.26 目标>0.8
[INFO] [1790744730.387310591] [exploration]: v=+0.00 w=+0.50 | 转向中 front=0.27 目标>0.8
[INFO] [1790744730.487052288] [exploration]: v=+0.00 w=+0.00 | 转向完成，停稳 front=1.86
[INFO] [1790744730.588963357] [exploration]: v=+0.20 w=+0.00 | 直行 d=1.67
[INFO] [1790744730.686377895] [exploration]: v=+0.20 w=+0.00 | 直行 d=1.64
[INFO] [1790744730.787728565] [exploration]: v=+0.20 w=+0.00 | 直行 d=1.68
[INFO] [1790744730.886921647] [exploration]: v=+0.20 w=+0.00 | 直行 d=1.85
[INFO] [1790744730.989145091] [exploration]: v=+0.00 w=-0.50 | 转向，由于危险 d=0.31
[INFO] [1790744731.088172814] [exploration]: v=+0.00 w=-0.50 | 转向中 front=0.26 目标>0.8
[INFO] [1790744731.188419100] [exploration]: v=+0.00 w=-0.50 | 转向中 front=0.24 目标>0.8
[INFO] [1790744731.288114910] [exploration]: v=+0.00 w=-0.50 | 转向中 front=0.25 目标>0.8
[INFO] [1790744731.390755171] [exploration]: v=+0.00 w=-0.50 | 转向中 front=0.13 目标>0.8
[INFO] [1790744731.489246678] [exploration]: v=+0.00 w=-0.50 | 转向中 front=0.23 目标>0.8
[INFO] [1790744731.589006178] [exploration]: v=+0.00 w=-0.50 | 转向中 front=0.21 目标>0.8
[INFO] [1790744731.688583274] [exploration]: v=+0.00 w=-0.50 | 转向中 front=0.20 目标>0.8
[INFO] [1790744731.888265192] [exploration]: v=+0.00 w=-0.50 | 转向中 front=0.19 目标>0.8
[INFO] [1790744731.988849143] [exploration]: v=+0.00 w=-0.50 | 转向中 front=0.20 目标>0.8
[INFO] [1790744732.090175100] [exploration]: v=+0.00 w=-0.50 | 转向中 front=0.19 目标>0.8
[INFO] [1790744732.290028996] [exploration]: v=+0.00 w=-0.50 | 转向中 front=0.18 目标>0.8
[INFO] [1790744732.389983985] [exploration]: v=+0.00 w=-0.50 | 转向中 front=0.19 目标>0.8
[INFO] [1790744732.590291559] [exploration]: v=+0.00 w=-0.50 | 转向中 front=0.18 目标>0.8
[INFO] [1790744732.990470778] [exploration]: v=-0.08 w=+0.00 | 卡死：3.0s 内位移 < 0.05m，倒退脱困
[INFO] [1790744733.091716734] [exploration]: v=-0.08 w=+0.00 | 脱困：倒退
[INFO] [1790744734.992705740] [exploration]: v=+0.00 w=+0.00 | 脱困完成，停稳
[INFO] [1790744735.093642932] [exploration]: v=+0.00 w=-0.50 | 转向中 front=0.14 目标>0.8
[INFO] [1790744735.193582803] [exploration]: v=+0.00 w=-0.50 | 转向中 front=0.34 目标>0.8
[INFO] [1790744735.294008610] [exploration]: v=+0.00 w=-0.50 | 转向中 front=0.13 目标>0.8
[INFO] [1790744735.494089198] [exploration]: v=+0.00 w=-0.50 | 转向中 front=0.15 目标>0.8
[INFO] [1790744735.594466130] [exploration]: v=+0.00 w=-0.50 | 转向中 front=0.36 目标>0.8
[INFO] [1790744735.794113708] [exploration]: v=+0.00 w=-0.50 | 转向中 front=0.40 目标>0.8
[INFO] [1790744735.894538648] [exploration]: v=+0.00 w=+0.00 | 转向完成，停稳 front=1.10
[INFO] [1790744735.995003182] [exploration]: v=+0.20 w=+0.00 | 直行 d=1.11
[INFO] [1790744736.095539797] [exploration]: v=+0.20 w=+0.00 | 直行 d=1.10
[INFO] [1790744736.295036997] [exploration]: v=+0.20 w=+0.00 | 直行 d=1.09
[INFO] [1790744736.395461273] [exploration]: v=+0.20 w=+0.00 | 直行 d=1.06
[INFO] [1790744736.495172682] [exploration]: v=+0.20 w=+0.00 | 直行 d=1.05
[INFO] [1790744736.595392825] [exploration]: v=+0.20 w=+0.00 | 直行 d=1.02
[INFO] [1790744736.695646122] [exploration]: v=+0.20 w=+0.00 | 直行 d=1.01
[INFO] [1790744736.795015631] [exploration]: v=+0.20 w=+0.00 | 直行 d=0.99
[INFO] [1790744736.895534401] [exploration]: v=+0.20 w=+0.00 | 直行 d=0.97
[INFO] [1790744736.995010350] [exploration]: v=+0.20 w=+0.00 | 直行 d=0.95
[INFO] [1790744737.095674379] [exploration]: v=+0.20 w=+0.00 | 直行 d=0.92
[INFO] [1790744737.196197923] [exploration]: v=+0.20 w=+0.00 | 直行 d=0.91
[INFO] [1790744737.295140745] [exploration]: v=+0.20 w=+0.00 | 直行 d=0.89
[INFO] [1790744737.496258247] [exploration]: v=+0.20 w=+0.00 | 直行 d=0.87
[INFO] [1790744737.596280937] [exploration]: v=+0.20 w=+0.00 | 直行 d=0.88
[INFO] [1790744737.996756386] [exploration]: v=+0.20 w=+0.00 | 直行 d=0.89
[INFO] [1790744738.195943209] [exploration]: v=+0.00 w=-0.50 | 转向，由于危险 d=0.40
[INFO] [1790744738.296020324] [exploration]: v=+0.00 w=+0.00 | 转向完成，停稳 front=0.90
[INFO] [1790744738.396881976] [exploration]: v=+0.00 w=-0.50 | 转向，由于危险 d=0.30
[INFO] [1790744738.497789192] [exploration]: v=+0.00 w=-0.50 | 转向中 front=0.27 目标>0.8
[INFO] [1790744738.597197384] [exploration]: v=+0.00 w=+0.00 | 转向完成，停稳 front=0.88
[INFO] [1790744738.696217499] [exploration]: v=+0.20 w=+0.00 | 直行 d=0.90
[INFO] [1790744738.896957610] [exploration]: v=+0.20 w=+0.00 | 直行 d=0.88
[INFO] [1790744738.997032981] [exploration]: v=+0.00 w=-0.50 | 转向，由于危险 d=0.40
[INFO] [1790744739.098044786] [exploration]: v=+0.00 w=+0.00 | 转向完成，停稳 front=0.87
[INFO] [1790744739.197767222] [exploration]: v=+0.00 w=-0.50 | 转向，由于危险 d=0.40
[INFO] [1790744739.297173739] [exploration]: v=+0.00 w=-0.50 | 转向中 front=0.30 目标>0.8
[INFO] [1790744739.397270137] [exploration]: v=+0.00 w=+0.00 | 转向完成，停稳 front=0.90
[INFO] [1790744739.497020301] [exploration]: v=+0.20 w=+0.00 | 直行 d=0.89
[INFO] [1790744739.797275782] [exploration]: v=+0.20 w=+0.00 | 直行 d=0.88
[INFO] [1790744739.898357460] [exploration]: v=+0.00 w=-0.50 | 转向，由于危险 d=0.40
[INFO] [1790744739.998021965] [exploration]: v=+0.00 w=+0.00 | 转向完成，停稳 front=0.93
[INFO] [1790744740.098677767] [exploration]: v=+0.00 w=-0.50 | 转向，由于危险 d=0.29
[INFO] [1790744740.200185749] [exploration]: v=+0.00 w=-0.50 | 转向中 front=0.28 目标>0.8
[INFO] [1790744740.299397617] [exploration]: v=+0.00 w=+0.00 | 转向完成，停稳 front=0.92
[INFO] [1790744740.399165608] [exploration]: v=+0.20 w=+0.00 | 直行 d=0.93
[INFO] [1790744740.498930815] [exploration]: v=+0.20 w=+0.00 | 直行 d=0.92
[INFO] [1790744740.699765977] [exploration]: v=+0.00 w=-0.50 | 转向，由于危险 d=0.40
[INFO] [1790744740.800356616] [exploration]: v=+0.00 w=+0.00 | 转向完成，停稳 front=0.93
[INFO] [1790744740.899792266] [exploration]: v=+0.00 w=-0.50 | 转向，由于危险 d=0.28
[INFO] [1790744741.000348423] [exploration]: v=+0.00 w=-0.50 | 转向中 front=0.28 目标>0.8
[INFO] [1790744741.100179528] [exploration]: v=+0.00 w=+0.00 | 转向完成，停稳 front=0.95
[INFO] [1790744741.199735060] [exploration]: v=+0.20 w=+0.00 | 直行 d=0.94
[INFO] [1790744741.300214376] [exploration]: v=+0.20 w=+0.00 | 直行 d=0.93
[INFO] [1790744741.401704031] [exploration]: v=+0.20 w=+0.00 | 直行 d=0.94
[INFO] [1790744741.501060904] [exploration]: v=+0.20 w=+0.00 | 直行 d=0.93
[INFO] [1790744741.600429957] [exploration]: v=+0.00 w=-0.50 | 转向，由于危险 d=0.40
[INFO] [1790744741.702758745] [exploration]: v=+0.00 w=+0.00 | 转向完成，停稳 front=0.95
[INFO] [1790744741.801187572] [exploration]: v=+0.00 w=-0.50 | 转向，由于危险 d=0.40
[INFO] [1790744741.901164914] [exploration]: v=+0.00 w=+0.00 | 转向完成，停稳 front=0.97
[INFO] [1790744742.001394277] [exploration]: v=+0.00 w=-0.50 | 转向，由于危险 d=0.40
[INFO] [1790744742.101392872] [exploration]: v=+0.00 w=+0.00 | 转向完成，停稳 front=0.97
[INFO] [1790744742.201736968] [exploration]: v=+0.20 w=+0.00 | 直行 d=0.97
[INFO] [1790744742.301803725] [exploration]: v=+0.20 w=+0.00 | 直行 d=0.99
[INFO] [1790744742.402655486] [exploration]: v=+0.20 w=+0.00 | 直行 d=0.97
[INFO] [1790744742.503711688] [exploration]: v=+0.20 w=+0.00 | 直行 d=0.98
[INFO] [1790744742.603575465] [exploration]: v=+0.20 w=+0.00 | 直行 d=1.00
[INFO] [1790744742.702749675] [exploration]: v=+0.00 w=-0.50 | 转向，由于危险 d=0.40
[INFO] [1790744742.803182918] [exploration]: v=+0.00 w=+0.00 | 转向完成，停稳 front=1.01
[INFO] [1790744742.903232525] [exploration]: v=+0.00 w=-0.50 | 转向，由于危险 d=0.27
[INFO] [1790744743.002890813] [exploration]: v=+0.00 w=-0.50 | 转向中 front=0.27 目标>0.8
[INFO] [1790744743.104328680] [exploration]: v=+0.00 w=+0.00 | 转向完成，停稳 front=1.03
[INFO] [1790744743.203740734] [exploration]: v=+0.20 w=+0.00 | 直行 d=1.04
[INFO] [1790744743.303430225] [exploration]: v=+0.20 w=+0.00 | 直行 d=1.02
[INFO] [1790744743.403351604] [exploration]: v=+0.20 w=+0.00 | 直行 d=1.04
[INFO] [1790744743.504928031] [exploration]: v=+0.00 w=-0.50 | 转向，由于危险 d=0.40
[INFO] [1790744743.604560633] [exploration]: v=+0.00 w=+0.00 | 转向完成，停稳 front=1.05
[INFO] [1790744743.705711261] [exploration]: v=+0.00 w=-0.50 | 转向，由于危险 d=0.28
[INFO] [1790744743.804444943] [exploration]: v=+0.00 w=-0.50 | 转向中 front=0.29 目标>0.8
[INFO] [1790744743.904361099] [exploration]: v=+0.00 w=+0.00 | 转向完成，停稳 front=1.10
[INFO] [1790744744.006616165] [exploration]: v=+0.20 w=+0.00 | 直行 d=1.08
[INFO] [1790744744.304494819] [exploration]: v=+0.20 w=+0.00 | 直行 d=1.12
[INFO] [1790744744.405252236] [exploration]: v=+0.00 w=-0.50 | 转向，由于危险 d=0.40
[INFO] [1790744744.504676603] [exploration]: v=+0.00 w=-0.50 | 转向中 front=0.29 目标>0.8
[INFO] [1790744744.604981161] [exploration]: v=+0.00 w=-0.50 | 转向中 front=0.27 目标>0.8
[INFO] [1790744744.806477255] [exploration]: v=+0.00 w=+0.00 | 转向完成，停稳 front=1.19
[INFO] [1790744744.906161117] [exploration]: v=+0.00 w=-0.50 | 转向，由于危险 d=0.40
[INFO] [1790744745.006104653] [exploration]: v=+0.00 w=+0.00 | 转向完成，停稳 front=1.19
[INFO] [1790744745.106812243] [exploration]: v=+0.20 w=+0.00 | 直行 d=1.17
[INFO] [1790744745.206096704] [exploration]: v=+0.20 w=+0.00 | 直行 d=1.19
[INFO] [1790744745.306531263] [exploration]: v=+0.20 w=+0.00 | 直行 d=1.20
[INFO] [1790744745.406159067] [exploration]: v=+0.20 w=+0.00 | 直行 d=1.23
[INFO] [1790744745.506617867] [exploration]: v=+0.20 w=+0.00 | 直行 d=1.25
[INFO] [1790744745.606917217] [exploration]: v=+0.00 w=-0.50 | 转向，由于危险 d=0.40
[INFO] [1790744745.707530383] [exploration]: v=+0.00 w=+0.00 | 转向完成，停稳 front=1.30
[INFO] [1790744745.807963238] [exploration]: v=+0.00 w=-0.50 | 转向，由于危险 d=0.40
[INFO] [1790744745.908667094] [exploration]: v=+0.00 w=-0.50 | 转向中 front=0.29 目标>0.8
[INFO] [1790744746.008789416] [exploration]: v=+0.00 w=+0.00 | 转向完成，停稳 front=1.35
[INFO] [1790744746.108838970] [exploration]: v=+0.20 w=+0.00 | 直行 d=1.33
[INFO] [1790744746.207763944] [exploration]: v=+0.20 w=+0.00 | 直行 d=1.34
[INFO] [1790744746.309661542] [exploration]: v=+0.20 w=+0.00 | 直行 d=1.38
[INFO] [1790744746.409199316] [exploration]: v=+0.20 w=+0.00 | 直行 d=1.39
[INFO] [1790744746.508040185] [exploration]: v=+0.00 w=-0.50 | 转向，由于危险 d=0.40
[INFO] [1790744746.608110684] [exploration]: v=+0.00 w=+0.00 | 转向完成，停稳 front=1.48
[INFO] [1790744746.709641485] [exploration]: v=+0.00 w=-0.50 | 转向，由于危险 d=0.40
[INFO] [1790744746.809375993] [exploration]: v=+0.00 w=+0.00 | 转向完成，停稳 front=1.49
[INFO] [1790744746.909348304] [exploration]: v=+0.00 w=-0.50 | 转向，由于危险 d=0.40
[INFO] [1790744747.009535664] [exploration]: v=+0.00 w=+0.00 | 转向完成，停稳 front=1.51
[INFO] [1790744747.110666625] [exploration]: v=+0.20 w=+0.00 | 直行 d=1.49
[INFO] [1790744747.210875143] [exploration]: v=+0.20 w=+0.00 | 直行 d=1.52
[INFO] [1790744747.310224643] [exploration]: v=+0.20 w=+0.00 | 直行 d=1.49
[INFO] [1790744747.411662162] [exploration]: v=+0.20 w=+0.00 | 直行 d=1.55
[INFO] [1790744747.610157475] [exploration]: v=+0.00 w=+0.50 | 转向，由于危险 d=0.40
[INFO] [1790744747.710337186] [exploration]: v=+0.00 w=+0.50 | 转向中 front=0.28 目标>0.8
[INFO] [1790744747.810849518] [exploration]: v=+0.00 w=+0.50 | 转向中 front=0.26 目标>0.8
[INFO] [1790744747.910728457] [exploration]: v=+0.00 w=+0.50 | 转向中 front=0.24 目标>0.8
[INFO] [1790744748.012320813] [exploration]: v=+0.00 w=+0.50 | 转向中 front=0.14 目标>0.8
[INFO] [1790744748.112363749] [exploration]: v=+0.00 w=+0.50 | 转向中 front=0.13 目标>0.8
[INFO] [1790744748.213384247] [exploration]: v=+0.00 w=+0.50 | 转向中 front=0.22 目标>0.8
[INFO] [1790744748.312062612] [exploration]: v=+0.00 w=+0.50 | 转向中 front=0.20 目标>0.8
[INFO] [1790744748.513957194] [exploration]: v=+0.00 w=+0.50 | 转向中 front=0.19 目标>0.8
[INFO] [1790744748.613609928] [exploration]: v=+0.00 w=+0.50 | 转向中 front=0.18 目标>0.8
[INFO] [1790744748.713424908] [exploration]: v=+0.00 w=+0.50 | 转向中 front=0.19 目标>0.8
[INFO] [1790744749.313766501] [exploration]: v=+0.00 w=+0.50 | 转向中 front=0.18 目标>0.8
[INFO] [1790744749.414105515] [exploration]: v=-0.08 w=+0.00 | 卡死：3.0s 内位移 < 0.05m，倒退脱困
[INFO] [1790744749.513068836] [exploration]: v=-0.08 w=+0.00 | 脱困：倒退
[INFO] [1790744751.417343659] [exploration]: v=+0.00 w=+0.00 | 脱困完成，停稳
[INFO] [1790744751.517189169] [exploration]: v=+0.00 w=+0.50 | 转向中 front=0.14 目标>0.8
[INFO] [1790744751.617249842] [exploration]: v=+0.00 w=+0.50 | 转向中 front=0.34 目标>0.8
[INFO] [1790744751.716909621] [exploration]: v=+0.00 w=+0.50 | 转向中 front=0.13 目标>0.8
[INFO] [1790744751.818392346] [exploration]: v=+0.00 w=+0.50 | 转向中 front=0.14 目标>0.8
