[INFO] [1790739418.204855301] [exploration]: 探索节点已启动
[INFO] [1790739418.205840402] [exploration]: v=+0.20 w=+0.00 | 直行 d=2.47
[INFO] [1790739418.395854559] [exploration]: v=+0.20 w=+0.00 | 直行 d=2.57
[INFO] [1790739418.495487957] [exploration]: v=+0.20 w=+0.00 | 直行 d=2.66
[INFO] [1790739418.597085856] [exploration]: v=+0.20 w=+0.00 | 直行 d=2.69
[INFO] [1790739418.697339703] [exploration]: v=+0.20 w=+0.00 | 直行 d=2.71
[INFO] [1790739418.796937632] [exploration]: v=+0.20 w=+0.00 | 直行 d=2.75
[INFO] [1790739418.896632277] [exploration]: v=+0.20 w=+0.00 | 直行 d=2.76
[INFO] [1790739418.996650830] [exploration]: v=+0.20 w=+0.00 | 直行 d=2.79
[INFO] [1790739419.097394544] [exploration]: v=+0.20 w=+0.00 | 直行 d=2.80
[INFO] [1790739419.197183896] [exploration]: v=+0.20 w=+0.00 | 直行 d=2.84
[INFO] [1790739419.295391406] [exploration]: v=+0.20 w=+0.00 | 直行 d=2.85
[INFO] [1790739419.397405232] [exploration]: v=+0.20 w=+0.00 | 直行 d=2.88
[INFO] [1790739419.496769097] [exploration]: v=+0.20 w=+0.00 | 直行 d=2.91
[INFO] [1790739419.697328508] [exploration]: v=+0.20 w=+0.00 | 直行 d=2.90
[INFO] [1790739419.797313896] [exploration]: v=+0.20 w=+0.00 | 直行 d=2.89
[INFO] [1790739419.898228625] [exploration]: v=+0.20 w=+0.00 | 直行 d=2.86
[INFO] [1790739419.997809306] [exploration]: v=+0.20 w=+0.00 | 直行 d=2.83
[INFO] [1790739420.097827952] [exploration]: v=+0.20 w=+0.00 | 直行 d=2.82
[INFO] [1790739420.197819534] [exploration]: v=+0.20 w=+0.00 | 直行 d=2.79
[INFO] [1790739420.398339213] [exploration]: v=+0.20 w=+0.00 | 直行 d=2.76
[INFO] [1790739420.498308333] [exploration]: v=+0.20 w=+0.00 | 直行 d=2.73
[INFO] [1790739420.597820881] [exploration]: v=+0.20 w=+0.00 | 直行 d=2.71
[INFO] [1790739420.697605997] [exploration]: v=+0.20 w=+0.00 | 直行 d=2.69
[INFO] [1790739420.798449678] [exploration]: v=+0.20 w=+0.00 | 直行 d=2.68
[INFO] [1790739420.898146218] [exploration]: v=+0.20 w=+0.00 | 直行 d=2.66
[INFO] [1790739420.999217570] [exploration]: v=+0.20 w=+0.00 | 直行 d=2.65
[INFO] [1790739421.098206463] [exploration]: v=+0.20 w=+0.00 | 直行 d=2.63
[INFO] [1790739421.198294696] [exploration]: v=+0.20 w=+0.00 | 直行 d=2.60
[INFO] [1790739421.298269234] [exploration]: v=+0.20 w=+0.00 | 直行 d=2.58
[INFO] [1790739421.399551912] [exploration]: v=+0.20 w=+0.00 | 直行 d=2.57
[INFO] [1790739421.499700912] [exploration]: v=+0.20 w=+0.00 | 直行 d=2.55
[INFO] [1790739421.599316016] [exploration]: v=+0.20 w=+0.00 | 直行 d=2.53
[INFO] [1790739421.699007363] [exploration]: v=+0.20 w=+0.00 | 直行 d=2.50
[INFO] [1790739421.799702764] [exploration]: v=+0.20 w=+0.00 | 直行 d=2.49
[INFO] [1790739421.899861604] [exploration]: v=+0.20 w=+0.00 | 直行 d=2.47
[INFO] [1790739422.000450193] [exploration]: v=+0.20 w=+0.00 | 直行 d=2.45
[INFO] [1790739422.100173150] [exploration]: v=+0.20 w=+0.00 | 直行 d=2.43
[INFO] [1790739422.200117210] [exploration]: v=+0.20 w=+0.00 | 直行 d=2.41
[INFO] [1790739422.300689064] [exploration]: v=+0.20 w=+0.00 | 直行 d=2.39
[INFO] [1790739422.401176961] [exploration]: v=+0.20 w=+0.00 | 直行 d=2.38
[INFO] [1790739422.500087181] [exploration]: v=+0.20 w=+0.00 | 直行 d=2.35
[INFO] [1790739422.601683407] [exploration]: v=+0.20 w=+0.00 | 直行 d=2.33
[INFO] [1790739422.702012968] [exploration]: v=+0.20 w=+0.00 | 直行 d=2.31
[INFO] [1790739422.801446929] [exploration]: v=+0.20 w=+0.00 | 直行 d=2.29
[INFO] [1790739422.900418098] [exploration]: v=+0.20 w=+0.00 | 直行 d=2.27
[INFO] [1790739423.003318127] [exploration]: v=+0.20 w=+0.00 | 直行 d=2.25
[INFO] [1790739423.102795551] [exploration]: v=+0.20 w=+0.00 | 直行 d=2.23
[INFO] [1790739423.204281014] [exploration]: v=+0.20 w=+0.00 | 直行 d=2.21
[INFO] [1790739423.302381705] [exploration]: v=+0.20 w=+0.00 | 直行 d=2.19
[INFO] [1790739423.402922310] [exploration]: v=+0.20 w=+0.00 | 直行 d=2.17
[INFO] [1790739423.501418251] [exploration]: v=+0.20 w=+0.00 | 直行 d=2.15
[INFO] [1790739423.603712502] [exploration]: v=+0.20 w=+0.00 | 直行 d=2.14
[INFO] [1790739423.704755797] [exploration]: v=+0.20 w=+0.00 | 直行 d=2.11
[INFO] [1790739423.803130947] [exploration]: v=+0.20 w=+0.00 | 直行 d=2.10
[INFO] [1790739423.904053325] [exploration]: v=+0.20 w=+0.00 | 直行 d=2.07
[INFO] [1790739424.003027188] [exploration]: v=+0.20 w=+0.00 | 直行 d=2.06
[INFO] [1790739424.104458060] [exploration]: v=+0.20 w=+0.00 | 直行 d=2.03
[INFO] [1790739424.204706984] [exploration]: v=+0.20 w=+0.00 | 直行 d=2.01
[INFO] [1790739424.305838776] [exploration]: v=+0.20 w=+0.00 | 直行 d=1.99
[INFO] [1790739424.504179873] [exploration]: v=+0.20 w=+0.00 | 直行 d=1.95
[INFO] [1790739424.604689788] [exploration]: v=+0.20 w=+0.00 | 直行 d=1.94
[INFO] [1790739424.705874715] [exploration]: v=+0.20 w=+0.00 | 直行 d=1.91
[INFO] [1790739424.806467783] [exploration]: v=+0.20 w=+0.00 | 直行 d=1.89
[INFO] [1790739424.906070452] [exploration]: v=+0.20 w=+0.00 | 直行 d=1.87
[INFO] [1790739425.005987487] [exploration]: v=+0.20 w=+0.00 | 直行 d=1.86
[INFO] [1790739425.106865441] [exploration]: v=+0.20 w=+0.00 | 直行 d=1.83
[INFO] [1790739425.206310113] [exploration]: v=+0.20 w=+0.00 | 直行 d=1.81
[INFO] [1790739425.305930454] [exploration]: v=+0.20 w=+0.00 | 直行 d=1.80
[INFO] [1790739425.407435238] [exploration]: v=+0.20 w=+0.00 | 直行 d=1.77
[INFO] [1790739425.506713958] [exploration]: v=+0.20 w=+0.00 | 直行 d=1.75
[INFO] [1790739425.607618190] [exploration]: v=+0.20 w=+0.00 | 直行 d=1.73
[INFO] [1790739425.708065099] [exploration]: v=+0.20 w=+0.00 | 直行 d=1.72
[INFO] [1790739425.807941336] [exploration]: v=+0.20 w=+0.00 | 直行 d=1.69
[INFO] [1790739425.907599584] [exploration]: v=+0.20 w=+0.00 | 直行 d=1.68
[INFO] [1790739426.008738159] [exploration]: v=+0.20 w=+0.00 | 直行 d=1.65
[INFO] [1790739426.108710686] [exploration]: v=+0.20 w=+0.00 | 直行 d=1.63
[INFO] [1790739426.207627759] [exploration]: v=+0.20 w=+0.00 | 直行 d=1.61
[INFO] [1790739426.307917333] [exploration]: v=+0.20 w=+0.00 | 直行 d=1.59
[INFO] [1790739426.408078078] [exploration]: v=+0.20 w=+0.00 | 直行 d=1.58
[INFO] [1790739426.506295785] [exploration]: v=+0.20 w=+0.00 | 直行 d=1.56
[INFO] [1790739426.609014928] [exploration]: v=+0.20 w=+0.00 | 直行 d=1.54
[INFO] [1790739426.709497936] [exploration]: v=+0.20 w=+0.00 | 直行 d=1.51
[INFO] [1790739426.808613967] [exploration]: v=+0.20 w=+0.00 | 直行 d=1.50
[INFO] [1790739426.908299893] [exploration]: v=+0.20 w=+0.00 | 直行 d=1.48
[INFO] [1790739427.009055363] [exploration]: v=+0.20 w=+0.00 | 直行 d=1.46
[INFO] [1790739427.108304845] [exploration]: v=+0.20 w=+0.00 | 直行 d=1.44
[INFO] [1790739427.208654758] [exploration]: v=+0.20 w=+0.00 | 直行 d=1.42
[INFO] [1790739427.309282737] [exploration]: v=+0.20 w=+0.00 | 直行 d=1.39
[INFO] [1790739427.410192116] [exploration]: v=+0.20 w=+0.00 | 直行 d=1.38
[INFO] [1790739427.510528096] [exploration]: v=+0.20 w=+0.00 | 直行 d=1.36
[INFO] [1790739427.610371002] [exploration]: v=+0.20 w=+0.00 | 直行 d=1.33
[INFO] [1790739427.710561679] [exploration]: v=+0.20 w=+0.00 | 直行 d=1.32
[INFO] [1790739427.810620170] [exploration]: v=+0.20 w=+0.00 | 直行 d=1.30
[INFO] [1790739427.910397434] [exploration]: v=+0.20 w=+0.00 | 直行 d=1.28
[INFO] [1790739428.011178313] [exploration]: v=+0.20 w=+0.00 | 直行 d=1.25
[INFO] [1790739428.112221042] [exploration]: v=+0.20 w=+0.00 | 直行 d=1.24
[INFO] [1790739428.212164826] [exploration]: v=+0.20 w=+0.00 | 直行 d=1.21
[INFO] [1790739428.312304287] [exploration]: v=+0.20 w=+0.00 | 直行 d=1.19
[INFO] [1790739428.412568880] [exploration]: v=+0.20 w=+0.00 | 直行 d=1.18
[INFO] [1790739428.511999803] [exploration]: v=+0.20 w=+0.00 | 直行 d=1.16
[INFO] [1790739428.613223400] [exploration]: v=+0.20 w=+0.00 | 直行 d=1.13
[INFO] [1790739428.712099759] [exploration]: v=+0.20 w=+0.00 | 直行 d=1.12
[INFO] [1790739428.812955036] [exploration]: v=+0.20 w=+0.00 | 直行 d=1.10
[INFO] [1790739428.913655170] [exploration]: v=+0.20 w=+0.00 | 直行 d=1.08
[INFO] [1790739429.013588417] [exploration]: v=+0.20 w=+0.00 | 直行 d=1.06
[INFO] [1790739429.113344837] [exploration]: v=+0.20 w=+0.00 | 直行 d=1.03
[INFO] [1790739429.214184637] [exploration]: v=+0.20 w=+0.00 | 直行 d=1.02
[INFO] [1790739429.313836001] [exploration]: v=+0.20 w=+0.00 | 直行 d=1.00
[INFO] [1790739429.414769588] [exploration]: v=+0.20 w=+0.00 | 直行 d=0.97
[INFO] [1790739429.513291466] [exploration]: v=+0.20 w=+0.00 | 直行 d=0.96
[INFO] [1790739429.613398649] [exploration]: v=+0.20 w=+0.00 | 直行 d=0.93
[INFO] [1790739429.714698310] [exploration]: v=+0.20 w=+0.00 | 直行 d=0.92
[INFO] [1790739429.813576045] [exploration]: v=+0.20 w=+0.00 | 直行 d=0.90
[INFO] [1790739429.914376831] [exploration]: v=+0.20 w=+0.00 | 直行 d=0.88
[INFO] [1790739430.014947033] [exploration]: v=+0.20 w=+0.00 | 直行 d=0.86
[INFO] [1790739430.115504297] [exploration]: v=+0.20 w=+0.00 | 直行 d=0.83
[INFO] [1790739430.215795094] [exploration]: v=+0.20 w=+0.00 | 直行 d=0.81
[INFO] [1790739430.315164004] [exploration]: v=+0.09 w=+0.00 | 减速 d=0.80
[INFO] [1790739430.414706002] [exploration]: v=+0.08 w=+0.00 | 减速 d=0.78
[INFO] [1790739430.514891215] [exploration]: v=+0.00 w=-0.50 | 转向，由于危险 d=0.15
[INFO] [1790739430.614304665] [exploration]: v=+0.00 w=-0.50 | 转向中 front=0.75 目标>0.8
[INFO] [1790739430.713792636] [exploration]: v=+0.00 w=-0.50 | 转向中 front=0.16 目标>0.8
[INFO] [1790739430.815145624] [exploration]: v=+0.00 w=-0.50 | 转向中 front=0.14 目标>0.8
[INFO] [1790739430.914452273] [exploration]: v=+0.00 w=-0.50 | 转向中 front=0.15 目标>0.8
[INFO] [1790739431.115116700] [exploration]: v=+0.00 w=-0.50 | 转向中 front=0.13 目标>0.8
[INFO] [1790739431.215311863] [exploration]: v=+0.00 w=-0.50 | 转向中 front=0.14 目标>0.8
[INFO] [1790739431.315369447] [exploration]: v=+0.00 w=-0.50 | 转向中 front=0.77 目标>0.8
[INFO] [1790739431.415453522] [exploration]: v=+0.00 w=-0.50 | 转向中 front=0.78 目标>0.8
[INFO] [1790739431.517249038] [exploration]: v=+0.00 w=-0.50 | 转向中 front=0.77 目标>0.8
[INFO] [1790739431.618384390] [exploration]: v=+0.00 w=-0.50 | 转向中 front=0.79 目标>0.8
[INFO] [1790739431.716289477] [exploration]: v=+0.00 w=+0.00 | 转向完成，停稳 front=0.80
[INFO] [1790739431.817839687] [exploration]: v=+0.20 w=+0.00 | 直行 d=0.83
[INFO] [1790739431.918018090] [exploration]: v=+0.20 w=+0.00 | 直行 d=0.82
[INFO] [1790739432.018409308] [exploration]: v=+0.20 w=+0.00 | 直行 d=0.81
[INFO] [1790739432.119050943] [exploration]: v=+0.09 w=+0.00 | 减速 d=0.80
[INFO] [1790739432.319954904] [exploration]: v=+0.08 w=+0.00 | 减速 d=0.78
[INFO] [1790739432.419691251] [exploration]: v=+0.00 w=-0.50 | 转向，由于危险 d=0.14
[INFO] [1790739432.518916664] [exploration]: v=+0.00 w=-0.50 | 转向中 front=0.14 目标>0.8
[INFO] [1790739432.618304378] [exploration]: v=+0.00 w=-0.50 | 转向中 front=0.13 目标>0.8
[INFO] [1790739432.718699476] [exploration]: v=+0.00 w=-0.50 | 转向中 front=0.14 目标>0.8
[INFO] [1790739433.017987651] [exploration]: v=+0.00 w=+0.00 | 转向完成，停稳 front=0.85
[INFO] [1790739433.118235177] [exploration]: v=+0.00 w=-0.50 | 转向，由于危险 d=0.14
[INFO] [1790739433.218900480] [exploration]: v=+0.00 w=+0.00 | 转向完成，停稳 front=0.90
[INFO] [1790739433.318654647] [exploration]: v=+0.20 w=+0.00 | 直行 d=0.90
[INFO] [1790739433.419902626] [exploration]: v=+0.20 w=+0.00 | 直行 d=0.93
[INFO] [1790739433.519813101] [exploration]: v=+0.20 w=+0.00 | 直行 d=0.94
[INFO] [1790739433.620975423] [exploration]: v=+0.20 w=+0.00 | 直行 d=0.92
[INFO] [1790739433.721216723] [exploration]: v=+0.20 w=+0.00 | 直行 d=0.91
[INFO] [1790739433.821204533] [exploration]: v=+0.20 w=+0.00 | 直行 d=0.89
[INFO] [1790739433.920798209] [exploration]: v=+0.20 w=+0.00 | 直行 d=0.87
[INFO] [1790739434.021897873] [exploration]: v=+0.20 w=+0.00 | 直行 d=0.86
[INFO] [1790739434.121283630] [exploration]: v=+0.20 w=+0.00 | 直行 d=0.85
[INFO] [1790739434.220851524] [exploration]: v=+0.20 w=+0.00 | 直行 d=0.82
[INFO] [1790739434.321334883] [exploration]: v=+0.20 w=+0.00 | 直行 d=0.81
[INFO] [1790739434.421981378] [exploration]: v=+0.09 w=+0.00 | 减速 d=0.79
[INFO] [1790739434.522010441] [exploration]: v=+0.08 w=+0.00 | 减速 d=0.77
[INFO] [1790739434.621048756] [exploration]: v=+0.00 w=-0.50 | 转向，由于危险 d=0.14
[INFO] [1790739434.721734499] [exploration]: v=+0.00 w=-0.50 | 转向中 front=0.76 目标>0.8
[INFO] [1790739434.822752376] [exploration]: v=+0.00 w=-0.50 | 转向中 front=0.71 目标>0.8
[INFO] [1790739434.921548640] [exploration]: v=+0.00 w=-0.50 | 转向中 front=0.78 目标>0.8
[INFO] [1790739435.021926507] [exploration]: v=+0.00 w=+0.00 | 转向完成，停稳 front=0.83
[INFO] [1790739435.122287747] [exploration]: v=+0.00 w=-0.50 | 转向，由于危险 d=0.40
[INFO] [1790739435.220592209] [exploration]: v=+0.00 w=-0.50 | 转向中 front=0.15 目标>0.8
[INFO] [1790739435.320902863] [exploration]: v=+0.00 w=-0.50 | 转向中 front=0.13 目标>0.8
[INFO] [1790739435.422878979] [exploration]: v=+0.00 w=-0.50 | 转向中 front=0.14 目标>0.8
[INFO] [1790739435.522908019] [exploration]: v=+0.00 w=+0.00 | 转向完成，停稳 front=1.12
[INFO] [1790739435.622653962] [exploration]: v=+0.20 w=+0.00 | 直行 d=1.19
[INFO] [1790739435.723097475] [exploration]: v=+0.20 w=+0.00 | 直行 d=1.20
[INFO] [1790739435.823835210] [exploration]: v=+0.20 w=+0.00 | 直行 d=1.18
[INFO] [1790739435.923592712] [exploration]: v=+0.20 w=+0.00 | 直行 d=1.21
[INFO] [1790739436.024091997] [exploration]: v=+0.20 w=+0.00 | 直行 d=1.19
[INFO] [1790739436.123899404] [exploration]: v=+0.20 w=+0.00 | 直行 d=1.18
[INFO] [1790739436.224568917] [exploration]: v=+0.20 w=+0.00 | 直行 d=1.16
[INFO] [1790739436.423914290] [exploration]: v=+0.20 w=+0.00 | 直行 d=1.14
[INFO] [1790739436.525722688] [exploration]: v=+0.20 w=+0.00 | 直行 d=1.12
[INFO] [1790739436.624951324] [exploration]: v=+0.20 w=+0.00 | 直行 d=2.84
[INFO] [1790739436.724398362] [exploration]: v=+0.20 w=+0.00 | 直行 d=2.80
[INFO] [1790739436.925742449] [exploration]: v=+0.20 w=+0.00 | 直行 d=2.77
[INFO] [1790739437.026035996] [exploration]: v=+0.20 w=+0.00 | 直行 d=2.76
[INFO] [1790739437.124336967] [exploration]: v=+0.20 w=+0.00 | 直行 d=2.75
[INFO] [1790739437.225308287] [exploration]: v=+0.20 w=+0.00 | 直行 d=2.72
[INFO] [1790739437.323739183] [exploration]: v=+0.20 w=+0.00 | 直行 d=2.70
[INFO] [1790739437.426091966] [exploration]: v=+0.20 w=+0.00 | 直行 d=2.68
[INFO] [1790739437.526530369] [exploration]: v=+0.20 w=+0.00 | 直行 d=2.67
[INFO] [1790739437.626351716] [exploration]: v=+0.20 w=+0.00 | 直行 d=2.65
[INFO] [1790739437.726715396] [exploration]: v=+0.20 w=+0.00 | 直行 d=2.64
[INFO] [1790739437.825518541] [exploration]: v=+0.20 w=+0.00 | 直行 d=2.61
[INFO] [1790739437.926215647] [exploration]: v=+0.20 w=+0.00 | 直行 d=2.60
[INFO] [1790739438.026929457] [exploration]: v=+0.20 w=+0.00 | 直行 d=2.58
[INFO] [1790739438.126809224] [exploration]: v=+0.20 w=+0.00 | 直行 d=2.55
[INFO] [1790739438.226404245] [exploration]: v=+0.20 w=+0.00 | 直行 d=2.53
[INFO] [1790739438.326583055] [exploration]: v=+0.20 w=+0.00 | 直行 d=2.50
[INFO] [1790739438.427102189] [exploration]: v=+0.20 w=+0.00 | 直行 d=2.49
[INFO] [1790739438.526951205] [exploration]: v=+0.20 w=+0.00 | 直行 d=2.48
[INFO] [1790739438.626176932] [exploration]: v=+0.20 w=+0.00 | 直行 d=2.45
[INFO] [1790739438.727993479] [exploration]: v=+0.20 w=+0.00 | 直行 d=2.43
[INFO] [1790739438.827562168] [exploration]: v=+0.20 w=+0.00 | 直行 d=2.40
[INFO] [1790739439.027210046] [exploration]: v=+0.20 w=+0.00 | 直行 d=2.37
[INFO] [1790739439.126995021] [exploration]: v=+0.20 w=+0.00 | 直行 d=2.36
[INFO] [1790739439.226846092] [exploration]: v=+0.20 w=+0.00 | 直行 d=2.34
[INFO] [1790739439.326754786] [exploration]: v=+0.20 w=+0.00 | 直行 d=2.31
[INFO] [1790739439.528117897] [exploration]: v=+0.20 w=+0.00 | 直行 d=2.28
[INFO] [1790739439.628780342] [exploration]: v=+0.20 w=+0.00 | 直行 d=2.26
[INFO] [1790739439.728858318] [exploration]: v=+0.20 w=+0.00 | 直行 d=2.24
[INFO] [1790739439.827939301] [exploration]: v=+0.20 w=+0.00 | 直行 d=2.21
[INFO] [1790739439.928805351] [exploration]: v=+0.20 w=+0.00 | 直行 d=2.20
[INFO] [1790739440.028626817] [exploration]: v=+0.20 w=+0.00 | 直行 d=2.18
[INFO] [1790739440.128517007] [exploration]: v=+0.20 w=+0.00 | 直行 d=2.16
[INFO] [1790739440.229324517] [exploration]: v=+0.20 w=+0.00 | 直行 d=2.13
[INFO] [1790739440.329053123] [exploration]: v=+0.20 w=+0.00 | 直行 d=2.11
[INFO] [1790739440.430107178] [exploration]: v=+0.20 w=+0.00 | 直行 d=2.09
[INFO] [1790739440.530293916] [exploration]: v=+0.20 w=+0.00 | 直行 d=2.08
[INFO] [1790739440.630059822] [exploration]: v=+0.20 w=+0.00 | 直行 d=2.06
[INFO] [1790739440.730032381] [exploration]: v=+0.20 w=+0.00 | 直行 d=2.04
[INFO] [1790739440.831528679] [exploration]: v=+0.20 w=+0.00 | 直行 d=2.02
[INFO] [1790739440.931821144] [exploration]: v=+0.20 w=+0.00 | 直行 d=2.00
[INFO] [1790739441.032022861] [exploration]: v=+0.20 w=+0.00 | 直行 d=1.97
[INFO] [1790739441.130724197] [exploration]: v=+0.20 w=+0.00 | 直行 d=1.96
[INFO] [1790739441.232810930] [exploration]: v=+0.20 w=+0.00 | 直行 d=1.93
[INFO] [1790739441.331412969] [exploration]: v=+0.20 w=+0.00 | 直行 d=1.92
[INFO] [1790739441.432190893] [exploration]: v=+0.20 w=+0.00 | 直行 d=1.89
[INFO] [1790739441.532690216] [exploration]: v=+0.20 w=+0.00 | 直行 d=1.87
[INFO] [1790739441.633070736] [exploration]: v=+0.20 w=+0.00 | 直行 d=1.86
[INFO] [1790739441.732357816] [exploration]: v=+0.20 w=+0.00 | 直行 d=1.83
[INFO] [1790739441.832047615] [exploration]: v=+0.20 w=+0.00 | 直行 d=1.82
[INFO] [1790739441.931537168] [exploration]: v=+0.20 w=+0.00 | 直行 d=1.79
[INFO] [1790739442.031591024] [exploration]: v=+0.20 w=+0.00 | 直行 d=1.77
[INFO] [1790739442.131961381] [exploration]: v=+0.20 w=+0.00 | 直行 d=1.76
[INFO] [1790739442.232446753] [exploration]: v=+0.20 w=+0.00 | 直行 d=1.73
[INFO] [1790739442.332195535] [exploration]: v=+0.20 w=+0.00 | 直行 d=1.72
[INFO] [1790739442.432519249] [exploration]: v=+0.20 w=+0.00 | 直行 d=1.71
[INFO] [1790739442.532463987] [exploration]: v=+0.20 w=+0.00 | 直行 d=1.67
[INFO] [1790739442.633463981] [exploration]: v=+0.20 w=+0.00 | 直行 d=1.65
[INFO] [1790739442.733985106] [exploration]: v=+0.20 w=+0.00 | 直行 d=1.63
[INFO] [1790739442.834060228] [exploration]: v=+0.20 w=+0.00 | 直行 d=1.62
[INFO] [1790739442.934264989] [exploration]: v=+0.20 w=+0.00 | 直行 d=1.60
[INFO] [1790739443.033419633] [exploration]: v=+0.20 w=+0.00 | 直行 d=1.58
[INFO] [1790739443.133085598] [exploration]: v=+0.20 w=+0.00 | 直行 d=1.56
[INFO] [1790739443.233091044] [exploration]: v=+0.20 w=+0.00 | 直行 d=1.54
[INFO] [1790739443.332227981] [exploration]: v=+0.20 w=+0.00 | 直行 d=1.51
[INFO] [1790739443.434132509] [exploration]: v=+0.20 w=+0.00 | 直行 d=1.50
[INFO] [1790739443.534836958] [exploration]: v=+0.20 w=+0.00 | 直行 d=1.48
[INFO] [1790739443.634880067] [exploration]: v=+0.20 w=+0.00 | 直行 d=1.46
[INFO] [1790739443.734658658] [exploration]: v=+0.20 w=+0.00 | 直行 d=1.44
[INFO] [1790739443.834874170] [exploration]: v=+0.20 w=+0.00 | 直行 d=1.42
[INFO] [1790739443.934619711] [exploration]: v=+0.20 w=+0.00 | 直行 d=1.39
[INFO] [1790739444.034851486] [exploration]: v=+0.20 w=+0.00 | 直行 d=1.38
[INFO] [1790739444.135933278] [exploration]: v=+0.20 w=+0.00 | 直行 d=1.36
[INFO] [1790739444.235361976] [exploration]: v=+0.20 w=+0.00 | 直行 d=1.33
[INFO] [1790739444.335864107] [exploration]: v=+0.20 w=+0.00 | 直行 d=1.31
[INFO] [1790739444.436336765] [exploration]: v=+0.20 w=+0.00 | 直行 d=1.29
[INFO] [1790739444.537108668] [exploration]: v=+0.20 w=+0.00 | 直行 d=1.28
[INFO] [1790739444.636052392] [exploration]: v=+0.20 w=+0.00 | 直行 d=1.26
[INFO] [1790739444.736305643] [exploration]: v=+0.20 w=+0.00 | 直行 d=1.24
[INFO] [1790739444.836520084] [exploration]: v=+0.20 w=+0.00 | 直行 d=1.22
[INFO] [1790739444.936311350] [exploration]: v=+0.20 w=+0.00 | 直行 d=1.20
[INFO] [1790739445.037279336] [exploration]: v=+0.20 w=+0.00 | 直行 d=1.18
[INFO] [1790739445.137493404] [exploration]: v=+0.20 w=+0.00 | 直行 d=1.16
[INFO] [1790739445.236884432] [exploration]: v=+0.20 w=+0.00 | 直行 d=1.14
[INFO] [1790739445.337586176] [exploration]: v=+0.20 w=+0.00 | 直行 d=1.12
[INFO] [1790739445.437288994] [exploration]: v=+0.20 w=+0.00 | 直行 d=1.10
[INFO] [1790739445.538411973] [exploration]: v=+0.20 w=+0.00 | 直行 d=1.08
[INFO] [1790739445.638017651] [exploration]: v=+0.20 w=+0.00 | 直行 d=1.07
[INFO] [1790739445.738626719] [exploration]: v=+0.20 w=+0.00 | 直行 d=1.05
[INFO] [1790739445.838800973] [exploration]: v=+0.20 w=+0.00 | 直行 d=1.03
[INFO] [1790739445.939416025] [exploration]: v=+0.20 w=+0.00 | 直行 d=1.01
[INFO] [1790739446.038227237] [exploration]: v=+0.20 w=+0.00 | 直行 d=1.00
[INFO] [1790739446.138937376] [exploration]: v=+0.20 w=+0.00 | 直行 d=0.97
[INFO] [1790739446.237907631] [exploration]: v=+0.20 w=+0.00 | 直行 d=0.95
[INFO] [1790739446.338551125] [exploration]: v=+0.20 w=+0.00 | 直行 d=0.93
[INFO] [1790739446.439055094] [exploration]: v=+0.20 w=+0.00 | 直行 d=0.91
[INFO] [1790739446.540352387] [exploration]: v=+0.20 w=+0.00 | 直行 d=0.89
[INFO] [1790739446.640610770] [exploration]: v=+0.20 w=+0.00 | 直行 d=0.87
[INFO] [1790739446.739470313] [exploration]: v=+0.20 w=+0.00 | 直行 d=0.85
[INFO] [1790739446.839773190] [exploration]: v=+0.20 w=+0.00 | 直行 d=0.83
[INFO] [1790739446.939748415] [exploration]: v=+0.20 w=+0.00 | 直行 d=0.81
[INFO] [1790739447.040764163] [exploration]: v=+0.09 w=+0.00 | 减速 d=0.79
[INFO] [1790739447.141137956] [exploration]: v=+0.08 w=+0.00 | 减速 d=0.77
[INFO] [1790739447.240169720] [exploration]: v=+0.00 w=-0.50 | 转向，由于危险 d=0.13
[INFO] [1790739447.339253632] [exploration]: v=+0.00 w=-0.50 | 转向中 front=0.14 目标>0.8
[INFO] [1790739447.540579239] [exploration]: v=+0.00 w=-0.50 | 转向中 front=0.13 目标>0.8
[INFO] [1790739447.640006019] [exploration]: v=+0.00 w=-0.50 | 转向中 front=0.14 目标>0.8
[INFO] [1790739447.940966661] [exploration]: v=+0.00 w=-0.50 | 转向中 front=0.74 目标>0.8
[INFO] [1790739448.441676114] [exploration]: v=+0.00 w=-0.50 | 转向中 front=0.73 目标>0.8
[INFO] [1790739448.542054377] [exploration]: v=+0.00 w=-0.50 | 转向中 front=0.74 目标>0.8
[INFO] [1790739448.643069138] [exploration]: v=+0.00 w=-0.50 | 转向中 front=0.76 目标>0.8
[INFO] [1790739448.742494694] [exploration]: v=+0.00 w=-0.50 | 转向中 front=0.77 目标>0.8
[INFO] [1790739448.842143423] [exploration]: v=+0.00 w=+0.00 | 转向完成，停稳 front=1.41
[INFO] [1790739448.942566469] [exploration]: v=+0.20 w=+0.00 | 直行 d=1.37
[INFO] [1790739449.042841295] [exploration]: v=+0.20 w=+0.00 | 直行 d=1.34
[INFO] [1790739449.142228510] [exploration]: v=+0.20 w=+0.00 | 直行 d=1.33
[INFO] [1790739449.242734603] [exploration]: v=+0.20 w=+0.00 | 直行 d=1.32
[INFO] [1790739449.441929780] [exploration]: v=+0.20 w=+0.00 | 直行 d=1.30
[INFO] [1790739449.543233236] [exploration]: v=+0.20 w=+0.00 | 直行 d=1.29
[INFO] [1790739449.642460693] [exploration]: v=+0.20 w=+0.00 | 直行 d=1.27
[INFO] [1790739449.742811949] [exploration]: v=+0.20 w=+0.00 | 直行 d=1.25
[INFO] [1790739449.843007935] [exploration]: v=+0.20 w=+0.00 | 直行 d=1.24
[INFO] [1790739449.942703061] [exploration]: v=+0.20 w=+0.00 | 直行 d=1.23
[INFO] [1790739450.042918439] [exploration]: v=+0.20 w=+0.00 | 直行 d=1.21
[INFO] [1790739450.143043545] [exploration]: v=+0.20 w=+0.00 | 直行 d=1.19
[INFO] [1790739450.244114901] [exploration]: v=+0.20 w=+0.00 | 直行 d=1.18
[INFO] [1790739450.344082250] [exploration]: v=+0.20 w=+0.00 | 直行 d=1.16
[INFO] [1790739450.444793299] [exploration]: v=+0.20 w=+0.00 | 直行 d=1.15
[INFO] [1790739450.544732694] [exploration]: v=+0.20 w=+0.00 | 直行 d=1.14
[INFO] [1790739450.644491730] [exploration]: v=+0.20 w=+0.00 | 直行 d=1.12
[INFO] [1790739450.744672813] [exploration]: v=+0.20 w=+0.00 | 直行 d=1.09
[INFO] [1790739450.944491421] [exploration]: v=+0.20 w=+0.00 | 直行 d=1.07
[INFO] [1790739451.045500542] [exploration]: v=+0.20 w=+0.00 | 直行 d=1.04
[INFO] [1790739451.144552066] [exploration]: v=+0.20 w=+0.00 | 直行 d=1.03
[INFO] [1790739451.245058457] [exploration]: v=+0.20 w=+0.00 | 直行 d=1.01
[INFO] [1790739451.344729975] [exploration]: v=+0.20 w=+0.00 | 直行 d=1.02
[INFO] [1790739451.445473049] [exploration]: v=+0.20 w=+0.00 | 直行 d=0.99
[INFO] [1790739451.546492436] [exploration]: v=+0.20 w=+0.00 | 直行 d=0.96
[INFO] [1790739451.646790492] [exploration]: v=+0.20 w=+0.00 | 直行 d=0.95
[INFO] [1790739451.746988134] [exploration]: v=+0.20 w=+0.00 | 直行 d=0.94
[INFO] [1790739451.846545839] [exploration]: v=+0.20 w=+0.00 | 直行 d=0.92
[INFO] [1790739451.946732074] [exploration]: v=+0.20 w=+0.00 | 直行 d=0.93
[INFO] [1790739452.046602139] [exploration]: v=+0.20 w=+0.00 | 直行 d=0.89
[INFO] [1790739452.146187921] [exploration]: v=+0.20 w=+0.00 | 直行 d=0.87
[INFO] [1790739452.347612076] [exploration]: v=+0.20 w=+0.00 | 直行 d=0.85
[INFO] [1790739452.447440909] [exploration]: v=+0.20 w=+0.00 | 直行 d=0.82
[INFO] [1790739452.547648012] [exploration]: v=+0.20 w=+0.00 | 直行 d=0.84
[INFO] [1790739452.647995317] [exploration]: v=+0.20 w=+0.00 | 直行 d=0.81
[INFO] [1790739452.749046850] [exploration]: v=+0.08 w=+0.00 | 减速 d=0.77
[INFO] [1790739452.949535764] [exploration]: v=+0.00 w=-0.50 | 转向，由于危险 d=0.14
[INFO] [1790739453.048989317] [exploration]: v=+0.00 w=-0.50 | 转向中 front=0.13 目标>0.8
[INFO] [1790739453.250131960] [exploration]: v=+0.00 w=-0.50 | 转向中 front=0.14 目标>0.8
[INFO] [1790739453.349211551] [exploration]: v=+0.00 w=-0.50 | 转向中 front=0.13 目标>0.8
[INFO] [1790739453.449662062] [exploration]: v=+0.00 w=-0.50 | 转向中 front=0.63 目标>0.8
[INFO] [1790739453.549509372] [exploration]: v=+0.00 w=-0.50 | 转向中 front=0.14 目标>0.8
[INFO] [1790739453.649592538] [exploration]: v=+0.00 w=-0.50 | 转向中 front=0.60 目标>0.8
[INFO] [1790739453.749605530] [exploration]: v=+0.00 w=-0.50 | 转向中 front=0.58 目标>0.8
[INFO] [1790739453.849695145] [exploration]: v=+0.00 w=-0.50 | 转向中 front=0.57 目标>0.8
[INFO] [1790739453.949515476] [exploration]: v=+0.00 w=-0.50 | 转向中 front=0.55 目标>0.8
[INFO] [1790739454.049414662] [exploration]: v=+0.00 w=-0.50 | 转向中 front=0.53 目标>0.8
[INFO] [1790739454.148604646] [exploration]: v=+0.00 w=-0.50 | 转向中 front=0.52 目标>0.8
[INFO] [1790739454.349553190] [exploration]: v=+0.00 w=-0.50 | 转向中 front=0.50 目标>0.8
[INFO] [1790739454.549445243] [exploration]: v=+0.00 w=-0.50 | 转向中 front=0.51 目标>0.8
[INFO] [1790739454.751010493] [exploration]: v=+0.00 w=-0.50 | 转向中 front=0.50 目标>0.8
[INFO] [1790739455.051700716] [exploration]: v=+0.00 w=-0.50 | 转向中 front=0.51 目标>0.8
[INFO] [1790739455.351146211] [exploration]: v=+0.00 w=-0.50 | 转向中 front=0.57 目标>0.8
[INFO] [1790739455.452223604] [exploration]: v=+0.00 w=+0.00 | 转向完成，停稳 front=0.90
[INFO] [1790739455.552704028] [exploration]: v=+0.20 w=+0.00 | 直行 d=1.30
[INFO] [1790739455.652662202] [exploration]: v=+0.20 w=+0.00 | 直行 d=1.32
[INFO] [1790739455.752811777] [exploration]: v=+0.20 w=+0.00 | 直行 d=1.31
[INFO] [1790739455.852580777] [exploration]: v=+0.20 w=+0.00 | 直行 d=1.30
[INFO] [1790739455.953377710] [exploration]: v=+0.20 w=+0.00 | 直行 d=1.29
[INFO] [1790739456.053563089] [exploration]: v=+0.20 w=+0.00 | 直行 d=1.26
[INFO] [1790739456.154094716] [exploration]: v=+0.20 w=+0.00 | 直行 d=1.24
[INFO] [1790739456.253573559] [exploration]: v=+0.20 w=+0.00 | 直行 d=1.22
[INFO] [1790739456.354169570] [exploration]: v=+0.20 w=+0.00 | 直行 d=1.20
[INFO] [1790739456.452970887] [exploration]: v=+0.20 w=+0.00 | 直行 d=1.17
[INFO] [1790739456.553524714] [exploration]: v=+0.20 w=+0.00 | 直行 d=1.15
[INFO] [1790739456.653779965] [exploration]: v=+0.20 w=+0.00 | 直行 d=1.14
[INFO] [1790739456.754593244] [exploration]: v=+0.20 w=+0.00 | 直行 d=1.12
[INFO] [1790739456.853935182] [exploration]: v=+0.20 w=+0.00 | 直行 d=1.11
[INFO] [1790739456.954093049] [exploration]: v=+0.20 w=+0.00 | 直行 d=1.08
[INFO] [1790739457.054300354] [exploration]: v=+0.20 w=+0.00 | 直行 d=1.06
[INFO] [1790739457.154763407] [exploration]: v=+0.20 w=+0.00 | 直行 d=1.04
[INFO] [1790739457.253801945] [exploration]: v=+0.20 w=+0.00 | 直行 d=1.02
[INFO] [1790739457.354120563] [exploration]: v=+0.20 w=+0.00 | 直行 d=1.00
[INFO] [1790739457.454276800] [exploration]: v=+0.20 w=+0.00 | 直行 d=0.99
[INFO] [1790739457.555387296] [exploration]: v=+0.20 w=+0.00 | 直行 d=0.96
[INFO] [1790739457.655475499] [exploration]: v=+0.20 w=+0.00 | 直行 d=0.95
[INFO] [1790739457.755363524] [exploration]: v=+0.20 w=+0.00 | 直行 d=0.93
[INFO] [1790739457.854928462] [exploration]: v=+0.20 w=+0.00 | 直行 d=0.90
[INFO] [1790739457.954741950] [exploration]: v=+0.20 w=+0.00 | 直行 d=0.89
[INFO] [1790739458.055814883] [exploration]: v=+0.20 w=+0.00 | 直行 d=0.86
[INFO] [1790739458.155883400] [exploration]: v=+0.20 w=+0.00 | 直行 d=0.85
[INFO] [1790739458.256493005] [exploration]: v=+0.20 w=+0.00 | 直行 d=0.82
[INFO] [1790739458.357047395] [exploration]: v=+0.20 w=+0.00 | 直行 d=0.80
[INFO] [1790739458.455796993] [exploration]: v=+0.09 w=+0.00 | 减速 d=0.79
[INFO] [1790739458.557007277] [exploration]: v=+0.08 w=+0.00 | 减速 d=0.77
[INFO] [1790739458.658576356] [exploration]: v=+0.00 w=-0.50 | 转向，由于危险 d=0.40
[INFO] [1790739458.757680453] [exploration]: v=+0.00 w=-0.50 | 转向中 front=0.13 目标>0.8
[INFO] [1790739458.857938678] [exploration]: v=+0.00 w=-0.50 | 转向中 front=0.73 目标>0.8
[INFO] [1790739458.958084049] [exploration]: v=+0.00 w=-0.50 | 转向中 front=0.14 目标>0.8
[INFO] [1790739459.156883976] [exploration]: v=+0.00 w=-0.50 | 转向中 front=0.74 目标>0.8
[INFO] [1790739459.258541243] [exploration]: v=+0.00 w=-0.50 | 转向中 front=0.14 目标>0.8
[INFO] [1790739459.358094796] [exploration]: v=+0.00 w=-0.50 | 转向中 front=0.76 目标>0.8
[INFO] [1790739459.457958048] [exploration]: v=+0.00 w=-0.50 | 转向中 front=0.78 目标>0.8
[INFO] [1790739459.558777180] [exploration]: v=+0.00 w=-0.50 | 转向中 front=0.79 目标>0.8
[INFO] [1790739459.758479555] [exploration]: v=+0.00 w=-0.50 | 转向中 front=0.80 目标>0.8
[INFO] [1790739459.859129427] [exploration]: v=+0.00 w=+0.00 | 转向完成，停稳 front=0.81
[INFO] [1790739459.958217224] [exploration]: v=+0.20 w=+0.00 | 直行 d=0.82
[INFO] [1790739460.059404231] [exploration]: v=+0.20 w=+0.00 | 直行 d=0.83
[INFO] [1790739460.259079634] [exploration]: v=+0.20 w=+0.00 | 直行 d=0.81
[INFO] [1790739460.359412199] [exploration]: v=+0.09 w=+0.00 | 减速 d=0.80
[INFO] [1790739460.459508369] [exploration]: v=+0.08 w=+0.00 | 减速 d=0.78
[INFO] [1790739460.559826225] [exploration]: v=+0.00 w=-0.50 | 转向，由于危险 d=0.14
[INFO] [1790739460.660568925] [exploration]: v=+0.00 w=-0.50 | 转向中 front=0.14 目标>0.8
[INFO] [1790739460.959436034] [exploration]: v=+0.00 w=-0.50 | 转向中 front=0.13 目标>0.8
[INFO] [1790739461.159557897] [exploration]: v=+0.00 w=-0.50 | 转向中 front=0.14 目标>0.8
[INFO] [1790739461.259937573] [exploration]: v=+0.00 w=+0.00 | 转向完成，停稳 front=0.89
[INFO] [1790739461.359445702] [exploration]: v=+0.20 w=+0.00 | 直行 d=0.93
[INFO] [1790739461.460452925] [exploration]: v=+0.20 w=+0.00 | 直行 d=0.95
[INFO] [1790739461.561133757] [exploration]: v=+0.20 w=+0.00 | 直行 d=0.94
[INFO] [1790739461.661588329] [exploration]: v=+0.20 w=+0.00 | 直行 d=0.93
[INFO] [1790739461.761669160] [exploration]: v=+0.20 w=+0.00 | 直行 d=0.92
[INFO] [1790739461.862776966] [exploration]: v=+0.20 w=+0.00 | 直行 d=0.91
[INFO] [1790739461.963461778] [exploration]: v=+0.20 w=+0.00 | 直行 d=0.90
[INFO] [1790739462.062442804] [exploration]: v=+0.20 w=+0.00 | 直行 d=0.87
[INFO] [1790739462.162717813] [exploration]: v=+0.20 w=+0.00 | 直行 d=0.86
[INFO] [1790739462.263447653] [exploration]: v=+0.20 w=+0.00 | 直行 d=0.85
[INFO] [1790739462.362927653] [exploration]: v=+0.20 w=+0.00 | 直行 d=0.84
[INFO] [1790739462.463233113] [exploration]: v=+0.20 w=+0.00 | 直行 d=0.81
[INFO] [1790739462.564832399] [exploration]: v=+0.09 w=+0.00 | 减速 d=0.80
[INFO] [1790739462.664468340] [exploration]: v=+0.08 w=+0.00 | 减速 d=0.77
[INFO] [1790739462.763243891] [exploration]: v=+0.00 w=-0.50 | 转向，由于危险 d=0.13
[INFO] [1790739462.863706914] [exploration]: v=+0.00 w=-0.50 | 转向中 front=0.14 目标>0.8
[INFO] [1790739462.964453317] [exploration]: v=+0.00 w=-0.50 | 转向中 front=0.13 目标>0.8
[INFO] [1790739463.064291100] [exploration]: v=+0.00 w=-0.50 | 转向中 front=0.75 目标>0.8
[INFO] [1790739463.163916083] [exploration]: v=+0.00 w=-0.50 | 转向中 front=0.14 目标>0.8
[INFO] [1790739463.264378006] [exploration]: v=+0.00 w=-0.50 | 转向中 front=0.15 目标>0.8
[INFO] [1790739463.364570930] [exploration]: v=+0.00 w=-0.50 | 转向中 front=0.13 目标>0.8
[INFO] [1790739463.465142725] [exploration]: v=+0.00 w=+0.00 | 转向完成，停稳 front=1.08
[INFO] [1790739463.565604538] [exploration]: v=+0.20 w=+0.00 | 直行 d=1.15
[INFO] [1790739463.665441387] [exploration]: v=+0.20 w=+0.00 | 直行 d=1.18
[INFO] [1790739463.765390282] [exploration]: v=+0.20 w=+0.00 | 直行 d=1.19
[INFO] [1790739463.865735039] [exploration]: v=+0.20 w=+0.00 | 直行 d=1.18
[INFO] [1790739463.965419955] [exploration]: v=+0.20 w=+0.00 | 直行 d=1.17
[INFO] [1790739464.065222343] [exploration]: v=+0.20 w=+0.00 | 直行 d=1.15
[INFO] [1790739464.165041659] [exploration]: v=+0.20 w=+0.00 | 直行 d=1.14
[INFO] [1790739464.266665114] [exploration]: v=+0.20 w=+0.00 | 直行 d=1.15
[INFO] [1790739464.365714344] [exploration]: v=+0.20 w=+0.00 | 直行 d=1.12
[INFO] [1790739464.566586129] [exploration]: v=+0.20 w=+0.00 | 直行 d=1.09
[INFO] [1790739464.665308571] [exploration]: v=+0.20 w=+0.00 | 直行 d=1.10
[INFO] [1790739464.765367976] [exploration]: v=+0.20 w=+0.00 | 直行 d=1.06
[INFO] [1790739465.065962007] [exploration]: v=+0.20 w=+0.00 | 直行 d=1.04
[INFO] [1790739465.266811085] [exploration]: v=+0.20 w=+0.00 | 直行 d=1.03
[INFO] [1790739465.366000733] [exploration]: v=+0.20 w=+0.00 | 直行 d=1.01
[INFO] [1790739465.465914644] [exploration]: v=+0.20 w=+0.00 | 直行 d=1.00
[INFO] [1790739465.566759589] [exploration]: v=+0.20 w=+0.00 | 直行 d=0.99
[INFO] [1790739465.667365828] [exploration]: v=+0.20 w=+0.00 | 直行 d=0.97
[INFO] [1790739465.767064936] [exploration]: v=+0.20 w=+0.00 | 直行 d=0.96
[INFO] [1790739465.867592342] [exploration]: v=+0.20 w=+0.00 | 直行 d=0.92
[INFO] [1790739466.067258258] [exploration]: v=+0.20 w=+0.00 | 直行 d=0.94
[INFO] [1790739466.167613718] [exploration]: v=+0.20 w=+0.00 | 直行 d=0.91
[INFO] [1790739466.267352209] [exploration]: v=+0.20 w=+0.00 | 直行 d=0.89
[INFO] [1790739466.367186212] [exploration]: v=+0.20 w=+0.00 | 直行 d=0.87
[INFO] [1790739466.566959082] [exploration]: v=+0.20 w=+0.00 | 直行 d=0.88
[INFO] [1790739466.667971957] [exploration]: v=+0.20 w=+0.00 | 直行 d=0.86
[INFO] [1790739466.869368461] [exploration]: v=+0.20 w=+0.00 | 直行 d=0.84
[INFO] [1790739466.969892605] [exploration]: v=+0.20 w=+0.00 | 直行 d=0.81
[INFO] [1790739467.068613275] [exploration]: v=+0.20 w=+0.00 | 直行 d=0.80
[INFO] [1790739467.169118431] [exploration]: v=+0.09 w=+0.00 | 减速 d=0.80
[INFO] [1790739467.268915741] [exploration]: v=+0.08 w=+0.00 | 减速 d=0.78
[INFO] [1790739467.370914766] [exploration]: v=+0.00 w=-0.50 | 转向，由于危险 d=0.13
[INFO] [1790739467.470374470] [exploration]: v=+0.00 w=-0.50 | 转向中 front=0.72 目标>0.8
[INFO] [1790739467.569368894] [exploration]: v=+0.00 w=-0.50 | 转向中 front=0.13 目标>0.8
[INFO] [1790739467.670019587] [exploration]: v=+0.00 w=-0.50 | 转向中 front=0.14 目标>0.8
[INFO] [1790739467.870869738] [exploration]: v=+0.00 w=+0.00 | 转向完成，停稳 front=2.54
[INFO] [1790739467.971088534] [exploration]: v=+0.00 w=-0.50 | 转向，由于危险 d=0.13
[INFO] [1790739468.071986427] [exploration]: v=+0.00 w=+0.00 | 转向完成，停稳 front=2.53
[INFO] [1790739468.170731321] [exploration]: v=+0.20 w=+0.00 | 直行 d=2.53
[INFO] [1790739468.471332841] [exploration]: v=+0.20 w=+0.00 | 直行 d=2.52
[INFO] [1790739468.571449250] [exploration]: v=+0.20 w=+0.00 | 直行 d=2.49
[INFO] [1790739468.671788944] [exploration]: v=+0.20 w=+0.00 | 直行 d=2.48
[INFO] [1790739468.771868212] [exploration]: v=+0.20 w=+0.00 | 直行 d=2.45
[INFO] [1790739468.871963851] [exploration]: v=+0.20 w=+0.00 | 直行 d=2.43
[INFO] [1790739468.973092339] [exploration]: v=+0.20 w=+0.00 | 直行 d=2.41
[INFO] [1790739469.073048498] [exploration]: v=+0.20 w=+0.00 | 直行 d=2.38
[INFO] [1790739469.172013035] [exploration]: v=+0.20 w=+0.00 | 直行 d=2.37
[INFO] [1790739469.272080820] [exploration]: v=+0.20 w=+0.00 | 直行 d=2.36
[INFO] [1790739469.372753213] [exploration]: v=+0.20 w=+0.00 | 直行 d=2.33
[INFO] [1790739469.472945872] [exploration]: v=+0.20 w=+0.00 | 直行 d=2.31
[INFO] [1790739469.573282510] [exploration]: v=+0.20 w=+0.00 | 直行 d=2.29
[INFO] [1790739469.674057547] [exploration]: v=+0.20 w=+0.00 | 直行 d=2.28
[INFO] [1790739469.774678859] [exploration]: v=+0.20 w=+0.00 | 直行 d=2.25
[INFO] [1790739469.874584971] [exploration]: v=+0.20 w=+0.00 | 直行 d=2.23
[INFO] [1790739469.974793481] [exploration]: v=+0.20 w=+0.00 | 直行 d=2.22
[INFO] [1790739470.074979673] [exploration]: v=+0.20 w=+0.00 | 直行 d=2.20
[INFO] [1790739470.174193882] [exploration]: v=+0.20 w=+0.00 | 直行 d=2.18
[INFO] [1790739470.274692173] [exploration]: v=+0.20 w=+0.00 | 直行 d=2.16
[INFO] [1790739470.375473730] [exploration]: v=+0.20 w=+0.00 | 直行 d=2.14
[INFO] [1790739470.476210742] [exploration]: v=+0.20 w=+0.00 | 直行 d=2.11
[INFO] [1790739470.576018646] [exploration]: v=+0.20 w=+0.00 | 直行 d=2.10
[INFO] [1790739470.675615677] [exploration]: v=+0.20 w=+0.00 | 直行 d=2.08
[INFO] [1790739470.776196497] [exploration]: v=+0.20 w=+0.00 | 直行 d=2.05
[INFO] [1790739470.876501407] [exploration]: v=+0.20 w=+0.00 | 直行 d=2.03
[INFO] [1790739470.976032236] [exploration]: v=+0.20 w=+0.00 | 直行 d=2.01
[INFO] [1790739471.076764930] [exploration]: v=+0.20 w=+0.00 | 直行 d=2.00
[INFO] [1790739471.176528770] [exploration]: v=+0.20 w=+0.00 | 直行 d=1.98
[INFO] [1790739471.277847309] [exploration]: v=+0.20 w=+0.00 | 直行 d=1.95
[INFO] [1790739471.378372725] [exploration]: v=+0.20 w=+0.00 | 直行 d=1.94
[INFO] [1790739471.477950340] [exploration]: v=+0.20 w=+0.00 | 直行 d=1.91
[INFO] [1790739471.576900904] [exploration]: v=+0.20 w=+0.00 | 直行 d=1.90
[INFO] [1790739471.676519483] [exploration]: v=+0.20 w=+0.00 | 直行 d=1.87
[INFO] [1790739471.777793868] [exploration]: v=+0.20 w=+0.00 | 直行 d=1.85
[INFO] [1790739471.877801585] [exploration]: v=+0.20 w=+0.00 | 直行 d=1.83
[INFO] [1790739471.976291171] [exploration]: v=+0.20 w=+0.00 | 直行 d=1.81
[INFO] [1790739472.077735516] [exploration]: v=+0.20 w=+0.00 | 直行 d=1.79
[INFO] [1790739472.178149759] [exploration]: v=+0.20 w=+0.00 | 直行 d=1.77
[INFO] [1790739472.277637369] [exploration]: v=+0.20 w=+0.00 | 直行 d=1.75
[INFO] [1790739472.376743097] [exploration]: v=+0.20 w=+0.00 | 直行 d=1.73
[INFO] [1790739472.477548418] [exploration]: v=+0.20 w=+0.00 | 直行 d=1.71
[INFO] [1790739472.578350979] [exploration]: v=+0.20 w=+0.00 | 直行 d=1.69
[INFO] [1790739472.680047560] [exploration]: v=+0.20 w=+0.00 | 直行 d=1.67
[INFO] [1790739472.780364119] [exploration]: v=+0.20 w=+0.00 | 直行 d=1.65
[INFO] [1790739472.880785997] [exploration]: v=+0.20 w=+0.00 | 直行 d=1.64
[INFO] [1790739472.980555177] [exploration]: v=+0.20 w=+0.00 | 直行 d=1.61
[INFO] [1790739473.080035456] [exploration]: v=+0.20 w=+0.00 | 直行 d=1.59
[INFO] [1790739473.179844638] [exploration]: v=+0.20 w=+0.00 | 直行 d=1.57
[INFO] [1790739473.280403809] [exploration]: v=+0.20 w=+0.00 | 直行 d=1.55
[INFO] [1790739473.379950865] [exploration]: v=+0.20 w=+0.00 | 直行 d=1.54
[INFO] [1790739473.480578524] [exploration]: v=+0.20 w=+0.00 | 直行 d=1.51
[INFO] [1790739473.581020457] [exploration]: v=+0.20 w=+0.00 | 直行 d=1.49
[INFO] [1790739473.680889687] [exploration]: v=+0.20 w=+0.00 | 直行 d=1.48
[INFO] [1790739473.781696624] [exploration]: v=+0.20 w=+0.00 | 直行 d=1.46
[INFO] [1790739473.881232107] [exploration]: v=+0.20 w=+0.00 | 直行 d=1.43
[INFO] [1790739473.980105378] [exploration]: v=+0.20 w=+0.00 | 直行 d=1.41
[INFO] [1790739474.080926492] [exploration]: v=+0.20 w=+0.00 | 直行 d=1.39
[INFO] [1790739474.181128238] [exploration]: v=+0.20 w=+0.00 | 直行 d=1.37
[INFO] [1790739474.280335182] [exploration]: v=+0.20 w=+0.00 | 直行 d=1.35
[INFO] [1790739474.380902724] [exploration]: v=+0.20 w=+0.00 | 直行 d=1.33
[INFO] [1790739474.480801298] [exploration]: v=+0.20 w=+0.00 | 直行 d=1.31
[INFO] [1790739474.583145958] [exploration]: v=+0.20 w=+0.00 | 直行 d=1.29
[INFO] [1790739474.681641907] [exploration]: v=+0.20 w=+0.00 | 直行 d=1.27
[INFO] [1790739474.782951927] [exploration]: v=+0.20 w=+0.00 | 直行 d=1.25
[INFO] [1790739474.882933896] [exploration]: v=+0.20 w=+0.00 | 直行 d=1.23
[INFO] [1790739474.981451184] [exploration]: v=+0.20 w=+0.00 | 直行 d=1.21
[INFO] [1790739475.082913341] [exploration]: v=+0.20 w=+0.00 | 直行 d=1.19
[INFO] [1790739475.182882179] [exploration]: v=+0.20 w=+0.00 | 直行 d=1.17
[INFO] [1790739475.282871880] [exploration]: v=+0.20 w=+0.00 | 直行 d=1.15
[INFO] [1790739475.382171804] [exploration]: v=+0.20 w=+0.00 | 直行 d=1.13
[INFO] [1790739475.485507817] [exploration]: v=+0.20 w=+0.00 | 直行 d=1.11
[INFO] [1790739475.585050084] [exploration]: v=+0.20 w=+0.00 | 直行 d=1.09
[INFO] [1790739475.685589191] [exploration]: v=+0.20 w=+0.00 | 直行 d=1.07
[INFO] [1790739475.784438399] [exploration]: v=+0.20 w=+0.00 | 直行 d=1.06
[INFO] [1790739475.883920357] [exploration]: v=+0.20 w=+0.00 | 直行 d=1.03
[INFO] [1790739475.984491074] [exploration]: v=+0.20 w=+0.00 | 直行 d=1.02
[INFO] [1790739476.084658868] [exploration]: v=+0.20 w=+0.00 | 直行 d=0.99
[INFO] [1790739476.184030237] [exploration]: v=+0.20 w=+0.00 | 直行 d=0.97
[INFO] [1790739476.285376386] [exploration]: v=+0.20 w=+0.00 | 直行 d=0.96
[INFO] [1790739476.383737487] [exploration]: v=+0.20 w=+0.00 | 直行 d=0.93
[INFO] [1790739476.485938399] [exploration]: v=+0.20 w=+0.00 | 直行 d=0.91
[INFO] [1790739476.583953588] [exploration]: v=+0.20 w=+0.00 | 直行 d=0.89
[INFO] [1790739476.685864792] [exploration]: v=+0.20 w=+0.00 | 直行 d=0.86
[INFO] [1790739476.784193496] [exploration]: v=+0.20 w=+0.00 | 直行 d=0.85
[INFO] [1790739476.886624015] [exploration]: v=+0.20 w=+0.00 | 直行 d=0.83
[INFO] [1790739476.986627539] [exploration]: v=+0.20 w=+0.00 | 直行 d=0.81
[INFO] [1790739477.086561088] [exploration]: v=+0.08 w=+0.00 | 减速 d=0.78
[INFO] [1790739477.185556950] [exploration]: v=+0.08 w=+0.00 | 减速 d=0.77
[INFO] [1790739477.285921629] [exploration]: v=+0.00 w=-0.50 | 转向，由于危险 d=0.14
[INFO] [1790739477.386624045] [exploration]: v=+0.00 w=-0.50 | 转向中 front=0.14 目标>0.8
[INFO] [1790739477.486139782] [exploration]: v=+0.00 w=-0.50 | 转向中 front=0.72 目标>0.8
[INFO] [1790739477.587476356] [exploration]: v=+0.00 w=-0.50 | 转向中 front=0.15 目标>0.8
[INFO] [1790739477.687972987] [exploration]: v=+0.00 w=-0.50 | 转向中 front=0.14 目标>0.8
[INFO] [1790739477.787944499] [exploration]: v=+0.00 w=-0.50 | 转向中 front=0.74 目标>0.8
[INFO] [1790739477.887521375] [exploration]: v=+0.00 w=-0.50 | 转向中 front=0.14 目标>0.8
[INFO] [1790739478.089216237] [exploration]: v=+0.00 w=-0.50 | 转向中 front=0.75 目标>0.8
[INFO] [1790739478.188685284] [exploration]: v=+0.00 w=-0.50 | 转向中 front=0.14 目标>0.8
[INFO] [1790739478.288817193] [exploration]: v=+0.00 w=-0.50 | 转向中 front=0.75 目标>0.8
[INFO] [1790739478.388356835] [exploration]: v=+0.00 w=-0.50 | 转向中 front=0.76 目标>0.8
[INFO] [1790739478.590642438] [exploration]: v=+0.00 w=-0.50 | 转向中 front=0.79 目标>0.8
[INFO] [1790739478.789390890] [exploration]: v=+0.00 w=+0.00 | 转向完成，停稳 front=0.81
[INFO] [1790739478.890183914] [exploration]: v=+0.20 w=+0.00 | 直行 d=0.83
[INFO] [1790739479.189685316] [exploration]: v=+0.20 w=+0.00 | 直行 d=0.81
[INFO] [1790739479.291384850] [exploration]: v=+0.09 w=+0.00 | 减速 d=0.80
[INFO] [1790739479.391470488] [exploration]: v=+0.08 w=+0.00 | 减速 d=0.78
[INFO] [1790739479.490373842] [exploration]: v=+0.00 w=-0.50 | 转向，由于危险 d=0.14
[INFO] [1790739479.590977937] [exploration]: v=+0.00 w=-0.50 | 转向中 front=0.14 目标>0.8
[INFO] [1790739479.690939206] [exploration]: v=+0.00 w=-0.50 | 转向中 front=0.76 目标>0.8
[INFO] [1790739479.790151868] [exploration]: v=+0.00 w=-0.50 | 转向中 front=0.13 目标>0.8
[INFO] [1790739479.891874061] [exploration]: v=+0.00 w=-0.50 | 转向中 front=0.14 目标>0.8
[INFO] [1790739479.992424456] [exploration]: v=+0.00 w=-0.50 | 转向中 front=0.78 目标>0.8
[INFO] [1790739480.092879771] [exploration]: v=+0.00 w=-0.50 | 转向中 front=0.14 目标>0.8
[INFO] [1790739480.192484618] [exploration]: v=+0.00 w=+0.00 | 转向完成，停稳 front=0.89
[INFO] [1790739480.292480787] [exploration]: v=+0.20 w=+0.00 | 直行 d=0.93
[INFO] [1790739480.392640275] [exploration]: v=+0.20 w=+0.00 | 直行 d=0.94
[INFO] [1790739480.490794921] [exploration]: v=+0.20 w=+0.00 | 直行 d=0.91
[INFO] [1790739480.593228198] [exploration]: v=+0.20 w=+0.00 | 直行 d=0.93
[INFO] [1790739480.693783596] [exploration]: v=+0.20 w=+0.00 | 直行 d=0.90
[INFO] [1790739480.893300228] [exploration]: v=+0.20 w=+0.00 | 直行 d=0.87
[INFO] [1790739481.094914264] [exploration]: v=+0.20 w=+0.00 | 直行 d=0.86
[INFO] [1790739481.194702624] [exploration]: v=+0.20 w=+0.00 | 直行 d=0.84
[INFO] [1790739481.294464785] [exploration]: v=+0.20 w=+0.00 | 直行 d=0.81
[INFO] [1790739481.393684896] [exploration]: v=+0.09 w=+0.00 | 减速 d=0.80
[INFO] [1790739481.494574347] [exploration]: v=+0.20 w=+0.00 | 直行 d=0.80
[INFO] [1790739481.594922012] [exploration]: v=+0.00 w=-0.50 | 转向，由于危险 d=0.13
[INFO] [1790739481.693613643] [exploration]: v=+0.00 w=-0.50 | 转向中 front=0.14 目标>0.8
[INFO] [1790739481.794579929] [exploration]: v=+0.00 w=-0.50 | 转向中 front=0.13 目标>0.8
[INFO] [1790739481.895925468] [exploration]: v=+0.00 w=-0.50 | 转向中 front=0.14 目标>0.8
[INFO] [1790739481.994726683] [exploration]: v=+0.00 w=-0.50 | 转向中 front=0.72 目标>0.8
[INFO] [1790739482.095009369] [exploration]: v=+0.00 w=-0.50 | 转向中 front=0.13 目标>0.8
[INFO] [1790739482.194702925] [exploration]: v=+0.00 w=-0.50 | 转向中 front=0.14 目标>0.8
[INFO] [1790739482.294603157] [exploration]: v=+0.00 w=+0.00 | 转向完成，停稳 front=0.92
[INFO] [1790739482.395101247] [exploration]: v=+0.00 w=-0.50 | 转向，由于危险 d=0.13
[INFO] [1790739482.497288548] [exploration]: v=+0.00 w=+0.00 | 转向完成，停稳 front=1.04
[INFO] [1790739482.596959793] [exploration]: v=+0.20 w=+0.00 | 直行 d=1.06
[INFO] [1790739482.697478942] [exploration]: v=+0.20 w=+0.00 | 直行 d=1.08
[INFO] [1790739482.897115346] [exploration]: v=+0.20 w=+0.00 | 直行 d=1.06
[INFO] [1790739482.998152547] [exploration]: v=+0.20 w=+0.00 | 直行 d=1.04
[INFO] [1790739483.098745647] [exploration]: v=+0.20 w=+0.00 | 直行 d=1.02
[INFO] [1790739483.197532358] [exploration]: v=+0.20 w=+0.00 | 直行 d=1.00
[INFO] [1790739483.297999000] [exploration]: v=+0.20 w=+0.00 | 直行 d=0.98
[INFO] [1790739483.397060772] [exploration]: v=+0.20 w=+0.00 | 直行 d=0.97
[INFO] [1790739483.498509288] [exploration]: v=+0.20 w=+0.00 | 直行 d=0.94
[INFO] [1790739483.598091315] [exploration]: v=+0.20 w=+0.00 | 直行 d=0.93
[INFO] [1790739483.698634935] [exploration]: v=+0.20 w=+0.00 | 直行 d=0.91
[INFO] [1790739483.798833476] [exploration]: v=+0.20 w=+0.00 | 直行 d=0.89
[INFO] [1790739483.898991639] [exploration]: v=+0.20 w=+0.00 | 直行 d=0.87
[INFO] [1790739484.000843898] [exploration]: v=+0.20 w=+0.00 | 直行 d=0.86
[INFO] [1790739484.100381088] [exploration]: v=+0.20 w=+0.00 | 直行 d=0.83
[INFO] [1790739484.201167031] [exploration]: v=+0.20 w=+0.00 | 直行 d=0.82
[INFO] [1790739484.300366953] [exploration]: v=+0.09 w=+0.00 | 减速 d=0.79
[INFO] [1790739484.399982907] [exploration]: v=+0.08 w=+0.00 | 减速 d=0.77
[INFO] [1790739484.498582509] [exploration]: v=+0.00 w=-0.50 | 转向，由于危险 d=0.13
[INFO] [1790739484.599528136] [exploration]: v=+0.00 w=-0.50 | 转向中 front=0.15 目标>0.8
[INFO] [1790739484.699753506] [exploration]: v=+0.00 w=-0.50 | 转向中 front=0.72 目标>0.8
[INFO] [1790739484.800006600] [exploration]: v=+0.00 w=-0.50 | 转向中 front=0.14 目标>0.8
[INFO] [1790739485.102476502] [exploration]: v=+0.00 w=-0.50 | 转向中 front=0.16 目标>0.8
[INFO] [1790739485.201378493] [exploration]: v=+0.00 w=-0.50 | 转向中 front=0.73 目标>0.8
[INFO] [1790739485.300961892] [exploration]: v=+0.00 w=-0.50 | 转向中 front=0.74 目标>0.8
[INFO] [1790739486.003675129] [exploration]: v=+0.00 w=-0.50 | 转向中 front=0.75 目标>0.8
[INFO] [1790739486.103585999] [exploration]: v=+0.00 w=-0.50 | 转向中 front=0.76 目标>0.8
[INFO] [1790739486.303129653] [exploration]: v=+0.00 w=-0.50 | 转向中 front=0.77 目标>0.8
[INFO] [1790739486.403894114] [exploration]: v=+0.00 w=-0.50 | 转向中 front=0.79 目标>0.8
[INFO] [1790739486.602290180] [exploration]: v=+0.00 w=+0.00 | 转向完成，停稳 front=0.82
[INFO] [1790739486.703569174] [exploration]: v=+0.20 w=+0.00 | 直行 d=0.83
[INFO] [1790739486.802732846] [exploration]: v=+0.20 w=+0.00 | 直行 d=0.84
[INFO] [1790739486.904771693] [exploration]: v=+0.20 w=+0.00 | 直行 d=0.82
[INFO] [1790739487.104666936] [exploration]: v=+0.20 w=+0.00 | 直行 d=0.81
[INFO] [1790739487.204139041] [exploration]: v=+0.09 w=+0.00 | 减速 d=0.79
[INFO] [1790739487.304186530] [exploration]: v=+0.08 w=+0.00 | 减速 d=0.77
[INFO] [1790739487.404001963] [exploration]: v=+0.00 w=-0.50 | 转向，由于危险 d=0.14
[INFO] [1790739487.503492349] [exploration]: v=+0.00 w=-0.50 | 转向中 front=0.13 目标>0.8
[INFO] [1790739487.605421028] [exploration]: v=+0.00 w=-0.50 | 转向中 front=0.14 目标>0.8
[INFO] [1790739487.705025364] [exploration]: v=+0.00 w=-0.50 | 转向中 front=0.13 目标>0.8
[INFO] [1790739487.805363481] [exploration]: v=+0.00 w=-0.50 | 转向中 front=0.78 目标>0.8
[INFO] [1790739487.904448862] [exploration]: v=+0.00 w=-0.50 | 转向中 front=0.13 目标>0.8
[INFO] [1790739488.005281244] [exploration]: v=+0.00 w=+0.00 | 转向完成，停稳 front=0.83
[INFO] [1790739488.104762259] [exploration]: v=+0.20 w=+0.00 | 直行 d=0.88
[INFO] [1790739488.206112119] [exploration]: v=+0.20 w=+0.00 | 直行 d=0.90
[INFO] [1790739488.305712120] [exploration]: v=+0.20 w=+0.00 | 直行 d=0.89
[INFO] [1790739488.406211358] [exploration]: v=+0.20 w=+0.00 | 直行 d=0.88
[INFO] [1790739488.506486346] [exploration]: v=+0.20 w=+0.00 | 直行 d=0.85
[INFO] [1790739488.705654813] [exploration]: v=+0.20 w=+0.00 | 直行 d=0.83
[INFO] [1790739488.807376428] [exploration]: v=+0.20 w=+0.00 | 直行 d=0.82
[INFO] [1790739488.907515337] [exploration]: v=+0.20 w=+0.00 | 直行 d=0.81
[INFO] [1790739489.008194237] [exploration]: v=+0.08 w=+0.00 | 减速 d=0.78
[INFO] [1790739489.108212593] [exploration]: v=+0.08 w=+0.00 | 减速 d=0.77
[INFO] [1790739489.208460900] [exploration]: v=+0.08 w=+0.00 | 减速 d=0.75
[INFO] [1790739489.307232177] [exploration]: v=+0.00 w=-0.50 | 转向，由于危险 d=0.13
[INFO] [1790739489.409006369] [exploration]: v=+0.00 w=-0.50 | 转向中 front=0.13 目标>0.8
[INFO] [1790739489.509539457] [exploration]: v=+0.00 w=-0.50 | 转向中 front=0.14 目标>0.8
[INFO] [1790739489.707336795] [exploration]: v=+0.00 w=-0.50 | 转向中 front=0.13 目标>0.8
[INFO] [1790739489.808857024] [exploration]: v=+0.00 w=-0.50 | 转向中 front=0.14 目标>0.8
[INFO] [1790739489.908742456] [exploration]: v=+0.00 w=+0.00 | 转向完成，停稳 front=0.92
[INFO] [1790739490.010173590] [exploration]: v=+0.20 w=+0.00 | 直行 d=1.02
[INFO] [1790739490.109082464] [exploration]: v=+0.20 w=+0.00 | 直行 d=1.04
[INFO] [1790739490.208833331] [exploration]: v=+0.20 w=+0.00 | 直行 d=1.03
[INFO] [1790739490.309868256] [exploration]: v=+0.20 w=+0.00 | 直行 d=1.02
[INFO] [1790739490.509201770] [exploration]: v=+0.20 w=+0.00 | 直行 d=0.99
[INFO] [1790739490.609852387] [exploration]: v=+0.20 w=+0.00 | 直行 d=1.01
[INFO] [1790739490.709805522] [exploration]: v=+0.20 w=+0.00 | 直行 d=0.98
[INFO] [1790739490.809380079] [exploration]: v=+0.20 w=+0.00 | 直行 d=0.97
[INFO] [1790739490.909633852] [exploration]: v=+0.20 w=+0.00 | 直行 d=0.93
[INFO] [1790739491.211262180] [exploration]: v=+0.20 w=+0.00 | 直行 d=0.90
[INFO] [1790739491.310136764] [exploration]: v=+0.20 w=+0.00 | 直行 d=0.89
[INFO] [1790739491.410888292] [exploration]: v=+0.20 w=+0.00 | 直行 d=0.88
[INFO] [1790739491.511826905] [exploration]: v=+0.20 w=+0.00 | 直行 d=0.86
[INFO] [1790739491.611395211] [exploration]: v=+0.20 w=+0.00 | 直行 d=0.84
[INFO] [1790739491.711095106] [exploration]: v=+0.20 w=+0.00 | 直行 d=0.83
[INFO] [1790739491.811160768] [exploration]: v=+0.20 w=+0.00 | 直行 d=0.82
[INFO] [1790739492.013687211] [exploration]: v=+0.08 w=+0.00 | 减速 d=0.78
[INFO] [1790739492.112899880] [exploration]: v=+0.09 w=+0.00 | 减速 d=0.79
[INFO] [1790739492.213248436] [exploration]: v=+0.07 w=+0.00 | 减速 d=0.74
[INFO] [1790739492.512734834] [exploration]: v=+0.00 w=-0.50 | 转向，由于危险 d=0.14
[INFO] [1790739492.612539707] [exploration]: v=+0.00 w=-0.50 | 转向中 front=0.14 目标>0.8
[INFO] [1790739492.712530547] [exploration]: v=+0.00 w=-0.50 | 转向中 front=0.78 目标>0.8
[INFO] [1790739492.813013454] [exploration]: v=+0.00 w=-0.50 | 转向中 front=0.15 目标>0.8
[INFO] [1790739492.913654869] [exploration]: v=+0.00 w=-0.50 | 转向中 front=0.18 目标>0.8
[INFO] [1790739493.012330915] [exploration]: v=+0.00 w=+0.00 | 转向完成，停稳 front=0.89
[INFO] [1790739493.112397211] [exploration]: v=+0.00 w=-0.50 | 转向，由于危险 d=0.40
[INFO] [1790739493.212546981] [exploration]: v=+0.00 w=+0.00 | 转向完成，停稳 front=2.66
[INFO] [1790739493.313773088] [exploration]: v=+0.20 w=+0.00 | 直行 d=2.65
[INFO] [1790739493.614262437] [exploration]: v=+0.20 w=+0.00 | 直行 d=2.63
[INFO] [1790739493.714910849] [exploration]: v=+0.20 w=+0.00 | 直行 d=2.61
[INFO] [1790739493.813320515] [exploration]: v=+0.20 w=+0.00 | 直行 d=2.60
[INFO] [1790739493.913779626] [exploration]: v=+0.20 w=+0.00 | 直行 d=2.58
[INFO] [1790739494.014756839] [exploration]: v=+0.20 w=+0.00 | 直行 d=2.55
[INFO] [1790739494.116195413] [exploration]: v=+0.20 w=+0.00 | 直行 d=2.53
[INFO] [1790739494.217890145] [exploration]: v=+0.20 w=+0.00 | 直行 d=2.51
[INFO] [1790739494.316051295] [exploration]: v=+0.20 w=+0.00 | 直行 d=2.49
[INFO] [1790739494.415373502] [exploration]: v=+0.20 w=+0.00 | 直行 d=2.48
[INFO] [1790739494.517295155] [exploration]: v=+0.20 w=+0.00 | 直行 d=2.44
[INFO] [1790739494.617151776] [exploration]: v=+0.20 w=+0.00 | 直行 d=2.43
[INFO] [1790739494.717290601] [exploration]: v=+0.20 w=+0.00 | 直行 d=2.41
[INFO] [1790739494.817955794] [exploration]: v=+0.20 w=+0.00 | 直行 d=2.40
[INFO] [1790739494.917846065] [exploration]: v=+0.20 w=+0.00 | 直行 d=2.38
[INFO] [1790739495.018550155] [exploration]: v=+0.20 w=+0.00 | 直行 d=2.35
[INFO] [1790739495.118486287] [exploration]: v=+0.20 w=+0.00 | 直行 d=2.32
[INFO] [1790739495.317028285] [exploration]: v=+0.20 w=+0.00 | 直行 d=2.29
[INFO] [1790739495.427587706] [exploration]: v=+0.20 w=+0.00 | 直行 d=2.28
[INFO] [1790739495.522356898] [exploration]: v=+0.20 w=+0.00 | 直行 d=2.25
[INFO] [1790739495.620547198] [exploration]: v=+0.20 w=+0.00 | 直行 d=2.24
[INFO] [1790739495.720038861] [exploration]: v=+0.20 w=+0.00 | 直行 d=2.22
[INFO] [1790739495.818880833] [exploration]: v=+0.20 w=+0.00 | 直行 d=2.20
[INFO] [1790739495.918570306] [exploration]: v=+0.20 w=+0.00 | 直行 d=2.17
[INFO] [1790739496.019417191] [exploration]: v=+0.20 w=+0.00 | 直行 d=2.16
[INFO] [1790739496.120551336] [exploration]: v=+0.20 w=+0.00 | 直行 d=2.12
[INFO] [1790739496.219840904] [exploration]: v=+0.20 w=+0.00 | 直行 d=2.11
[INFO] [1790739496.319647692] [exploration]: v=+0.20 w=+0.00 | 直行 d=2.09
[INFO] [1790739496.419859666] [exploration]: v=+0.20 w=+0.00 | 直行 d=2.07
[INFO] [1790739496.520034926] [exploration]: v=+0.20 w=+0.00 | 直行 d=2.04
[INFO] [1790739496.620811508] [exploration]: v=+0.20 w=+0.00 | 直行 d=2.03
[INFO] [1790739496.718798838] [exploration]: v=+0.20 w=+0.00 | 直行 d=2.00
[INFO] [1790739496.819806709] [exploration]: v=+0.20 w=+0.00 | 直行 d=1.99
[INFO] [1790739496.919774721] [exploration]: v=+0.20 w=+0.00 | 直行 d=1.98
[INFO] [1790739497.021180795] [exploration]: v=+0.20 w=+0.00 | 直行 d=1.94
[INFO] [1790739497.121293828] [exploration]: v=+0.20 w=+0.00 | 直行 d=1.92
[INFO] [1790739497.321405136] [exploration]: v=+0.20 w=+0.00 | 直行 d=1.89
[INFO] [1790739497.422457639] [exploration]: v=+0.20 w=+0.00 | 直行 d=1.85
[INFO] [1790739497.623350538] [exploration]: v=+0.20 w=+0.00 | 直行 d=1.83
[INFO] [1790739497.722400705] [exploration]: v=+0.20 w=+0.00 | 直行 d=1.81
[INFO] [1790739497.823059600] [exploration]: v=+0.20 w=+0.00 | 直行 d=1.78
[INFO] [1790739497.924000982] [exploration]: v=+0.20 w=+0.00 | 直行 d=1.77
[INFO] [1790739498.024091360] [exploration]: v=+0.20 w=+0.00 | 直行 d=1.75
[INFO] [1790739498.124372188] [exploration]: v=+0.20 w=+0.00 | 直行 d=1.73
[INFO] [1790739498.224001939] [exploration]: v=+0.20 w=+0.00 | 直行 d=1.70
[INFO] [1790739498.324269889] [exploration]: v=+0.20 w=+0.00 | 直行 d=1.68
[INFO] [1790739498.525973034] [exploration]: v=+0.20 w=+0.00 | 直行 d=1.65
[INFO] [1790739498.625203063] [exploration]: v=+0.20 w=+0.00 | 直行 d=1.63
[INFO] [1790739498.724427937] [exploration]: v=+0.20 w=+0.00 | 直行 d=1.60
[INFO] [1790739498.826670669] [exploration]: v=+0.20 w=+0.00 | 直行 d=1.59
[INFO] [1790739498.925740000] [exploration]: v=+0.20 w=+0.00 | 直行 d=1.56
[INFO] [1790739499.125449191] [exploration]: v=+0.20 w=+0.00 | 直行 d=1.54
[INFO] [1790739499.225775427] [exploration]: v=+0.20 w=+0.00 | 直行 d=1.51
[INFO] [1790739499.325781760] [exploration]: v=+0.20 w=+0.00 | 直行 d=1.49
[INFO] [1790739499.425943393] [exploration]: v=+0.20 w=+0.00 | 直行 d=1.46
[INFO] [1790739499.525136381] [exploration]: v=+0.20 w=+0.00 | 直行 d=1.44
[INFO] [1790739499.626752407] [exploration]: v=+0.20 w=+0.00 | 直行 d=1.43
[INFO] [1790739499.727228881] [exploration]: v=+0.20 w=+0.00 | 直行 d=1.41
[INFO] [1790739499.826535824] [exploration]: v=+0.20 w=+0.00 | 直行 d=1.39
[INFO] [1790739499.926879777] [exploration]: v=+0.20 w=+0.00 | 直行 d=1.37
[INFO] [1790739500.026274893] [exploration]: v=+0.20 w=+0.00 | 直行 d=1.35
[INFO] [1790739500.126900625] [exploration]: v=+0.20 w=+0.00 | 直行 d=1.33
[INFO] [1790739500.227279140] [exploration]: v=+0.20 w=+0.00 | 直行 d=1.31
[INFO] [1790739500.327427639] [exploration]: v=+0.20 w=+0.00 | 直行 d=1.28
[INFO] [1790739500.427598092] [exploration]: v=+0.20 w=+0.00 | 直行 d=1.27
[INFO] [1790739500.527773807] [exploration]: v=+0.20 w=+0.00 | 直行 d=1.25
[INFO] [1790739500.629346245] [exploration]: v=+0.20 w=+0.00 | 直行 d=1.23
[INFO] [1790739500.729372197] [exploration]: v=+0.20 w=+0.00 | 直行 d=1.20
[INFO] [1790739500.828204295] [exploration]: v=+0.20 w=+0.00 | 直行 d=1.19
[INFO] [1790739500.929029317] [exploration]: v=+0.20 w=+0.00 | 直行 d=1.16
[INFO] [1790739501.029974367] [exploration]: v=+0.20 w=+0.00 | 直行 d=1.14
[INFO] [1790739501.129271642] [exploration]: v=+0.20 w=+0.00 | 直行 d=1.12
[INFO] [1790739501.229840385] [exploration]: v=+0.20 w=+0.00 | 直行 d=1.09
[INFO] [1790739501.431062057] [exploration]: v=+0.20 w=+0.00 | 直行 d=1.06
[INFO] [1790739501.530840893] [exploration]: v=+0.20 w=+0.00 | 直行 d=1.05
[INFO] [1790739501.631042521] [exploration]: v=+0.20 w=+0.00 | 直行 d=1.03
[INFO] [1790739501.731366610] [exploration]: v=+0.20 w=+0.00 | 直行 d=1.01
[INFO] [1790739501.830747953] [exploration]: v=+0.20 w=+0.00 | 直行 d=0.98
[INFO] [1790739501.929852720] [exploration]: v=+0.20 w=+0.00 | 直行 d=0.96
[INFO] [1790739502.031651779] [exploration]: v=+0.20 w=+0.00 | 直行 d=0.94
[INFO] [1790739502.132015549] [exploration]: v=+0.20 w=+0.00 | 直行 d=0.93
[INFO] [1790739502.231937185] [exploration]: v=+0.20 w=+0.00 | 直行 d=0.90
[INFO] [1790739502.332476678] [exploration]: v=+0.20 w=+0.00 | 直行 d=0.89
[INFO] [1790739502.431120843] [exploration]: v=+0.20 w=+0.00 | 直行 d=0.86
[INFO] [1790739502.531134691] [exploration]: v=+0.20 w=+0.00 | 直行 d=0.84
[INFO] [1790739502.631380866] [exploration]: v=+0.20 w=+0.00 | 直行 d=0.83
[INFO] [1790739502.732510321] [exploration]: v=+0.09 w=+0.00 | 减速 d=0.80
[INFO] [1790739502.831703084] [exploration]: v=+0.08 w=+0.00 | 减速 d=0.79
[INFO] [1790739502.932581048] [exploration]: v=+0.00 w=-0.50 | 转向，由于危险 d=0.13
[INFO] [1790739503.032097842] [exploration]: v=+0.00 w=-0.50 | 转向中 front=0.14 目标>0.8
[INFO] [1790739503.132880708] [exploration]: v=+0.00 w=-0.50 | 转向中 front=0.76 目标>0.8
[INFO] [1790739503.331540935] [exploration]: v=+0.00 w=-0.50 | 转向中 front=0.13 目标>0.8
[INFO] [1790739503.433487999] [exploration]: v=+0.00 w=+0.00 | 转向完成，停稳 front=0.99
[INFO] [1790739503.534150476] [exploration]: v=+0.20 w=+0.00 | 直行 d=1.60
[INFO] [1790739503.633659435] [exploration]: v=+0.00 w=-0.50 | 转向，由于危险 d=0.14
[INFO] [1790739503.733942858] [exploration]: v=+0.00 w=+0.00 | 转向完成，停稳 front=1.45
[INFO] [1790739503.834443545] [exploration]: v=+0.00 w=-0.50 | 转向，由于危险 d=0.14
[INFO] [1790739503.933259923] [exploration]: v=+0.00 w=+0.00 | 转向完成，停稳 front=1.48
[INFO] [1790739504.034959922] [exploration]: v=+0.00 w=-0.50 | 转向，由于危险 d=0.14
[INFO] [1790739504.135763090] [exploration]: v=+0.00 w=-0.50 | 转向中 front=0.15 目标>0.8
[INFO] [1790739504.235841482] [exploration]: v=+0.00 w=+0.00 | 转向完成，停稳 front=0.95
[INFO] [1790739504.334912797] [exploration]: v=+0.00 w=-0.50 | 转向，由于危险 d=0.14
[INFO] [1790739504.434939035] [exploration]: v=+0.00 w=+0.00 | 转向完成，停稳 front=0.93
[INFO] [1790739504.536025216] [exploration]: v=+0.00 w=-0.50 | 转向，由于危险 d=0.14
[INFO] [1790739504.635259694] [exploration]: v=+0.00 w=+0.00 | 转向完成，停稳 front=0.87
[INFO] [1790739504.735196838] [exploration]: v=+0.00 w=-0.50 | 转向，由于危险 d=0.14
[INFO] [1790739504.836083658] [exploration]: v=+0.00 w=+0.00 | 转向完成，停稳 front=0.87
[INFO] [1790739504.936003324] [exploration]: v=+0.20 w=+0.00 | 直行 d=0.87
[INFO] [1790739505.036589063] [exploration]: v=+0.00 w=-0.50 | 转向，由于危险 d=0.15
[INFO] [1790739505.136476570] [exploration]: v=+0.00 w=-0.50 | 转向中 front=0.13 目标>0.8
[INFO] [1790739505.236463236] [exploration]: v=+0.00 w=-0.50 | 转向中 front=0.14 目标>0.8
[INFO] [1790739505.336198797] [exploration]: v=+0.00 w=-0.50 | 转向中 front=0.13 目标>0.8
[INFO] [1790739505.436570279] [exploration]: v=+0.00 w=+0.00 | 转向完成，停稳 front=0.94
[INFO] [1790739505.536901657] [exploration]: v=+0.00 w=-0.50 | 转向，由于危险 d=0.16
[INFO] [1790739505.637250359] [exploration]: v=+0.00 w=+0.00 | 转向完成，停稳 front=0.89
[INFO] [1790739505.736879486] [exploration]: v=+0.00 w=-0.50 | 转向，由于危险 d=0.14
[INFO] [1790739505.837384616] [exploration]: v=+0.00 w=+0.00 | 转向完成，停稳 front=0.93
[INFO] [1790739505.938958955] [exploration]: v=+0.00 w=-0.50 | 转向，由于危险 d=0.13
[INFO] [1790739506.037610053] [exploration]: v=+0.00 w=+0.00 | 转向完成，停稳 front=0.87
[INFO] [1790739506.137288704] [exploration]: v=+0.00 w=-0.50 | 转向，由于危险 d=0.14
[INFO] [1790739506.237906585] [exploration]: v=+0.00 w=+0.00 | 转向完成，停稳 front=0.88
[INFO] [1790739506.338035035] [exploration]: v=+0.20 w=+0.00 | 直行 d=0.87
[INFO] [1790739506.438519384] [exploration]: v=+0.00 w=-0.50 | 转向，由于危险 d=0.14
[INFO] [1790739506.537722915] [exploration]: v=+0.00 w=-0.50 | 转向中 front=0.14 目标>0.8
[INFO] [1790739506.637712063] [exploration]: v=+0.00 w=+0.00 | 转向完成，停稳 front=0.94
[INFO] [1790739506.737651030] [exploration]: v=+0.00 w=-0.50 | 转向，由于危险 d=0.13
[INFO] [1790739506.838361388] [exploration]: v=+0.00 w=+0.00 | 转向完成，停稳 front=0.92
[INFO] [1790739506.940542826] [exploration]: v=+0.00 w=-0.50 | 转向，由于危险 d=0.14
[INFO] [1790739507.038548103] [exploration]: v=+0.00 w=-0.50 | 转向中 front=0.14 目标>0.8
[INFO] [1790739507.138657520] [exploration]: v=+0.00 w=+0.00 | 转向完成，停稳 front=0.92
[INFO] [1790739507.239349893] [exploration]: v=+0.00 w=-0.50 | 转向，由于危险 d=0.14
[INFO] [1790739507.339806351] [exploration]: v=+0.00 w=-0.50 | 转向中 front=0.15 目标>0.8
[INFO] [1790739507.439445351] [exploration]: v=+0.00 w=-0.50 | 转向中 front=0.16 目标>0.8
[INFO] [1790739507.538655174] [exploration]: v=+0.00 w=-0.50 | 转向中 front=0.13 目标>0.8
[INFO] [1790739507.639366185] [exploration]: v=+0.00 w=-0.50 | 转向中 front=0.14 目标>0.8
[INFO] [1790739507.739759031] [exploration]: v=+0.00 w=-0.50 | 转向中 front=0.16 目标>0.8
[INFO] [1790739507.840387526] [exploration]: v=+0.00 w=+0.00 | 转向完成，停稳 front=0.88
[INFO] [1790739507.942865823] [exploration]: v=+0.00 w=-0.50 | 转向，由于危险 d=0.13
[INFO] [1790739508.041014120] [exploration]: v=+0.00 w=-0.50 | 转向中 front=0.15 目标>0.8
[INFO] [1790739508.140557931] [exploration]: v=+0.00 w=+0.00 | 转向完成，停稳 front=0.87
[INFO] [1790739508.240656833] [exploration]: v=+0.00 w=-0.50 | 转向，由于危险 d=0.13
[INFO] [1790739508.340810686] [exploration]: v=+0.00 w=-0.50 | 转向中 front=0.15 目标>0.8
[INFO] [1790739508.441763377] [exploration]: v=+0.00 w=+0.00 | 转向完成，停稳 front=0.87
[INFO] [1790739508.541601482] [exploration]: v=+0.20 w=+0.00 | 直行 d=0.87
[INFO] [1790739508.641926235] [exploration]: v=+0.20 w=+0.00 | 直行 d=0.88
[INFO] [1790739508.741428776] [exploration]: v=+0.00 w=-0.50 | 转向，由于危险 d=0.14
[INFO] [1790739508.841607988] [exploration]: v=+0.00 w=+0.00 | 转向完成，停稳 front=1.38
[INFO] [1790739508.940692026] [exploration]: v=+0.00 w=-0.50 | 转向，由于危险 d=0.14
[INFO] [1790739509.042138285] [exploration]: v=+0.00 w=+0.00 | 转向完成，停稳 front=1.37
[INFO] [1790739509.141254896] [exploration]: v=+0.00 w=-0.50 | 转向，由于危险 d=0.14
[INFO] [1790739509.241349008] [exploration]: v=+0.00 w=+0.00 | 转向完成，停稳 front=0.93
[INFO] [1790739509.340884334] [exploration]: v=+0.00 w=-0.50 | 转向，由于危险 d=0.13
[INFO] [1790739509.442761346] [exploration]: v=+0.00 w=-0.50 | 转向中 front=0.14 目标>0.8
[INFO] [1790739509.542106950] [exploration]: v=+0.00 w=+0.00 | 转向完成，停稳 front=1.37
[INFO] [1790739509.642817591] [exploration]: v=+0.20 w=+0.00 | 直行 d=1.36
[INFO] [1790739509.742889234] [exploration]: v=+0.00 w=-0.50 | 转向，由于危险 d=0.15
[INFO] [1790739509.843038097] [exploration]: v=+0.00 w=+0.00 | 转向完成，停稳 front=1.36
[INFO] [1790739509.942466701] [exploration]: v=+0.00 w=-0.50 | 转向，由于危险 d=0.14
[INFO] [1790739510.042540523] [exploration]: v=+0.00 w=-0.50 | 转向中 front=0.14 目标>0.8
[INFO] [1790739510.142683637] [exploration]: v=+0.00 w=-0.50 | 转向中 front=0.13 目标>0.8
[INFO] [1790739510.244088843] [exploration]: v=+0.00 w=-0.50 | 转向中 front=0.15 目标>0.8
[INFO] [1790739510.343697132] [exploration]: v=+0.00 w=+0.00 | 转向完成，停稳 front=1.04
[INFO] [1790739510.443635378] [exploration]: v=+0.20 w=+0.00 | 直行 d=0.89
[INFO] [1790739510.543791882] [exploration]: v=+0.20 w=+0.00 | 直行 d=0.93
[INFO] [1790739510.643434595] [exploration]: v=+0.00 w=-0.50 | 转向，由于危险 d=0.14
[INFO] [1790739510.743625075] [exploration]: v=+0.00 w=-0.50 | 转向中 front=0.13 目标>0.8
[INFO] [1790739510.842904989] [exploration]: v=+0.00 w=-0.50 | 转向中 front=0.14 目标>0.8
[INFO] [1790739510.943442671] [exploration]: v=+0.00 w=+0.00 | 转向完成，停稳 front=1.33
[INFO] [1790739511.043258209] [exploration]: v=+0.00 w=-0.50 | 转向，由于危险 d=0.14
[INFO] [1790739511.144513742] [exploration]: v=+0.00 w=-0.50 | 转向中 front=0.15 目标>0.8
[INFO] [1790739511.245559848] [exploration]: v=+0.00 w=-0.50 | 转向中 front=0.13 目标>0.8
[INFO] [1790739511.344112720] [exploration]: v=+0.00 w=-0.50 | 转向中 front=0.14 目标>0.8
[INFO] [1790739511.444287360] [exploration]: v=+0.00 w=-0.50 | 转向中 front=0.13 目标>0.8
[INFO] [1790739511.644874949] [exploration]: v=+0.00 w=+0.00 | 转向完成，停稳 front=1.45
[INFO] [1790739511.745082048] [exploration]: v=+0.20 w=+0.00 | 直行 d=1.45
[INFO] [1790739511.844608391] [exploration]: v=+0.20 w=+0.00 | 直行 d=1.48
[INFO] [1790739511.945384241] [exploration]: v=+0.20 w=+0.00 | 直行 d=1.47
[INFO] [1790739512.044133450] [exploration]: v=+0.20 w=+0.00 | 直行 d=1.46
[INFO] [1790739512.145440522] [exploration]: v=+0.20 w=+0.00 | 直行 d=1.43
[INFO] [1790739512.245591423] [exploration]: v=+0.20 w=+0.00 | 直行 d=1.40
[INFO] [1790739512.346708380] [exploration]: v=+0.20 w=+0.00 | 直行 d=1.38
[INFO] [1790739512.446070766] [exploration]: v=+0.20 w=+0.00 | 直行 d=1.37
[INFO] [1790739512.546637970] [exploration]: v=+0.20 w=+0.00 | 直行 d=1.38
[INFO] [1790739512.647024816] [exploration]: v=+0.20 w=+0.00 | 直行 d=1.36
[INFO] [1790739512.746876816] [exploration]: v=+0.20 w=+0.00 | 直行 d=1.34
[INFO] [1790739512.846777930] [exploration]: v=+0.20 w=+0.00 | 直行 d=1.32
[INFO] [1790739512.947308185] [exploration]: v=+0.20 w=+0.00 | 直行 d=1.30
[INFO] [1790739513.147994872] [exploration]: v=+0.20 w=+0.00 | 直行 d=1.27
[INFO] [1790739513.247266257] [exploration]: v=+0.20 w=+0.00 | 直行 d=1.25
[INFO] [1790739513.349163013] [exploration]: v=+0.20 w=+0.00 | 直行 d=1.24
[INFO] [1790739513.448331707] [exploration]: v=+0.20 w=+0.00 | 直行 d=1.23
[INFO] [1790739513.548024342] [exploration]: v=+0.20 w=+0.00 | 直行 d=1.21
[INFO] [1790739513.648549066] [exploration]: v=+0.20 w=+0.00 | 直行 d=1.18
[INFO] [1790739513.748577808] [exploration]: v=+0.20 w=+0.00 | 直行 d=1.17
[INFO] [1790739513.848079549] [exploration]: v=+0.20 w=+0.00 | 直行 d=1.15
[INFO] [1790739513.948522790] [exploration]: v=+0.20 w=+0.00 | 直行 d=1.13
[INFO] [1790739514.049364141] [exploration]: v=+0.20 w=+0.00 | 直行 d=1.11
[INFO] [1790739514.148932171] [exploration]: v=+0.20 w=+0.00 | 直行 d=1.10
[INFO] [1790739514.249755197] [exploration]: v=+0.20 w=+0.00 | 直行 d=1.09
[INFO] [1790739514.350626977] [exploration]: v=+0.20 w=+0.00 | 直行 d=1.06
[INFO] [1790739514.450224816] [exploration]: v=+0.20 w=+0.00 | 直行 d=1.04
[INFO] [1790739514.549586953] [exploration]: v=+0.20 w=+0.00 | 直行 d=1.02
[INFO] [1790739514.650167961] [exploration]: v=+0.20 w=+0.00 | 直行 d=1.01
[INFO] [1790739514.750151785] [exploration]: v=+0.20 w=+0.00 | 直行 d=1.00
[INFO] [1790739514.850598809] [exploration]: v=+0.20 w=+0.00 | 直行 d=0.98
[INFO] [1790739514.950751858] [exploration]: v=+0.20 w=+0.00 | 直行 d=0.97
[INFO] [1790739515.050833888] [exploration]: v=+0.20 w=+0.00 | 直行 d=0.94
[INFO] [1790739515.150974391] [exploration]: v=+0.20 w=+0.00 | 直行 d=0.93
[INFO] [1790739515.350223395] [exploration]: v=+0.20 w=+0.00 | 直行 d=0.91
[INFO] [1790739515.452365582] [exploration]: v=+0.20 w=+0.00 | 直行 d=0.89
[INFO] [1790739515.552597450] [exploration]: v=+0.20 w=+0.00 | 直行 d=0.86
[INFO] [1790739515.652207524] [exploration]: v=+0.20 w=+0.00 | 直行 d=0.85
[INFO] [1790739515.751224868] [exploration]: v=+0.20 w=+0.00 | 直行 d=0.82
[INFO] [1790739515.852277054] [exploration]: v=+0.20 w=+0.00 | 直行 d=0.81
[INFO] [1790739515.952889956] [exploration]: v=+0.09 w=+0.00 | 减速 d=0.80
[INFO] [1790739516.052278985] [exploration]: v=+0.08 w=+0.00 | 减速 d=0.78
[INFO] [1790739516.152319855] [exploration]: v=+0.00 w=-0.50 | 转向，由于危险 d=0.13
[INFO] [1790739516.252849510] [exploration]: v=+0.00 w=-0.50 | 转向中 front=0.76 目标>0.8
[INFO] [1790739516.352522020] [exploration]: v=+0.00 w=-0.50 | 转向中 front=0.14 目标>0.8
[INFO] [1790739516.552400338] [exploration]: v=+0.00 w=-0.50 | 转向中 front=0.77 目标>0.8
[INFO] [1790739516.652996170] [exploration]: v=+0.00 w=-0.50 | 转向中 front=0.14 目标>0.8
[INFO] [1790739516.853364669] [exploration]: v=+0.00 w=+0.00 | 转向完成，停稳 front=0.90
[INFO] [1790739516.953301473] [exploration]: v=+0.20 w=+0.00 | 直行 d=2.58
[INFO] [1790739517.053763698] [exploration]: v=+0.20 w=+0.00 | 直行 d=2.59
[INFO] [1790739517.152869378] [exploration]: v=+0.20 w=+0.00 | 直行 d=2.57
[INFO] [1790739517.353178572] [exploration]: v=+0.20 w=+0.00 | 直行 d=2.56
[INFO] [1790739517.453909093] [exploration]: v=+0.20 w=+0.00 | 直行 d=2.54
[INFO] [1790739517.654482711] [exploration]: v=+0.20 w=+0.00 | 直行 d=2.52
[INFO] [1790739517.754397990] [exploration]: v=+0.20 w=+0.00 | 直行 d=2.51
[INFO] [1790739517.954930103] [exploration]: v=+0.20 w=+0.00 | 直行 d=2.48
[INFO] [1790739518.054848463] [exploration]: v=+0.20 w=+0.00 | 直行 d=2.44
[INFO] [1790739518.155931609] [exploration]: v=+0.20 w=+0.00 | 直行 d=2.46
[INFO] [1790739518.255191952] [exploration]: v=+0.20 w=+0.00 | 直行 d=2.44
[INFO] [1790739518.355502263] [exploration]: v=+0.20 w=+0.00 | 直行 d=2.43
[INFO] [1790739518.455535201] [exploration]: v=+0.20 w=+0.00 | 直行 d=2.39
[INFO] [1790739518.556243231] [exploration]: v=+0.20 w=+0.00 | 直行 d=2.38
[INFO] [1790739518.656808909] [exploration]: v=+0.20 w=+0.00 | 直行 d=2.35
[INFO] [1790739518.756641368] [exploration]: v=+0.20 w=+0.00 | 直行 d=2.34
[INFO] [1790739518.856586316] [exploration]: v=+0.20 w=+0.00 | 直行 d=2.31
[INFO] [1790739518.957170734] [exploration]: v=+0.20 w=+0.00 | 直行 d=2.30
[INFO] [1790739519.057618868] [exploration]: v=+0.20 w=+0.00 | 直行 d=2.27
[INFO] [1790739519.157015286] [exploration]: v=+0.20 w=+0.00 | 直行 d=2.26
[INFO] [1790739519.257896078] [exploration]: v=+0.20 w=+0.00 | 直行 d=2.24
[INFO] [1790739519.359020288] [exploration]: v=+0.20 w=+0.00 | 直行 d=2.23
[INFO] [1790739519.458946152] [exploration]: v=+0.20 w=+0.00 | 直行 d=2.20
[INFO] [1790739519.557898417] [exploration]: v=+0.20 w=+0.00 | 直行 d=2.19
[INFO] [1790739519.658587585] [exploration]: v=+0.20 w=+0.00 | 直行 d=2.17
[INFO] [1790739519.860247372] [exploration]: v=+0.20 w=+0.00 | 直行 d=2.14
[INFO] [1790739519.960101353] [exploration]: v=+0.20 w=+0.00 | 直行 d=2.13
[INFO] [1790739520.060381855] [exploration]: v=+0.20 w=+0.00 | 直行 d=2.11
[INFO] [1790739520.160114453] [exploration]: v=+0.20 w=+0.00 | 直行 d=2.09
[INFO] [1790739520.260582898] [exploration]: v=+0.20 w=+0.00 | 直行 d=2.07
[INFO] [1790739520.361292323] [exploration]: v=+0.20 w=+0.00 | 直行 d=2.04
[INFO] [1790739520.461414984] [exploration]: v=+0.20 w=+0.00 | 直行 d=2.03
[INFO] [1790739520.561790206] [exploration]: v=+0.20 w=+0.00 | 直行 d=2.01
[INFO] [1790739520.661407276] [exploration]: v=+0.20 w=+0.00 | 直行 d=1.99
[INFO] [1790739520.761233310] [exploration]: v=+0.20 w=+0.00 | 直行 d=1.98
[INFO] [1790739520.861063537] [exploration]: v=+0.20 w=+0.00 | 直行 d=1.96
[INFO] [1790739520.961166835] [exploration]: v=+0.20 w=+0.00 | 直行 d=1.94
[INFO] [1790739521.061156060] [exploration]: v=+0.20 w=+0.00 | 直行 d=1.93
[INFO] [1790739521.160534291] [exploration]: v=+0.20 w=+0.00 | 直行 d=1.90
[INFO] [1790739521.261532308] [exploration]: v=+0.20 w=+0.00 | 直行 d=1.88
[INFO] [1790739521.360845745] [exploration]: v=+0.20 w=+0.00 | 直行 d=1.86
[INFO] [1790739521.462914914] [exploration]: v=+0.20 w=+0.00 | 直行 d=1.84
[INFO] [1790739521.561803642] [exploration]: v=+0.20 w=+0.00 | 直行 d=1.82
[INFO] [1790739521.662413605] [exploration]: v=+0.20 w=+0.00 | 直行 d=1.79
[INFO] [1790739521.863646864] [exploration]: v=+0.20 w=+0.00 | 直行 d=1.78
[INFO] [1790739521.963822030] [exploration]: v=+0.20 w=+0.00 | 直行 d=1.76
[INFO] [1790739522.064068719] [exploration]: v=+0.20 w=+0.00 | 直行 d=1.75
[INFO] [1790739522.162513203] [exploration]: v=+0.20 w=+0.00 | 直行 d=1.72
[INFO] [1790739522.263897009] [exploration]: v=+0.20 w=+0.00 | 直行 d=1.70
[INFO] [1790739522.363821407] [exploration]: v=+0.20 w=+0.00 | 直行 d=1.68
[INFO] [1790739522.462894773] [exploration]: v=+0.20 w=+0.00 | 直行 d=1.67
[INFO] [1790739522.564188881] [exploration]: v=+0.20 w=+0.00 | 直行 d=1.65
[INFO] [1790739522.664304824] [exploration]: v=+0.20 w=+0.00 | 直行 d=1.63
[INFO] [1790739522.764481555] [exploration]: v=+0.20 w=+0.00 | 直行 d=1.61
[INFO] [1790739522.865035547] [exploration]: v=+0.20 w=+0.00 | 直行 d=1.59
[INFO] [1790739522.964604927] [exploration]: v=+0.20 w=+0.00 | 直行 d=1.57
[INFO] [1790739523.064580730] [exploration]: v=+0.20 w=+0.00 | 直行 d=1.56
[INFO] [1790739523.165141539] [exploration]: v=+0.20 w=+0.00 | 直行 d=1.54
[INFO] [1790739523.265834077] [exploration]: v=+0.20 w=+0.00 | 直行 d=1.52
[INFO] [1790739523.365472520] [exploration]: v=+0.20 w=+0.00 | 直行 d=1.50
[INFO] [1790739523.465178777] [exploration]: v=+0.20 w=+0.00 | 直行 d=1.48
[INFO] [1790739523.566048307] [exploration]: v=+0.20 w=+0.00 | 直行 d=1.45
[INFO] [1790739523.664659474] [exploration]: v=+0.20 w=+0.00 | 直行 d=1.43
[INFO] [1790739523.766500114] [exploration]: v=+0.20 w=+0.00 | 直行 d=1.44
[INFO] [1790739523.866931852] [exploration]: v=+0.20 w=+0.00 | 直行 d=1.40
[INFO] [1790739524.067290607] [exploration]: v=+0.20 w=+0.00 | 直行 d=1.37
[INFO] [1790739524.167456817] [exploration]: v=+0.20 w=+0.00 | 直行 d=1.35
[INFO] [1790739524.267730948] [exploration]: v=+0.20 w=+0.00 | 直行 d=1.33
[INFO] [1790739524.367535630] [exploration]: v=+0.20 w=+0.00 | 直行 d=1.32
[INFO] [1790739524.467494317] [exploration]: v=+0.20 w=+0.00 | 直行 d=1.29
[INFO] [1790739524.668593544] [exploration]: v=+0.20 w=+0.00 | 直行 d=1.26
[INFO] [1790739524.768671292] [exploration]: v=+0.20 w=+0.00 | 直行 d=1.23
[INFO] [1790739524.968597987] [exploration]: v=+0.20 w=+0.00 | 直行 d=1.20
[INFO] [1790739525.069804987] [exploration]: v=+0.20 w=+0.00 | 直行 d=1.19
[INFO] [1790739525.170106095] [exploration]: v=+0.20 w=+0.00 | 直行 d=1.18
[INFO] [1790739525.268537604] [exploration]: v=+0.20 w=+0.00 | 直行 d=1.16
[INFO] [1790739525.368503525] [exploration]: v=+0.20 w=+0.00 | 直行 d=1.14
[INFO] [1790739525.470085104] [exploration]: v=+0.20 w=+0.00 | 直行 d=1.11
[INFO] [1790739525.569349619] [exploration]: v=+0.20 w=+0.00 | 直行 d=1.10
[INFO] [1790739525.670349000] [exploration]: v=+0.20 w=+0.00 | 直行 d=1.08
[INFO] [1790739525.770852138] [exploration]: v=+0.20 w=+0.00 | 直行 d=1.05
[INFO] [1790739525.870713229] [exploration]: v=+0.20 w=+0.00 | 直行 d=1.04
[INFO] [1790739525.971147899] [exploration]: v=+0.20 w=+0.00 | 直行 d=1.03
[INFO] [1790739526.070526514] [exploration]: v=+0.20 w=+0.00 | 直行 d=1.02
[INFO] [1790739526.170235325] [exploration]: v=+0.20 w=+0.00 | 直行 d=0.98
[INFO] [1790739526.370843355] [exploration]: v=+0.20 w=+0.00 | 直行 d=0.94
[INFO] [1790739526.571361324] [exploration]: v=+0.20 w=+0.00 | 直行 d=0.92
[INFO] [1790739526.671658530] [exploration]: v=+0.20 w=+0.00 | 直行 d=0.90
[INFO] [1790739526.772646250] [exploration]: v=+0.20 w=+0.00 | 直行 d=0.88
[INFO] [1790739526.871937490] [exploration]: v=+0.20 w=+0.00 | 直行 d=0.87
[INFO] [1790739526.972055587] [exploration]: v=+0.20 w=+0.00 | 直行 d=0.84
[INFO] [1790739527.071934995] [exploration]: v=+0.20 w=+0.00 | 直行 d=0.83
[INFO] [1790739527.173636350] [exploration]: v=+0.20 w=+0.00 | 直行 d=0.81
[INFO] [1790739527.272298661] [exploration]: v=+0.09 w=+0.00 | 减速 d=0.79
[INFO] [1790739527.372450912] [exploration]: v=+0.08 w=+0.00 | 减速 d=0.77
[INFO] [1790739527.473596348] [exploration]: v=+0.00 w=-0.50 | 转向，由于危险 d=0.14
[INFO] [1790739527.574002464] [exploration]: v=+0.00 w=-0.50 | 转向中 front=0.14 目标>0.8
[INFO] [1790739528.175541635] [exploration]: v=+0.00 w=-0.50 | 转向中 front=0.70 目标>0.8
[INFO] [1790739528.276167319] [exploration]: v=+0.00 w=-0.50 | 转向中 front=0.69 目标>0.8
[INFO] [1790739528.675196976] [exploration]: v=+0.00 w=-0.50 | 转向中 front=0.68 目标>0.8
[INFO] [1790739528.775745190] [exploration]: v=+0.00 w=-0.50 | 转向中 front=0.69 目标>0.8
[INFO] [1790739528.876590449] [exploration]: v=+0.00 w=-0.50 | 转向中 front=0.68 目标>0.8
[INFO] [1790739528.975506720] [exploration]: v=+0.00 w=-0.50 | 转向中 front=0.69 目标>0.8
[INFO] [1790739529.476538552] [exploration]: v=+0.00 w=-0.50 | 转向中 front=0.70 目标>0.8
[INFO] [1790739529.575609378] [exploration]: v=+0.00 w=-0.50 | 转向中 front=0.71 目标>0.8
[INFO] [1790739529.776416514] [exploration]: v=+0.00 w=-0.50 | 转向中 front=0.72 目标>0.8
[INFO] [1790739529.877848143] [exploration]: v=+0.00 w=-0.50 | 转向中 front=0.74 目标>0.8
[INFO] [1790739529.977729367] [exploration]: v=+0.00 w=-0.50 | 转向中 front=0.76 目标>0.8
[INFO] [1790739530.077223657] [exploration]: v=+0.00 w=-0.50 | 转向中 front=0.77 目标>0.8
[INFO] [1790739530.177927892] [exploration]: v=+0.00 w=+0.00 | 转向完成，停稳 front=0.80
[INFO] [1790739530.277977678] [exploration]: v=+0.20 w=+0.00 | 直行 d=0.83
[INFO] [1790739530.378115451] [exploration]: v=+0.20 w=+0.00 | 直行 d=0.84
[INFO] [1790739530.578442019] [exploration]: v=+0.20 w=+0.00 | 直行 d=0.82
[INFO] [1790739530.678458893] [exploration]: v=+0.20 w=+0.00 | 直行 d=0.80
[INFO] [1790739530.778904627] [exploration]: v=+0.08 w=+0.00 | 减速 d=0.78
[INFO] [1790739530.879092252] [exploration]: v=+0.08 w=+0.00 | 减速 d=0.76
[INFO] [1790739530.979660395] [exploration]: v=+0.00 w=+0.50 | 转向，由于危险 d=0.40
[INFO] [1790739531.079822579] [exploration]: v=+0.00 w=+0.50 | 转向中 front=0.14 目标>0.8
[INFO] [1790739531.180592289] [exploration]: v=+0.00 w=+0.50 | 转向中 front=0.13 目标>0.8
[INFO] [1790739531.280879470] [exploration]: v=+0.00 w=+0.50 | 转向中 front=0.14 目标>0.8
[INFO] [1790739531.378940663] [exploration]: v=+0.00 w=+0.50 | 转向中 front=0.13 目标>0.8
[INFO] [1790739531.480437510] [exploration]: v=+0.00 w=+0.50 | 转向中 front=0.14 目标>0.8
[INFO] [1790739531.579778542] [exploration]: v=+0.00 w=+0.50 | 转向中 front=0.13 目标>0.8
[INFO] [1790739531.679098953] [exploration]: v=+0.00 w=+0.50 | 转向中 front=0.65 目标>0.8
[INFO] [1790739531.879344262] [exploration]: v=+0.00 w=+0.50 | 转向中 front=0.63 目标>0.8
[INFO] [1790739532.079389792] [exploration]: v=+0.00 w=+0.50 | 转向中 front=0.62 目标>0.8
[INFO] [1790739532.280363634] [exploration]: v=+0.00 w=+0.50 | 转向中 front=0.61 目标>0.8
[INFO] [1790739532.380448997] [exploration]: v=+0.00 w=+0.50 | 转向中 front=0.62 目标>0.8
[INFO] [1790739532.481996027] [exploration]: v=+0.00 w=+0.50 | 转向中 front=0.61 目标>0.8
[INFO] [1790739533.282859966] [exploration]: v=+0.00 w=+0.50 | 转向中 front=0.62 目标>0.8
[INFO] [1790739533.482808655] [exploration]: v=+0.00 w=+0.50 | 转向中 front=0.63 目标>0.8
[INFO] [1790739533.583748919] [exploration]: v=+0.00 w=+0.50 | 转向中 front=0.64 目标>0.8
[INFO] [1790739533.782298502] [exploration]: v=+0.00 w=+0.50 | 转向中 front=0.66 目标>0.8
[INFO] [1790739533.882781623] [exploration]: v=+0.00 w=+0.50 | 转向中 front=0.67 目标>0.8
[INFO] [1790739533.982355239] [exploration]: v=+0.00 w=+0.50 | 转向中 front=0.69 目标>0.8
[INFO] [1790739534.083673930] [exploration]: v=+0.00 w=+0.50 | 转向中 front=0.72 目标>0.8
[INFO] [1790739534.183599264] [exploration]: v=+0.00 w=+0.50 | 转向中 front=0.73 目标>0.8
[INFO] [1790739534.283003115] [exploration]: v=+0.00 w=+0.50 | 转向中 front=0.75 目标>0.8
[INFO] [1790739534.383349976] [exploration]: v=+0.00 w=+0.50 | 转向中 front=0.79 目标>0.8
[INFO] [1790739534.483781355] [exploration]: v=+0.00 w=+0.00 | 转向完成，停稳 front=0.83
[INFO] [1790739534.583376485] [exploration]: v=+0.20 w=+0.00 | 直行 d=0.87
[INFO] [1790739534.683180021] [exploration]: v=+0.20 w=+0.00 | 直行 d=0.89
[INFO] [1790739534.782988148] [exploration]: v=+0.20 w=+0.00 | 直行 d=0.87
[INFO] [1790739534.882731311] [exploration]: v=+0.20 w=+0.00 | 直行 d=0.86
[INFO] [1790739534.982947494] [exploration]: v=+0.20 w=+0.00 | 直行 d=0.83
[INFO] [1790739535.084249168] [exploration]: v=+0.20 w=+0.00 | 直行 d=0.80
[INFO] [1790739535.283862600] [exploration]: v=+0.09 w=+0.00 | 减速 d=0.79
[INFO] [1790739535.383731702] [exploration]: v=+0.08 w=+0.00 | 减速 d=0.78
[INFO] [1790739535.483848177] [exploration]: v=+0.00 w=+0.50 | 转向，由于危险 d=0.13
[INFO] [1790739535.585262511] [exploration]: v=+0.00 w=+0.50 | 转向中 front=0.75 目标>0.8
[INFO] [1790739535.685293423] [exploration]: v=+0.00 w=+0.50 | 转向中 front=0.72 目标>0.8
[INFO] [1790739535.785358982] [exploration]: v=+0.00 w=+0.50 | 转向中 front=0.14 目标>0.8
[INFO] [1790739536.186251410] [exploration]: v=+0.00 w=+0.00 | 转向完成，停稳 front=1.07
[INFO] [1790739536.287443289] [exploration]: v=+0.20 w=+0.00 | 直行 d=1.15
[INFO] [1790739536.387280955] [exploration]: v=+0.20 w=+0.00 | 直行 d=1.17
[INFO] [1790739536.487406490] [exploration]: v=+0.20 w=+0.00 | 直行 d=1.19
[INFO] [1790739536.587771909] [exploration]: v=+0.20 w=+0.00 | 直行 d=1.17
[INFO] [1790739536.787499001] [exploration]: v=+0.20 w=+0.00 | 直行 d=1.14
[INFO] [1790739536.887178303] [exploration]: v=+0.20 w=+0.00 | 直行 d=1.15
[INFO] [1790739536.987117399] [exploration]: v=+0.20 w=+0.00 | 直行 d=1.12
[INFO] [1790739537.188101130] [exploration]: v=+0.20 w=+0.00 | 直行 d=1.10
[INFO] [1790739537.288862874] [exploration]: v=+0.20 w=+0.00 | 直行 d=1.08
[INFO] [1790739537.588000284] [exploration]: v=+0.20 w=+0.00 | 直行 d=1.05
[INFO] [1790739537.787965714] [exploration]: v=+0.20 w=+0.00 | 直行 d=1.03
[INFO] [1790739537.888628487] [exploration]: v=+0.20 w=+0.00 | 直行 d=1.01
[INFO] [1790739537.988483978] [exploration]: v=+0.20 w=+0.00 | 直行 d=1.00
[INFO] [1790739538.089020070] [exploration]: v=+0.20 w=+0.00 | 直行 d=0.99
[INFO] [1790739538.189342048] [exploration]: v=+0.20 w=+0.00 | 直行 d=0.98
[INFO] [1790739538.388725354] [exploration]: v=+0.20 w=+0.00 | 直行 d=0.96
[INFO] [1790739538.489189601] [exploration]: v=+0.20 w=+0.00 | 直行 d=0.95
[INFO] [1790739538.589251557] [exploration]: v=+0.20 w=+0.00 | 直行 d=0.93
[INFO] [1790739538.689776719] [exploration]: v=+0.20 w=+0.00 | 直行 d=0.92
[INFO] [1790739538.789818038] [exploration]: v=+0.20 w=+0.00 | 直行 d=0.91
[INFO] [1790739538.889309866] [exploration]: v=+0.20 w=+0.00 | 直行 d=0.87
[INFO] [1790739538.990691221] [exploration]: v=+0.20 w=+0.00 | 直行 d=0.89
[INFO] [1790739539.089445977] [exploration]: v=+0.20 w=+0.00 | 直行 d=0.87
[INFO] [1790739539.189494861] [exploration]: v=+0.20 w=+0.00 | 直行 d=0.86
[INFO] [1790739539.288926068] [exploration]: v=+0.20 w=+0.00 | 直行 d=0.84
[INFO] [1790739539.388319458] [exploration]: v=+0.20 w=+0.00 | 直行 d=0.83
[INFO] [1790739539.589876032] [exploration]: v=+0.09 w=+0.00 | 减速 d=0.80
[INFO] [1790739539.791404671] [exploration]: v=+0.08 w=+0.00 | 减速 d=0.79
[INFO] [1790739539.891443621] [exploration]: v=+0.00 w=+0.50 | 转向，由于危险 d=0.13
[INFO] [1790739539.991434380] [exploration]: v=+0.00 w=+0.50 | 转向中 front=0.80 目标>0.8
[INFO] [1790739540.092031312] [exploration]: v=+0.00 w=+0.50 | 转向中 front=0.71 目标>0.8
[INFO] [1790739540.191496090] [exploration]: v=+0.00 w=+0.00 | 转向完成，停稳 front=0.88
[INFO] [1790739540.291443261] [exploration]: v=+0.00 w=+0.50 | 转向，由于危险 d=0.40
[INFO] [1790739540.390954955] [exploration]: v=+0.00 w=+0.00 | 转向完成，停稳 front=0.91
[INFO] [1790739540.491319546] [exploration]: v=+0.00 w=+0.50 | 转向，由于危险 d=0.14
[INFO] [1790739540.591682677] [exploration]: v=+0.00 w=+0.50 | 转向中 front=0.13 目标>0.8
[INFO] [1790739540.692682290] [exploration]: v=+0.00 w=+0.50 | 转向中 front=0.15 目标>0.8
[INFO] [1790739540.792400644] [exploration]: v=+0.00 w=+0.50 | 转向中 front=0.14 目标>0.8
[INFO] [1790739540.892308665] [exploration]: v=+0.00 w=+0.50 | 转向中 front=0.12 目标>0.8
[INFO] [1790739540.993217136] [exploration]: v=+0.00 w=+0.50 | 转向中 front=0.13 目标>0.8
[INFO] [1790739541.093309023] [exploration]: v=+0.00 w=+0.00 | 转向完成，停稳 front=0.91
[INFO] [1790739541.192908416] [exploration]: v=+0.20 w=+0.00 | 直行 d=0.91
[INFO] [1790739541.393819946] [exploration]: v=+0.20 w=+0.00 | 直行 d=0.90
[INFO] [1790739541.493692035] [exploration]: v=+0.20 w=+0.00 | 直行 d=0.89
[INFO] [1790739541.593299564] [exploration]: v=+0.00 w=+0.50 | 转向，由于危险 d=0.14
[INFO] [1790739541.694006600] [exploration]: v=+0.00 w=+0.00 | 转向完成，停稳 front=0.84
[INFO] [1790739541.795658830] [exploration]: v=+0.00 w=+0.50 | 转向，由于危险 d=0.15
[INFO] [1790739541.896008245] [exploration]: v=+0.00 w=+0.00 | 转向完成，停稳 front=0.84
[INFO] [1790739541.995331092] [exploration]: v=+0.00 w=+0.50 | 转向，由于危险 d=0.14
[INFO] [1790739542.096510549] [exploration]: v=+0.00 w=+0.00 | 转向完成，停稳 front=0.84
[INFO] [1790739542.196381716] [exploration]: v=+0.00 w=+0.50 | 转向，由于危险 d=0.13
[INFO] [1790739542.296421161] [exploration]: v=+0.00 w=+0.00 | 转向完成，停稳 front=0.85
[INFO] [1790739542.395922229] [exploration]: v=+0.00 w=+0.50 | 转向，由于危险 d=0.14
[INFO] [1790739542.494332661] [exploration]: v=+0.00 w=+0.00 | 转向完成，停稳 front=0.85
[INFO] [1790739542.595823342] [exploration]: v=+0.20 w=+0.00 | 直行 d=0.86
[INFO] [1790739542.695686607] [exploration]: v=+0.20 w=+0.00 | 直行 d=0.87
[INFO] [1790739542.796414080] [exploration]: v=+0.20 w=+0.00 | 直行 d=0.86
[INFO] [1790739542.896688387] [exploration]: v=+0.20 w=+0.00 | 直行 d=0.84
[INFO] [1790739542.996973884] [exploration]: v=+0.20 w=+0.00 | 直行 d=0.81
[INFO] [1790739543.096593164] [exploration]: v=+0.20 w=+0.00 | 直行 d=0.80
[INFO] [1790739543.197408393] [exploration]: v=+0.08 w=+0.00 | 减速 d=0.78
[INFO] [1790739543.298659051] [exploration]: v=+0.08 w=+0.00 | 减速 d=0.76
[INFO] [1790739543.414145078] [exploration]: v=+0.00 w=+0.50 | 转向，由于危险 d=0.13
[INFO] [1790739543.503443667] [exploration]: v=+0.00 w=+0.50 | 转向中 front=0.74 目标>0.8
[INFO] [1790739543.602527637] [exploration]: v=+0.00 w=+0.50 | 转向中 front=0.14 目标>0.8
[INFO] [1790739543.701290807] [exploration]: v=+0.00 w=+0.50 | 转向中 front=0.15 目标>0.8
[INFO] [1790739543.797758487] [exploration]: v=+0.00 w=+0.50 | 转向中 front=0.13 目标>0.8
[INFO] [1790739544.099342699] [exploration]: v=+0.00 w=+0.50 | 转向中 front=0.79 目标>0.8
[INFO] [1790739544.199754752] [exploration]: v=+0.00 w=+0.00 | 转向完成，停稳 front=0.81
[INFO] [1790739544.300110440] [exploration]: v=+0.20 w=+0.00 | 直行 d=0.84
[INFO] [1790739544.699125781] [exploration]: v=+0.20 w=+0.00 | 直行 d=0.82
[INFO] [1790739544.799283293] [exploration]: v=+0.20 w=+0.00 | 直行 d=0.80
[INFO] [1790739544.899821045] [exploration]: v=+0.08 w=+0.00 | 减速 d=0.78
[INFO] [1790739545.000154197] [exploration]: v=+0.08 w=+0.00 | 减速 d=0.76
[INFO] [1790739545.100234134] [exploration]: v=+0.00 w=+0.50 | 转向，由于危险 d=0.14
[INFO] [1790739545.200998466] [exploration]: v=+0.00 w=+0.50 | 转向中 front=0.14 目标>0.8
[INFO] [1790739545.600808981] [exploration]: v=+0.00 w=+0.00 | 转向完成，停稳 front=0.83
[INFO] [1790739545.702425305] [exploration]: v=+0.00 w=+0.50 | 转向，由于危险 d=0.40
[INFO] [1790739545.802488656] [exploration]: v=+0.00 w=+0.00 | 转向完成，停稳 front=0.88
[INFO] [1790739545.902985505] [exploration]: v=+0.20 w=+0.00 | 直行 d=0.90
[INFO] [1790739546.002870528] [exploration]: v=+0.20 w=+0.00 | 直行 d=0.93
[INFO] [1790739546.102687321] [exploration]: v=+0.20 w=+0.00 | 直行 d=0.91
[INFO] [1790739546.203232801] [exploration]: v=+0.20 w=+0.00 | 直行 d=0.90
[INFO] [1790739546.303699975] [exploration]: v=+0.20 w=+0.00 | 直行 d=0.88
[INFO] [1790739546.402866692] [exploration]: v=+0.20 w=+0.00 | 直行 d=0.87
[INFO] [1790739546.502600343] [exploration]: v=+0.20 w=+0.00 | 直行 d=0.85
[INFO] [1790739546.603133554] [exploration]: v=+0.20 w=+0.00 | 直行 d=0.82
[INFO] [1790739546.701820040] [exploration]: v=+0.20 w=+0.00 | 直行 d=0.84
[INFO] [1790739546.802744972] [exploration]: v=+0.20 w=+0.00 | 直行 d=0.82
[INFO] [1790739546.902632574] [exploration]: v=+0.20 w=+0.00 | 直行 d=0.80
[INFO] [1790739547.003434947] [exploration]: v=+0.08 w=+0.00 | 减速 d=0.78
[INFO] [1790739547.103186486] [exploration]: v=+0.08 w=+0.00 | 减速 d=0.75
[INFO] [1790739547.203309533] [exploration]: v=+0.00 w=+0.50 | 转向，由于危险 d=0.14
[INFO] [1790739547.303456567] [exploration]: v=+0.00 w=+0.50 | 转向中 front=0.74 目标>0.8
[INFO] [1790739547.404203185] [exploration]: v=+0.00 w=+0.50 | 转向中 front=0.76 目标>0.8
[INFO] [1790739547.503772516] [exploration]: v=+0.00 w=+0.50 | 转向中 front=0.80 目标>0.8
[INFO] [1790739547.604111861] [exploration]: v=+0.00 w=+0.50 | 转向中 front=0.13 目标>0.8
[INFO] [1790739547.804085244] [exploration]: v=+0.00 w=+0.00 | 转向完成，停稳 front=0.98
[INFO] [1790739547.904599068] [exploration]: v=+0.20 w=+0.00 | 直行 d=1.07
[INFO] [1790739548.004752980] [exploration]: v=+0.20 w=+0.00 | 直行 d=1.10
[INFO] [1790739548.104334244] [exploration]: v=+0.20 w=+0.00 | 直行 d=1.11
[INFO] [1790739548.204083953] [exploration]: v=+0.20 w=+0.00 | 直行 d=1.09
[INFO] [1790739548.305141085] [exploration]: v=+0.20 w=+0.00 | 直行 d=1.08
[INFO] [1790739548.405392578] [exploration]: v=+0.20 w=+0.00 | 直行 d=1.07
[INFO] [1790739548.505417891] [exploration]: v=+0.20 w=+0.00 | 直行 d=1.05
[INFO] [1790739548.605329490] [exploration]: v=+0.20 w=+0.00 | 直行 d=1.01
[INFO] [1790739548.705758450] [exploration]: v=+0.20 w=+0.00 | 直行 d=1.02
[INFO] [1790739548.805946493] [exploration]: v=+0.20 w=+0.00 | 直行 d=1.01
[INFO] [1790739548.905702062] [exploration]: v=+0.20 w=+0.00 | 直行 d=1.00
[INFO] [1790739549.006849966] [exploration]: v=+0.20 w=+0.00 | 直行 d=0.97
[INFO] [1790739549.207034859] [exploration]: v=+0.20 w=+0.00 | 直行 d=0.95
[INFO] [1790739549.306200141] [exploration]: v=+0.20 w=+0.00 | 直行 d=0.96
[INFO] [1790739549.506404627] [exploration]: v=+0.20 w=+0.00 | 直行 d=0.94
[INFO] [1790739549.607194473] [exploration]: v=+0.20 w=+0.00 | 直行 d=0.91
[INFO] [1790739549.707659242] [exploration]: v=+0.20 w=+0.00 | 直行 d=0.90
[INFO] [1790739549.808105685] [exploration]: v=+0.20 w=+0.00 | 直行 d=0.89
[INFO] [1790739549.907464034] [exploration]: v=+0.20 w=+0.00 | 直行 d=0.87
[INFO] [1790739550.007112442] [exploration]: v=+0.20 w=+0.00 | 直行 d=0.86
[INFO] [1790739550.107069534] [exploration]: v=+0.20 w=+0.00 | 直行 d=0.84
[INFO] [1790739550.207590594] [exploration]: v=+0.20 w=+0.00 | 直行 d=0.85
[INFO] [1790739550.307516098] [exploration]: v=+0.20 w=+0.00 | 直行 d=0.84
[INFO] [1790739550.408110670] [exploration]: v=+0.09 w=+0.00 | 减速 d=0.80
[INFO] [1790739550.608072756] [exploration]: v=+0.09 w=+0.00 | 减速 d=0.79
[INFO] [1790739550.708209894] [exploration]: v=+0.00 w=+0.50 | 转向，由于危险 d=0.14
[INFO] [1790739550.808103290] [exploration]: v=+0.00 w=+0.50 | 转向中 front=0.14 目标>0.8
[INFO] [1790739550.908380978] [exploration]: v=+0.00 w=+0.50 | 转向中 front=0.15 目标>0.8
[INFO] [1790739551.009344465] [exploration]: v=+0.00 w=+0.00 | 转向完成，停稳 front=0.87
[INFO] [1790739551.109439059] [exploration]: v=+0.20 w=+0.00 | 直行 d=0.99
[INFO] [1790739551.209753696] [exploration]: v=+0.20 w=+0.00 | 直行 d=1.01
[INFO] [1790739551.309897116] [exploration]: v=+0.20 w=+0.00 | 直行 d=1.03
[INFO] [1790739551.409813324] [exploration]: v=+0.20 w=+0.00 | 直行 d=1.02
[INFO] [1790739551.509922607] [exploration]: v=+0.20 w=+0.00 | 直行 d=1.01
[INFO] [1790739551.609813693] [exploration]: v=+0.20 w=+0.00 | 直行 d=0.98
[INFO] [1790739551.910370429] [exploration]: v=+0.20 w=+0.00 | 直行 d=0.96
[INFO] [1790739552.010779480] [exploration]: v=+0.20 w=+0.00 | 直行 d=0.95
[INFO] [1790739552.211127562] [exploration]: v=+0.20 w=+0.00 | 直行 d=0.92
[INFO] [1790739552.311195474] [exploration]: v=+0.20 w=+0.00 | 直行 d=0.91
[INFO] [1790739552.411231962] [exploration]: v=+0.20 w=+0.00 | 直行 d=0.92
[INFO] [1790739552.511300110] [exploration]: v=+0.20 w=+0.00 | 直行 d=0.90
[INFO] [1790739552.711147019] [exploration]: v=+0.20 w=+0.00 | 直行 d=0.88
[INFO] [1790739552.811798958] [exploration]: v=+0.20 w=+0.00 | 直行 d=0.89
[INFO] [1790739552.912894878] [exploration]: v=+0.20 w=+0.00 | 直行 d=0.87
[INFO] [1790739553.012582233] [exploration]: v=+0.20 w=+0.00 | 直行 d=0.85
[INFO] [1790739553.113194151] [exploration]: v=+0.20 w=+0.00 | 直行 d=0.84
[INFO] [1790739553.512551326] [exploration]: v=+0.20 w=+0.00 | 直行 d=0.81
[INFO] [1790739553.614967775] [exploration]: v=+0.09 w=+0.00 | 减速 d=0.79
[INFO] [1790739553.814937304] [exploration]: v=+0.08 w=+0.00 | 减速 d=0.78
[INFO] [1790739554.114704157] [exploration]: v=+0.08 w=+0.00 | 减速 d=0.77
[INFO] [1790739554.214399032] [exploration]: v=+0.00 w=+0.50 | 转向，由于危险 d=0.14
[INFO] [1790739554.314236158] [exploration]: v=+0.00 w=+0.50 | 转向中 front=0.15 目标>0.8
[INFO] [1790739554.414152931] [exploration]: v=+0.00 w=+0.50 | 转向中 front=0.14 目标>0.8
[INFO] [1790739554.615217628] [exploration]: v=+0.00 w=+0.00 | 转向完成，停稳 front=1.07
[INFO] [1790739554.715635636] [exploration]: v=+0.20 w=+0.00 | 直行 d=1.34
[INFO] [1790739554.816934324] [exploration]: v=+0.20 w=+0.00 | 直行 d=1.16
[INFO] [1790739554.916812657] [exploration]: v=+0.20 w=+0.00 | 直行 d=1.17
[INFO] [1790739555.016916690] [exploration]: v=+0.20 w=+0.00 | 直行 d=1.47
[INFO] [1790739555.318017935] [exploration]: v=+0.20 w=+0.00 | 直行 d=1.46
[INFO] [1790739555.417950480] [exploration]: v=+0.20 w=+0.00 | 直行 d=1.48
[INFO] [1790739555.518622751] [exploration]: v=+0.20 w=+0.00 | 直行 d=1.46
[INFO] [1790739555.618528007] [exploration]: v=+0.20 w=+0.00 | 直行 d=1.48
[INFO] [1790739555.718846076] [exploration]: v=+0.20 w=+0.00 | 直行 d=1.49
[INFO] [1790739555.918506902] [exploration]: v=+0.20 w=+0.00 | 直行 d=1.46
[INFO] [1790739556.018356912] [exploration]: v=+0.20 w=+0.00 | 直行 d=1.49
[INFO] [1790739556.119705219] [exploration]: v=+0.20 w=+0.00 | 直行 d=1.48
[INFO] [1790739556.219150012] [exploration]: v=+0.20 w=+0.00 | 直行 d=1.47
[INFO] [1790739556.419756619] [exploration]: v=+0.20 w=+0.00 | 直行 d=1.49
[INFO] [1790739556.518686218] [exploration]: v=+0.20 w=+0.00 | 直行 d=1.47
[INFO] [1790739556.620852900] [exploration]: v=+0.20 w=+0.00 | 直行 d=1.48
[INFO] [1790739556.721624353] [exploration]: v=+0.20 w=+0.00 | 直行 d=1.46
[INFO] [1790739556.820921577] [exploration]: v=+0.20 w=+0.00 | 直行 d=1.47
[INFO] [1790739556.920124837] [exploration]: v=+0.20 w=+0.00 | 直行 d=1.48
[INFO] [1790739557.019547261] [exploration]: v=+0.20 w=+0.00 | 直行 d=1.46
[INFO] [1790739557.120628394] [exploration]: v=+0.20 w=+0.00 | 直行 d=1.49
[INFO] [1790739557.220691466] [exploration]: v=+0.20 w=+0.00 | 直行 d=1.47
[INFO] [1790739557.320475289] [exploration]: v=+0.20 w=+0.00 | 直行 d=1.48
[INFO] [1790739557.421139855] [exploration]: v=+0.20 w=+0.00 | 直行 d=1.47
[INFO] [1790739557.521875239] [exploration]: v=+0.20 w=+0.00 | 直行 d=1.45
[INFO] [1790739557.622482118] [exploration]: v=+0.20 w=+0.00 | 直行 d=1.43
[INFO] [1790739557.720266743] [exploration]: v=+0.20 w=+0.00 | 直行 d=1.42
[INFO] [1790739557.821224515] [exploration]: v=+0.20 w=+0.00 | 直行 d=1.40
[INFO] [1790739557.921300175] [exploration]: v=+0.20 w=+0.00 | 直行 d=1.36
[INFO] [1790739558.021099172] [exploration]: v=+0.20 w=+0.00 | 直行 d=1.35
[INFO] [1790739558.121264540] [exploration]: v=+0.20 w=+0.00 | 直行 d=1.34
[INFO] [1790739558.221789024] [exploration]: v=+0.20 w=+0.00 | 直行 d=1.32
[INFO] [1790739558.321667823] [exploration]: v=+0.20 w=+0.00 | 直行 d=1.30
[INFO] [1790739558.422199526] [exploration]: v=+0.20 w=+0.00 | 直行 d=1.28
[INFO] [1790739558.522949675] [exploration]: v=+0.20 w=+0.00 | 直行 d=1.25
[INFO] [1790739558.622130456] [exploration]: v=+0.20 w=+0.00 | 直行 d=1.24
[INFO] [1790739558.721956316] [exploration]: v=+0.20 w=+0.00 | 直行 d=1.22
[INFO] [1790739558.822042418] [exploration]: v=+0.20 w=+0.00 | 直行 d=1.20
[INFO] [1790739558.922923048] [exploration]: v=+0.20 w=+0.00 | 直行 d=1.17
[INFO] [1790739559.122850130] [exploration]: v=+0.20 w=+0.00 | 直行 d=1.14
[INFO] [1790739559.222860803] [exploration]: v=+0.20 w=+0.00 | 直行 d=1.12
[INFO] [1790739559.322585414] [exploration]: v=+0.20 w=+0.00 | 直行 d=1.10
[INFO] [1790739559.423433430] [exploration]: v=+0.20 w=+0.00 | 直行 d=1.08
[INFO] [1790739559.524030700] [exploration]: v=+0.20 w=+0.00 | 直行 d=1.06
[INFO] [1790739559.623918373] [exploration]: v=+0.20 w=+0.00 | 直行 d=1.05
[INFO] [1790739559.723310795] [exploration]: v=+0.20 w=+0.00 | 直行 d=1.02
[INFO] [1790739559.825092470] [exploration]: v=+0.20 w=+0.00 | 直行 d=1.00
[INFO] [1790739559.923703764] [exploration]: v=+0.20 w=+0.00 | 直行 d=0.98
[INFO] [1790739560.024954611] [exploration]: v=+0.20 w=+0.00 | 直行 d=0.96
[INFO] [1790739560.124150555] [exploration]: v=+0.20 w=+0.00 | 直行 d=0.95
[INFO] [1790739560.225849961] [exploration]: v=+0.20 w=+0.00 | 直行 d=0.92
[INFO] [1790739560.325624601] [exploration]: v=+0.20 w=+0.00 | 直行 d=0.90
[INFO] [1790739560.425916010] [exploration]: v=+0.20 w=+0.00 | 直行 d=0.88
[INFO] [1790739560.526120492] [exploration]: v=+0.20 w=+0.00 | 直行 d=0.86
[INFO] [1790739560.625944880] [exploration]: v=+0.20 w=+0.00 | 直行 d=0.84
[INFO] [1790739560.725846857] [exploration]: v=+0.20 w=+0.00 | 直行 d=0.82
[INFO] [1790739560.825080613] [exploration]: v=+0.20 w=+0.00 | 直行 d=0.81
[INFO] [1790739560.925549173] [exploration]: v=+0.08 w=+0.00 | 减速 d=0.78
[INFO] [1790739561.024296855] [exploration]: v=+0.08 w=+0.00 | 减速 d=0.76
[INFO] [1790739561.125917618] [exploration]: v=+0.00 w=+0.50 | 左侧缺口 l=0.16 r=0.26
[INFO] [1790739561.226962231] [exploration]: v=+0.00 w=+0.50 | 转向中 front=0.74 目标>0.8
[INFO] [1790739561.326278822] [exploration]: v=+0.00 w=+0.50 | 转向中 front=0.72 目标>0.8
[INFO] [1790739561.426055221] [exploration]: v=+0.00 w=+0.50 | 转向中 front=0.13 目标>0.8
[INFO] [1790739561.525734347] [exploration]: v=+0.00 w=+0.50 | 转向中 front=0.14 目标>0.8
[INFO] [1790739561.726156689] [exploration]: v=+0.00 w=+0.50 | 转向中 front=0.15 目标>0.8
[INFO] [1790739561.826439740] [exploration]: v=+0.00 w=+0.50 | 转向中 front=0.74 目标>0.8
[INFO] [1790739562.027213594] [exploration]: v=+0.00 w=+0.50 | 转向中 front=0.75 目标>0.8
[INFO] [1790739562.227810558] [exploration]: v=+0.00 w=+0.50 | 转向中 front=0.76 目标>0.8
[INFO] [1790739562.328108717] [exploration]: v=+0.00 w=+0.50 | 转向中 front=0.77 目标>0.8
[INFO] [1790739562.428130437] [exploration]: v=+0.00 w=+0.50 | 转向中 front=0.79 目标>0.8
[INFO] [1790739562.527803693] [exploration]: v=+0.00 w=+0.50 | 转向中 front=0.80 目标>0.8
[INFO] [1790739562.627445819] [exploration]: v=+0.00 w=+0.00 | 转向完成，停稳 front=0.82
[INFO] [1790739562.727592819] [exploration]: v=+0.20 w=+0.00 | 直行 d=0.83
[INFO] [1790739562.828551293] [exploration]: v=+0.20 w=+0.00 | 直行 d=0.84
[INFO] [1790739563.028406548] [exploration]: v=+0.20 w=+0.00 | 直行 d=0.82
[INFO] [1790739563.128169070] [exploration]: v=+0.09 w=+0.00 | 减速 d=0.80
[INFO] [1790739563.228404872] [exploration]: v=+0.09 w=+0.00 | 减速 d=0.79
[INFO] [1790739563.328366913] [exploration]: v=+0.00 w=+0.50 | 转向，由于危险 d=0.13
[INFO] [1790739563.430656035] [exploration]: v=+0.00 w=+0.50 | 转向中 front=0.13 目标>0.8
[INFO] [1790739563.530839130] [exploration]: v=+0.00 w=+0.50 | 转向中 front=0.77 目标>0.8
[INFO] [1790739563.630431250] [exploration]: v=+0.00 w=+0.50 | 转向中 front=0.78 目标>0.8
[INFO] [1790739563.730609096] [exploration]: v=+0.00 w=+0.50 | 转向中 front=0.14 目标>0.8
[INFO] [1790739563.829650021] [exploration]: v=+0.00 w=+0.00 | 转向完成，停稳 front=0.85
[INFO] [1790739563.931516014] [exploration]: v=+0.20 w=+0.00 | 直行 d=0.88
[INFO] [1790739564.231706014] [exploration]: v=+0.20 w=+0.00 | 直行 d=0.87
[INFO] [1790739564.331232226] [exploration]: v=+0.20 w=+0.00 | 直行 d=0.85
[INFO] [1790739564.431423120] [exploration]: v=+0.20 w=+0.00 | 直行 d=0.84
[INFO] [1790739564.531493620] [exploration]: v=+0.20 w=+0.00 | 直行 d=0.81
[INFO] [1790739564.731168633] [exploration]: v=+0.08 w=+0.00 | 减速 d=0.78
[INFO] [1790739564.831807299] [exploration]: v=+0.08 w=+0.00 | 减速 d=0.77
[INFO] [1790739565.033293603] [exploration]: v=+0.08 w=+0.00 | 减速 d=0.75
[INFO] [1790739565.131424015] [exploration]: v=+0.07 w=+0.00 | 减速 d=0.74
[INFO] [1790739565.233910617] [exploration]: v=+0.07 w=+0.00 | 减速 d=0.73
[INFO] [1790739565.532104649] [exploration]: v=+0.00 w=+0.50 | 转向，由于危险 d=0.15
[INFO] [1790739565.633566695] [exploration]: v=+0.00 w=+0.50 | 转向中 front=0.72 目标>0.8
[INFO] [1790739565.732714506] [exploration]: v=+0.00 w=+0.50 | 转向中 front=0.73 目标>0.8
[INFO] [1790739565.833053584] [exploration]: v=+0.00 w=+0.50 | 转向中 front=0.75 目标>0.8
[INFO] [1790739565.933730650] [exploration]: v=+0.00 w=+0.50 | 转向中 front=0.14 目标>0.8
[INFO] [1790739566.034117095] [exploration]: v=+0.00 w=+0.00 | 转向完成，停稳 front=0.85
[INFO] [1790739566.134117703] [exploration]: v=+0.20 w=+0.00 | 直行 d=0.90
[INFO] [1790739566.235077780] [exploration]: v=+0.00 w=+0.50 | 转向，由于危险 d=0.40
[INFO] [1790739566.335751862] [exploration]: v=+0.00 w=+0.00 | 转向完成，停稳 front=0.91
[INFO] [1790739566.435020262] [exploration]: v=+0.20 w=+0.00 | 直行 d=0.92
[INFO] [1790739566.635390418] [exploration]: v=+0.20 w=+0.00 | 直行 d=0.93
[INFO] [1790739566.734964798] [exploration]: v=+0.20 w=+0.00 | 直行 d=0.91
[INFO] [1790739566.836448426] [exploration]: v=+0.20 w=+0.00 | 直行 d=0.90
[INFO] [1790739567.034986350] [exploration]: v=+0.20 w=+0.00 | 直行 d=0.86
[INFO] [1790739567.135711786] [exploration]: v=+0.20 w=+0.00 | 直行 d=0.90
[INFO] [1790739567.236389514] [exploration]: v=+0.20 w=+0.00 | 直行 d=0.96
[INFO] [1790739567.336333692] [exploration]: v=+0.20 w=+0.00 | 直行 d=1.02
[INFO] [1790739567.435399726] [exploration]: v=+0.20 w=+0.00 | 直行 d=1.09
[INFO] [1790739567.535608140] [exploration]: v=+0.20 w=+0.00 | 直行 d=1.17
[INFO] [1790739567.636163265] [exploration]: v=+0.20 w=+0.00 | 直行 d=1.23
[INFO] [1790739567.737912366] [exploration]: v=+0.20 w=+0.00 | 直行 d=1.29
[INFO] [1790739567.836266032] [exploration]: v=+0.20 w=+0.00 | 直行 d=1.28
[INFO] [1790739567.937132943] [exploration]: v=+0.20 w=+0.00 | 直行 d=1.29
[INFO] [1790739568.038657924] [exploration]: v=+0.20 w=+0.00 | 直行 d=1.28
[INFO] [1790739568.138464000] [exploration]: v=+0.20 w=+0.00 | 直行 d=1.25
[INFO] [1790739568.238043257] [exploration]: v=+0.00 w=+0.50 | 转向，由于危险 d=0.39
[INFO] [1790739568.338767227] [exploration]: v=+0.00 w=+0.50 | 转向中 front=0.34 目标>0.8
[INFO] [1790739568.437359300] [exploration]: v=+0.00 w=+0.50 | 转向中 front=0.32 目标>0.8
[INFO] [1790739568.537592158] [exploration]: v=+0.00 w=+0.50 | 转向中 front=0.30 目标>0.8
[INFO] [1790739568.639002581] [exploration]: v=+0.00 w=+0.50 | 转向中 front=0.28 目标>0.8
[INFO] [1790739568.738768090] [exploration]: v=+0.00 w=+0.50 | 转向中 front=0.14 目标>0.8
[INFO] [1790739568.837922437] [exploration]: v=+0.00 w=+0.50 | 转向中 front=0.24 目标>0.8
[INFO] [1790739568.938258595] [exploration]: v=+0.00 w=+0.50 | 转向中 front=0.22 目标>0.8
[INFO] [1790739569.038651597] [exploration]: v=+0.00 w=+0.50 | 转向中 front=0.21 目标>0.8
[INFO] [1790739569.138321501] [exploration]: v=+0.00 w=+0.50 | 转向中 front=0.20 目标>0.8
[INFO] [1790739569.238950655] [exploration]: v=+0.00 w=+0.50 | 转向中 front=0.18 目标>0.8
[INFO] [1790739569.339137049] [exploration]: v=+0.00 w=+0.50 | 转向中 front=0.19 目标>0.8
[INFO] [1790739569.439969869] [exploration]: v=+0.00 w=+0.50 | 转向中 front=0.18 目标>0.8
[INFO] [1790739569.638691028] [exploration]: v=+0.00 w=+0.50 | 转向中 front=0.19 目标>0.8
[INFO] [1790739569.739795012] [exploration]: v=+0.00 w=+0.50 | 转向中 front=0.18 目标>0.8
[INFO] [1790739570.140217068] [exploration]: v=+0.00 w=+0.50 | 转向中 front=0.19 目标>0.8
[INFO] [1790739570.240552536] [exploration]: v=+0.00 w=+0.50 | 转向中 front=0.18 目标>0.8
[INFO] [1790739570.340629807] [exploration]: v=+0.00 w=+0.50 | 转向中 front=0.19 目标>0.8
[INFO] [1790739570.441317330] [exploration]: v=+0.00 w=+0.50 | 转向中 front=0.18 目标>0.8
[INFO] [1790739570.541667305] [exploration]: v=+0.00 w=+0.50 | 转向中 front=0.19 目标>0.8
[INFO] [1790739570.641407773] [exploration]: v=+0.00 w=+0.50 | 转向中 front=0.18 目标>0.8
[INFO] [1790739570.940958995] [exploration]: v=+0.00 w=+0.50 | 转向中 front=0.19 目标>0.8
[INFO] [1790739571.141904330] [exploration]: v=+0.00 w=+0.50 | 转向中 front=0.18 目标>0.8
[INFO] [1790739571.241702359] [exploration]: v=+0.00 w=+0.50 | 转向中 front=0.19 目标>0.8
[INFO] [1790739571.742875815] [exploration]: v=+0.00 w=+0.50 | 转向中 front=0.20 目标>0.8
[INFO] [1790739571.842794692] [exploration]: v=+0.00 w=+0.50 | 转向中 front=0.22 目标>0.8
[INFO] [1790739571.942592666] [exploration]: v=+0.00 w=+0.50 | 转向中 front=0.27 目标>0.8
[INFO] [1790739572.043023867] [exploration]: v=+0.00 w=+0.50 | 转向中 front=0.36 目标>0.8
[INFO] [1790739572.143528245] [exploration]: v=+0.00 w=+0.50 | 转向中 front=0.45 目标>0.8
[INFO] [1790739572.243574822] [exploration]: v=+0.00 w=+0.00 | 转向完成，停稳 front=2.23
[INFO] [1790739572.343672173] [exploration]: v=+0.20 w=+0.00 | 直行 d=2.11
[INFO] [1790739572.444657976] [exploration]: v=+0.20 w=+0.00 | 直行 d=2.04
[INFO] [1790739572.545162840] [exploration]: v=+0.20 w=+0.00 | 直行 d=2.03
[INFO] [1790739572.644915104] [exploration]: v=+0.20 w=+0.00 | 直行 d=2.16
[INFO] [1790739572.744941514] [exploration]: v=+0.20 w=+0.00 | 直行 d=2.49
[INFO] [1790739572.845345519] [exploration]: v=+0.00 w=+0.50 | 转向，由于危险 d=0.40
[INFO] [1790739572.946652233] [exploration]: v=+0.00 w=+0.50 | 转向中 front=0.42 目标>0.8
[INFO] [1790739573.045576993] [exploration]: v=+0.00 w=+0.50 | 转向中 front=0.40 目标>0.8
[INFO] [1790739573.246746785] [exploration]: v=+0.00 w=+0.00 | 转向完成，停稳 front=2.62
[INFO] [1790739573.346046314] [exploration]: v=+0.20 w=+0.00 | 直行 d=2.54
[INFO] [1790739573.446665131] [exploration]: v=+0.20 w=+0.00 | 直行 d=2.48
[INFO] [1790739573.647762957] [exploration]: v=+0.00 w=+0.50 | 转向，由于危险 d=0.40
[INFO] [1790739573.747649332] [exploration]: v=+0.00 w=+0.50 | 转向中 front=0.42 目标>0.8
[INFO] [1790739573.846832121] [exploration]: v=+0.00 w=+0.50 | 转向中 front=0.45 目标>0.8
[INFO] [1790739573.947021210] [exploration]: v=+0.00 w=+0.50 | 转向中 front=0.44 目标>0.8
[INFO] [1790739574.047372016] [exploration]: v=+0.00 w=+0.00 | 转向完成，停稳 front=2.52
[INFO] [1790739574.147379358] [exploration]: v=+0.20 w=+0.00 | 直行 d=2.61
[INFO] [1790739574.247383290] [exploration]: v=+0.20 w=+0.00 | 直行 d=2.57
[INFO] [1790739574.447569321] [exploration]: v=+0.00 w=+0.50 | 转向，由于危险 d=0.40
[INFO] [1790739574.548388107] [exploration]: v=+0.00 w=+0.50 | 转向中 front=0.40 目标>0.8
[INFO] [1790739574.648123745] [exploration]: v=+0.00 w=+0.50 | 转向中 front=0.36 目标>0.8
[INFO] [1790739574.748866203] [exploration]: v=+0.00 w=+0.50 | 转向中 front=0.33 目标>0.8
[INFO] [1790739574.848968667] [exploration]: v=+0.00 w=+0.50 | 转向中 front=0.37 目标>0.8
[INFO] [1790739574.948349841] [exploration]: v=+0.00 w=+0.50 | 转向中 front=0.43 目标>0.8
[INFO] [1790739575.047942589] [exploration]: v=+0.00 w=+0.00 | 转向完成，停稳 front=2.85
[INFO] [1790739575.149069720] [exploration]: v=+0.20 w=+0.00 | 直行 d=2.90
[INFO] [1790739575.249249713] [exploration]: v=+0.20 w=+0.00 | 直行 d=2.85
[INFO] [1790739575.349029682] [exploration]: v=+0.20 w=+0.00 | 直行 d=2.98
[INFO] [1790739575.448709690] [exploration]: v=+0.20 w=+0.00 | 直行 d=2.92
[INFO] [1790739575.550554254] [exploration]: v=+0.20 w=+0.00 | 直行 d=2.96
[INFO] [1790739575.649887954] [exploration]: v=+0.00 w=+0.50 | 转向，由于危险 d=0.40
[INFO] [1790739575.750450802] [exploration]: v=+0.00 w=+0.50 | 转向中 front=0.37 目标>0.8
[INFO] [1790739575.851399898] [exploration]: v=+0.00 w=+0.50 | 转向中 front=0.35 目标>0.8
[INFO] [1790739575.950726282] [exploration]: v=+0.00 w=+0.50 | 转向中 front=0.32 目标>0.8
[INFO] [1790739576.051471647] [exploration]: v=+0.00 w=+0.50 | 转向中 front=0.34 目标>0.8
[INFO] [1790739576.150779003] [exploration]: v=+0.00 w=+0.50 | 转向中 front=0.37 目标>0.8
[INFO] [1790739576.250361900] [exploration]: v=+0.00 w=+0.50 | 转向中 front=0.41 目标>0.8
[INFO] [1790739576.351749419] [exploration]: v=+0.00 w=+0.50 | 转向中 front=0.45 目标>0.8
[INFO] [1790739576.452567659] [exploration]: v=+0.00 w=+0.00 | 转向完成，停稳 front=3.28
[INFO] [1790739576.552251700] [exploration]: v=+0.20 w=+0.00 | 直行 d=3.28
[INFO] [1790739576.652934573] [exploration]: v=+0.20 w=+0.00 | 直行 d=3.27
[INFO] [1790739576.851918428] [exploration]: v=+0.20 w=+0.00 | 直行 d=3.28
[INFO] [1790739576.953582578] [exploration]: v=+0.00 w=+0.50 | 转向，由于危险 d=0.38
[INFO] [1790739577.053610456] [exploration]: v=+0.00 w=+0.50 | 转向中 front=0.30 目标>0.8
[INFO] [1790739577.153065917] [exploration]: v=+0.00 w=+0.50 | 转向中 front=0.29 目标>0.8
[INFO] [1790739577.252739904] [exploration]: v=+0.00 w=+0.50 | 转向中 front=0.28 目标>0.8
[INFO] [1790739577.373890649] [exploration]: v=+0.00 w=+0.50 | 转向中 front=0.30 目标>0.8
[INFO] [1790739577.555261437] [exploration]: v=+0.00 w=+0.50 | 转向中 front=0.32 目标>0.8
[INFO] [1790739577.654592308] [exploration]: v=+0.00 w=+0.50 | 转向中 front=0.34 目标>0.8
[INFO] [1790739577.754401587] [exploration]: v=+0.00 w=+0.50 | 转向中 front=0.37 目标>0.8
[INFO] [1790739577.856115032] [exploration]: v=+0.00 w=+0.50 | 转向中 front=0.41 目标>0.8
[INFO] [1790739577.953326909] [exploration]: v=+0.00 w=+0.50 | 转向中 front=0.43 目标>0.8
[INFO] [1790739578.053927165] [exploration]: v=+0.00 w=+0.00 | 转向完成，停稳 front=3.27
[INFO] [1790739578.154899183] [exploration]: v=+0.20 w=+0.00 | 直行 d=3.28
[INFO] [1790739578.256455171] [exploration]: v=+0.20 w=+0.00 | 直行 d=3.27
[INFO] [1790739578.455123813] [exploration]: v=+0.20 w=+0.00 | 直行 d=3.28
[INFO] [1790739578.555853404] [exploration]: v=+0.00 w=+0.50 | 转向，由于危险 d=0.40
[INFO] [1790739578.655666243] [exploration]: v=+0.00 w=+0.50 | 转向中 front=0.36 目标>0.8
[INFO] [1790739578.755898631] [exploration]: v=+0.00 w=+0.50 | 转向中 front=0.34 目标>0.8
[INFO] [1790739578.955936519] [exploration]: v=+0.00 w=+0.50 | 转向中 front=0.35 目标>0.8
[INFO] [1790739579.056880374] [exploration]: v=+0.00 w=+0.50 | 转向中 front=0.38 目标>0.8
[INFO] [1790739579.156662344] [exploration]: v=+0.00 w=+0.50 | 转向中 front=0.41 目标>0.8
[INFO] [1790739579.258331015] [exploration]: v=+0.00 w=+0.50 | 转向中 front=0.43 目标>0.8
[INFO] [1790739579.357622519] [exploration]: v=+0.00 w=+0.00 | 转向完成，停稳 front=1.45
[INFO] [1790739579.456985191] [exploration]: v=+0.20 w=+0.00 | 直行 d=3.26
[INFO] [1790739579.559117134] [exploration]: v=+0.20 w=+0.00 | 直行 d=3.27
[INFO] [1790739579.758383010] [exploration]: v=+0.20 w=+0.00 | 直行 d=1.49
[INFO] [1790739579.857864769] [exploration]: v=+0.00 w=+0.50 | 转向，由于危险 d=0.39
[INFO] [1790739579.958474073] [exploration]: v=+0.00 w=+0.50 | 转向中 front=0.35 目标>0.8
[INFO] [1790739580.059154350] [exploration]: v=+0.00 w=+0.50 | 转向中 front=0.34 目标>0.8
[INFO] [1790739580.159416359] [exploration]: v=+0.00 w=+0.50 | 转向中 front=0.33 目标>0.8
[INFO] [1790739580.260333305] [exploration]: v=+0.00 w=+0.50 | 转向中 front=0.34 目标>0.8
[INFO] [1790739580.360498740] [exploration]: v=+0.00 w=+0.50 | 转向中 front=0.35 目标>0.8
[INFO] [1790739580.459588785] [exploration]: v=+0.00 w=+0.50 | 转向中 front=0.36 目标>0.8
[INFO] [1790739580.560072373] [exploration]: v=+0.00 w=+0.50 | 转向中 front=0.38 目标>0.8
[INFO] [1790739580.660679992] [exploration]: v=+0.00 w=+0.50 | 转向中 front=0.41 目标>0.8
[INFO] [1790739580.760817760] [exploration]: v=+0.00 w=+0.50 | 转向中 front=0.43 目标>0.8
[INFO] [1790739580.860666396] [exploration]: v=+0.00 w=+0.00 | 转向完成，停稳 front=1.42
[INFO] [1790739580.960680776] [exploration]: v=+0.20 w=+0.00 | 直行 d=1.52
[INFO] [1790739581.060225496] [exploration]: v=+0.20 w=+0.00 | 直行 d=3.25
[INFO] [1790739581.160922002] [exploration]: v=+0.20 w=+0.00 | 直行 d=1.52
[INFO] [1790739581.261723912] [exploration]: v=+0.20 w=+0.00 | 直行 d=1.44
[INFO] [1790739581.361320399] [exploration]: v=+0.00 w=+0.50 | 转向，由于危险 d=0.40
[INFO] [1790739581.462808806] [exploration]: v=+0.00 w=+0.50 | 转向中 front=0.37 目标>0.8
[INFO] [1790739581.562920551] [exploration]: v=+0.00 w=+0.50 | 转向中 front=0.35 目标>0.8
[INFO] [1790739581.661628918] [exploration]: v=+0.00 w=+0.50 | 转向中 front=0.34 目标>0.8
[INFO] [1790739581.861344510] [exploration]: v=+0.00 w=+0.50 | 转向中 front=0.37 目标>0.8
[INFO] [1790739581.961991963] [exploration]: v=+0.00 w=+0.50 | 转向中 front=0.38 目标>0.8
[INFO] [1790739582.063664106] [exploration]: v=+0.00 w=+0.50 | 转向中 front=0.41 目标>0.8
[INFO] [1790739582.163678778] [exploration]: v=+0.00 w=+0.50 | 转向中 front=0.43 目标>0.8
[INFO] [1790739582.263719093] [exploration]: v=+0.00 w=+0.00 | 转向完成，停稳 front=1.40
[INFO] [1790739582.363644892] [exploration]: v=+0.20 w=+0.00 | 直行 d=1.42
[INFO] [1790739582.563168312] [exploration]: v=+0.20 w=+0.00 | 直行 d=1.41
[INFO] [1790739582.663071222] [exploration]: v=+0.00 w=+0.50 | 转向，由于危险 d=0.40
[INFO] [1790739582.763953618] [exploration]: v=+0.00 w=+0.50 | 转向中 front=0.37 目标>0.8
[INFO] [1790739582.862896885] [exploration]: v=+0.00 w=+0.50 | 转向中 front=0.35 目标>0.8
[INFO] [1790739583.163319545] [exploration]: v=+0.00 w=+0.50 | 转向中 front=0.37 目标>0.8
[INFO] [1790739583.263091222] [exploration]: v=+0.00 w=+0.50 | 转向中 front=0.39 目标>0.8
[INFO] [1790739583.363405141] [exploration]: v=+0.00 w=+0.50 | 转向中 front=0.40 目标>0.8
[INFO] [1790739583.464443210] [exploration]: v=+0.00 w=+0.50 | 转向中 front=0.43 目标>0.8
[INFO] [1790739583.564420492] [exploration]: v=+0.00 w=+0.00 | 转向完成，停稳 front=1.40
[INFO] [1790739583.665431711] [exploration]: v=+0.20 w=+0.00 | 直行 d=1.42
[INFO] [1790739583.865567303] [exploration]: v=+0.20 w=+0.00 | 直行 d=1.41
[INFO] [1790739583.964924383] [exploration]: v=+0.00 w=+0.50 | 转向，由于危险 d=0.40
[INFO] [1790739584.065267114] [exploration]: v=+0.00 w=+0.50 | 转向中 front=0.37 目标>0.8
[INFO] [1790739584.165381668] [exploration]: v=+0.00 w=+0.50 | 转向中 front=0.36 目标>0.8
[INFO] [1790739584.265789540] [exploration]: v=+0.00 w=+0.50 | 转向中 front=0.35 目标>0.8
[INFO] [1790739584.467043269] [exploration]: v=+0.00 w=+0.50 | 转向中 front=0.38 目标>0.8
[INFO] [1790739584.667588856] [exploration]: v=+0.00 w=+0.50 | 转向中 front=0.39 目标>0.8
[INFO] [1790739584.767568667] [exploration]: v=+0.00 w=+0.50 | 转向中 front=0.41 目标>0.8
[INFO] [1790739584.868600302] [exploration]: v=+0.00 w=+0.00 | 转向完成，停稳 front=1.39
[INFO] [1790739584.968563423] [exploration]: v=+0.20 w=+0.00 | 直行 d=1.41
[INFO] [1790739585.068000267] [exploration]: v=+0.20 w=+0.00 | 直行 d=1.42
[INFO] [1790739585.168972104] [exploration]: v=+0.20 w=+0.00 | 直行 d=1.40
[INFO] [1790739585.268210332] [exploration]: v=+0.20 w=+0.00 | 直行 d=1.41
[INFO] [1790739585.368299770] [exploration]: v=+0.00 w=+0.50 | 转向，由于危险 d=0.40
[INFO] [1790739585.478846836] [exploration]: v=+0.00 w=+0.50 | 转向中 front=0.38 目标>0.8
[INFO] [1790739585.573208454] [exploration]: v=+0.00 w=+0.50 | 转向中 front=0.36 目标>0.8
[INFO] [1790739585.669672555] [exploration]: v=+0.00 w=+0.50 | 转向中 front=0.35 目标>0.8
[INFO] [1790739585.769641169] [exploration]: v=+0.00 w=+0.50 | 转向中 front=0.14 目标>0.8
[INFO] [1790739585.869414803] [exploration]: v=+0.00 w=+0.50 | 转向中 front=0.15 目标>0.8
[INFO] [1790739585.969984581] [exploration]: v=+0.00 w=+0.00 | 转向完成，停稳 front=1.37
[INFO] [1790739586.069496312] [exploration]: v=+0.20 w=+0.00 | 直行 d=1.44
[INFO] [1790739586.170592782] [exploration]: v=+0.20 w=+0.00 | 直行 d=1.49
[INFO] [1790739586.269441680] [exploration]: v=+0.20 w=+0.00 | 直行 d=1.48
[INFO] [1790739586.369647273] [exploration]: v=+0.20 w=+0.00 | 直行 d=3.18
[INFO] [1790739586.468139317] [exploration]: v=+0.20 w=+0.00 | 直行 d=3.16
[INFO] [1790739586.569274769] [exploration]: v=+0.20 w=+0.00 | 直行 d=3.14
[INFO] [1790739586.670014976] [exploration]: v=+0.20 w=+0.00 | 直行 d=3.12
[INFO] [1790739586.870551611] [exploration]: v=+0.20 w=+0.00 | 直行 d=3.08
[INFO] [1790739586.970392594] [exploration]: v=+0.20 w=+0.00 | 直行 d=3.06
[INFO] [1790739587.070395716] [exploration]: v=+0.20 w=+0.00 | 直行 d=1.33
[INFO] [1790739587.170812379] [exploration]: v=+0.20 w=+0.00 | 直行 d=1.23
[INFO] [1790739587.371747136] [exploration]: v=+0.20 w=+0.00 | 直行 d=1.22
[INFO] [1790739587.470943756] [exploration]: v=+0.20 w=+0.00 | 直行 d=1.21
[INFO] [1790739587.670117437] [exploration]: v=+0.20 w=+0.00 | 直行 d=1.20
[INFO] [1790739587.771222003] [exploration]: v=+0.20 w=+0.00 | 直行 d=1.19
[INFO] [1790739587.971753801] [exploration]: v=+0.20 w=+0.00 | 直行 d=1.17
[INFO] [1790739588.173736732] [exploration]: v=+0.20 w=+0.00 | 直行 d=1.20
[INFO] [1790739588.272726340] [exploration]: v=+0.20 w=+0.00 | 直行 d=1.24
[INFO] [1790739588.373970710] [exploration]: v=+0.20 w=+0.00 | 直行 d=1.23
[INFO] [1790739588.472348247] [exploration]: v=+0.20 w=+0.00 | 直行 d=1.26
[INFO] [1790739588.573304806] [exploration]: v=+0.20 w=+0.00 | 直行 d=1.30
[INFO] [1790739588.673110177] [exploration]: v=+0.20 w=+0.00 | 直行 d=1.34
[INFO] [1790739588.773916210] [exploration]: v=+0.20 w=+0.00 | 直行 d=1.40
[INFO] [1790739588.873675154] [exploration]: v=+0.20 w=+0.00 | 直行 d=1.38
[INFO] [1790739589.074826045] [exploration]: v=+0.20 w=+0.00 | 直行 d=1.37
[INFO] [1790739589.174235817] [exploration]: v=+0.20 w=+0.00 | 直行 d=1.36
[INFO] [1790739589.275021844] [exploration]: v=+0.20 w=+0.00 | 直行 d=1.34
[INFO] [1790739589.374588556] [exploration]: v=+0.20 w=+0.00 | 直行 d=1.33
[INFO] [1790739589.474405220] [exploration]: v=+0.20 w=+0.00 | 直行 d=1.31
[INFO] [1790739589.674144691] [exploration]: v=+0.20 w=+0.00 | 直行 d=1.30
[INFO] [1790739589.875673165] [exploration]: v=+0.00 w=+0.50 | 转向，由于危险 d=0.40
[INFO] [1790739589.975073666] [exploration]: v=+0.00 w=+0.00 | 转向完成，停稳 front=1.28
[INFO] [1790739590.075293018] [exploration]: v=+0.00 w=+0.50 | 转向，由于危险 d=0.35
[INFO] [1790739590.175989810] [exploration]: v=+0.00 w=+0.50 | 转向中 front=0.34 目标>0.8
[INFO] [1790739590.275251745] [exploration]: v=+0.00 w=+0.50 | 转向中 front=0.40 目标>0.8
[INFO] [1790739590.376806765] [exploration]: v=+0.00 w=+0.00 | 转向完成，停稳 front=1.29
[INFO] [1790739590.476389011] [exploration]: v=+0.20 w=+0.00 | 直行 d=1.30
[INFO] [1790739590.676672429] [exploration]: v=+0.20 w=+0.00 | 直行 d=1.29
[INFO] [1790739590.776867373] [exploration]: v=+0.00 w=+0.50 | 转向，由于危险 d=0.40
[INFO] [1790739590.877451214] [exploration]: v=+0.00 w=+0.50 | 转向中 front=0.32 目标>0.8
[INFO] [1790739590.977714096] [exploration]: v=+0.00 w=+0.50 | 转向中 front=0.22 目标>0.8
[INFO] [1790739591.077373977] [exploration]: v=+0.00 w=+0.50 | 转向中 front=0.21 目标>0.8
[INFO] [1790739591.178725759] [exploration]: v=+0.00 w=+0.50 | 转向中 front=0.26 目标>0.8
[INFO] [1790739591.277762139] [exploration]: v=+0.00 w=+0.50 | 转向中 front=0.30 目标>0.8
[INFO] [1790739591.376982812] [exploration]: v=+0.00 w=+0.50 | 转向中 front=0.35 目标>0.8
[INFO] [1790739591.477181447] [exploration]: v=+0.00 w=+0.50 | 转向中 front=0.45 目标>0.8
[INFO] [1790739591.576962965] [exploration]: v=+0.00 w=+0.00 | 转向完成，停稳 front=1.29
[INFO] [1790739591.677296314] [exploration]: v=+0.20 w=+0.00 | 直行 d=1.29
[INFO] [1790739591.977058540] [exploration]: v=+0.00 w=+0.50 | 转向，由于危险 d=0.40
[INFO] [1790739592.077338343] [exploration]: v=+0.00 w=+0.50 | 转向中 front=0.29 目标>0.8
[INFO] [1790739592.178746763] [exploration]: v=+0.00 w=+0.50 | 转向中 front=0.25 目标>0.8
[INFO] [1790739592.377946502] [exploration]: v=+0.00 w=+0.50 | 转向中 front=0.28 目标>0.8
[INFO] [1790739592.479117090] [exploration]: v=+0.00 w=+0.50 | 转向中 front=0.34 目标>0.8
[INFO] [1790739592.579375342] [exploration]: v=+0.00 w=+0.50 | 转向中 front=0.39 目标>0.8
[INFO] [1790739592.678493558] [exploration]: v=+0.00 w=+0.00 | 转向完成，停稳 front=1.27
[INFO] [1790739592.779716484] [exploration]: v=+0.20 w=+0.00 | 直行 d=1.28
[INFO] [1790739592.878828597] [exploration]: v=+0.20 w=+0.00 | 直行 d=1.29
[INFO] [1790739592.981320604] [exploration]: v=+0.20 w=+0.00 | 直行 d=1.28
[INFO] [1790739593.078870571] [exploration]: v=+0.00 w=+0.50 | 转向，由于危险 d=0.39
[INFO] [1790739593.180096041] [exploration]: v=+0.00 w=+0.50 | 转向中 front=0.29 目标>0.8
[INFO] [1790739593.280385193] [exploration]: v=+0.00 w=+0.50 | 转向中 front=0.27 目标>0.8
[INFO] [1790739593.481748754] [exploration]: v=+0.00 w=+0.50 | 转向中 front=0.32 目标>0.8
[INFO] [1790739593.582780330] [exploration]: v=+0.00 w=+0.50 | 转向中 front=0.36 目标>0.8
[INFO] [1790739593.682478171] [exploration]: v=+0.00 w=+0.50 | 转向中 front=0.45 目标>0.8
[INFO] [1790739593.782797895] [exploration]: v=+0.00 w=+0.00 | 转向完成，停稳 front=1.28
[INFO] [1790739593.881734799] [exploration]: v=+0.20 w=+0.00 | 直行 d=1.29
[INFO] [1790739594.181475694] [exploration]: v=+0.00 w=+0.50 | 转向，由于危险 d=0.40
[INFO] [1790739594.281783236] [exploration]: v=+0.00 w=+0.50 | 转向中 front=0.31 目标>0.8
[INFO] [1790739594.382871959] [exploration]: v=+0.00 w=+0.50 | 转向中 front=0.28 目标>0.8
[INFO] [1790739594.482857221] [exploration]: v=+0.00 w=+0.50 | 转向中 front=0.29 目标>0.8
[INFO] [1790739594.582210709] [exploration]: v=+0.00 w=+0.50 | 转向中 front=0.31 目标>0.8
[INFO] [1790739594.682973917] [exploration]: v=+0.00 w=+0.50 | 转向中 front=0.36 目标>0.8
[INFO] [1790739594.782758204] [exploration]: v=+0.00 w=+0.50 | 转向中 front=0.43 目标>0.8
[INFO] [1790739594.882712440] [exploration]: v=+0.00 w=+0.00 | 转向完成，停稳 front=1.28
[INFO] [1790739594.982588003] [exploration]: v=+0.20 w=+0.00 | 直行 d=1.29
[INFO] [1790739595.282591557] [exploration]: v=+0.00 w=+0.50 | 转向，由于危险 d=0.40
[INFO] [1790739595.382609917] [exploration]: v=+0.00 w=+0.50 | 转向中 front=0.32 目标>0.8
[INFO] [1790739595.584069594] [exploration]: v=+0.00 w=+0.50 | 转向中 front=0.29 目标>0.8
[INFO] [1790739595.682621496] [exploration]: v=+0.00 w=+0.50 | 转向中 front=0.36 目标>0.8
[INFO] [1790739595.783252609] [exploration]: v=+0.00 w=+0.50 | 转向中 front=0.41 目标>0.8
[INFO] [1790739595.883426847] [exploration]: v=+0.00 w=+0.00 | 转向完成，停稳 front=1.27
[INFO] [1790739595.983867487] [exploration]: v=+0.20 w=+0.00 | 直行 d=1.28
[INFO] [1790739596.083965464] [exploration]: v=+0.20 w=+0.00 | 直行 d=1.29
[INFO] [1790739596.183928396] [exploration]: v=+0.20 w=+0.00 | 直行 d=1.28
[INFO] [1790739596.283898743] [exploration]: v=+0.00 w=+0.50 | 转向，由于危险 d=0.37
[INFO] [1790739596.383915756] [exploration]: v=+0.00 w=+0.50 | 转向中 front=0.35 目标>0.8
[INFO] [1790739596.484000368] [exploration]: v=+0.00 w=+0.50 | 转向中 front=0.36 目标>0.8
[INFO] [1790739596.685022699] [exploration]: v=+0.00 w=+0.50 | 转向中 front=0.40 目标>0.8
[INFO] [1790739596.786573091] [exploration]: v=+0.00 w=+0.50 | 转向中 front=0.43 目标>0.8
[INFO] [1790739596.885454178] [exploration]: v=+0.00 w=+0.00 | 转向完成，停稳 front=1.28
[INFO] [1790739596.985524477] [exploration]: v=+0.20 w=+0.00 | 直行 d=1.29
[INFO] [1790739597.084257563] [exploration]: v=+0.20 w=+0.00 | 直行 d=1.28
[INFO] [1790739597.286647011] [exploration]: v=+0.00 w=+0.50 | 转向，由于危险 d=0.40
[INFO] [1790739597.386498308] [exploration]: v=+0.00 w=+0.50 | 转向中 front=0.34 目标>0.8
[INFO] [1790739597.586552787] [exploration]: v=+0.00 w=+0.50 | 转向中 front=0.33 目标>0.8
[INFO] [1790739597.687095358] [exploration]: v=+0.00 w=+0.50 | 转向中 front=0.38 目标>0.8
[INFO] [1790739597.787256279] [exploration]: v=+0.00 w=+0.00 | 转向完成，停稳 front=1.27
[INFO] [1790739597.886158771] [exploration]: v=+0.20 w=+0.00 | 直行 d=1.29
[INFO] [1790739597.986577859] [exploration]: v=+0.20 w=+0.00 | 直行 d=1.27
[INFO] [1790739598.086692262] [exploration]: v=+0.20 w=+0.00 | 直行 d=1.28
[INFO] [1790739598.186496949] [exploration]: v=+0.00 w=+0.50 | 转向，由于危险 d=0.37
[INFO] [1790739598.287515483] [exploration]: v=+0.00 w=+0.50 | 转向中 front=0.38 目标>0.8
[INFO] [1790739598.387846197] [exploration]: v=+0.00 w=+0.50 | 转向中 front=0.35 目标>0.8
[INFO] [1790739598.488357858] [exploration]: v=+0.00 w=+0.50 | 转向中 front=0.36 目标>0.8
[INFO] [1790739598.587089975] [exploration]: v=+0.00 w=+0.50 | 转向中 front=0.42 目标>0.8
[INFO] [1790739598.687621240] [exploration]: v=+0.00 w=+0.00 | 转向完成，停稳 front=1.28
[INFO] [1790739598.787356758] [exploration]: v=+0.20 w=+0.00 | 直行 d=1.28
[INFO] [1790739599.088739962] [exploration]: v=+0.00 w=+0.50 | 转向，由于危险 d=0.38
[INFO] [1790739599.188787909] [exploration]: v=+0.00 w=+0.50 | 转向中 front=0.37 目标>0.8
[INFO] [1790739599.288489246] [exploration]: v=+0.00 w=+0.50 | 转向中 front=0.38 目标>0.8
[INFO] [1790739599.389993588] [exploration]: v=+0.00 w=+0.50 | 转向中 front=0.39 目标>0.8
[INFO] [1790739599.490819978] [exploration]: v=+0.00 w=+0.50 | 转向中 front=0.44 目标>0.8
[INFO] [1790739599.591831575] [exploration]: v=+0.00 w=+0.00 | 转向完成，停稳 front=1.28
[INFO] [1790739599.691115170] [exploration]: v=+0.20 w=+0.00 | 直行 d=1.28
[INFO] [1790739599.790391860] [exploration]: v=+0.20 w=+0.00 | 直行 d=1.29
[INFO] [1790739599.891020546] [exploration]: v=+0.20 w=+0.00 | 直行 d=1.28
[INFO] [1790739599.990716414] [exploration]: v=+0.00 w=+0.50 | 转向，由于危险 d=0.40
[INFO] [1790739600.090745247] [exploration]: v=+0.00 w=+0.50 | 转向中 front=0.39 目标>0.8
[INFO] [1790739600.191470457] [exploration]: v=+0.00 w=+0.50 | 转向中 front=0.40 目标>0.8
[INFO] [1790739600.391832860] [exploration]: v=+0.00 w=+0.50 | 转向中 front=0.43 目标>0.8
[INFO] [1790739600.491893875] [exploration]: v=+0.00 w=+0.00 | 转向完成，停稳 front=1.28
[INFO] [1790739600.592572102] [exploration]: v=+0.20 w=+0.00 | 直行 d=1.29
[INFO] [1790739600.690789228] [exploration]: v=+0.20 w=+0.00 | 直行 d=1.28
[INFO] [1790739600.892754544] [exploration]: v=+0.00 w=+0.50 | 转向，由于危险 d=0.40
[INFO] [1790739600.992698359] [exploration]: v=+0.00 w=+0.50 | 转向中 front=0.41 目标>0.8
[INFO] [1790739601.292491982] [exploration]: v=+0.00 w=+0.50 | 转向中 front=0.44 目标>0.8
[INFO] [1790739601.392785061] [exploration]: v=+0.00 w=+0.00 | 转向完成，停稳 front=1.28
[INFO] [1790739601.491901233] [exploration]: v=+0.20 w=+0.00 | 直行 d=1.28
[INFO] [1790739601.792709149] [exploration]: v=+0.00 w=+0.50 | 转向，由于危险 d=0.40
[INFO] [1790739601.892535112] [exploration]: v=+0.00 w=+0.50 | 转向中 front=0.40 目标>0.8
[INFO] [1790739601.992268882] [exploration]: v=+0.00 w=+0.50 | 转向中 front=0.34 目标>0.8
[INFO] [1790739602.092620793] [exploration]: v=+0.00 w=+0.50 | 转向中 front=0.33 目标>0.8
[INFO] [1790739602.193968014] [exploration]: v=+0.00 w=+0.50 | 转向中 front=0.37 目标>0.8
[INFO] [1790739602.292989648] [exploration]: v=+0.00 w=+0.50 | 转向中 front=0.42 目标>0.8
[INFO] [1790739602.393961892] [exploration]: v=+0.00 w=+0.00 | 转向完成，停稳 front=1.27
[INFO] [1790739602.493364011] [exploration]: v=+0.20 w=+0.00 | 直行 d=1.28
[INFO] [1790739602.593861617] [exploration]: v=+0.20 w=+0.00 | 直行 d=1.27
[INFO] [1790739602.694015041] [exploration]: v=+0.20 w=+0.00 | 直行 d=1.28
[INFO] [1790739602.794846468] [exploration]: v=+0.20 w=+0.00 | 直行 d=1.27
[INFO] [1790739602.894864581] [exploration]: v=+0.20 w=+0.00 | 直行 d=1.26
[INFO] [1790739602.994043118] [exploration]: v=+0.00 w=+0.50 | 转向，由于危险 d=0.40
[INFO] [1790739603.095547121] [exploration]: v=+0.00 w=+0.50 | 转向中 front=0.40 目标>0.8
[INFO] [1790739603.193709775] [exploration]: v=+0.00 w=+0.50 | 转向中 front=0.35 目标>0.8
[INFO] [1790739603.295164006] [exploration]: v=+0.00 w=+0.50 | 转向中 front=0.34 目标>0.8
[INFO] [1790739603.396217787] [exploration]: v=+0.00 w=+0.50 | 转向中 front=0.35 目标>0.8
[INFO] [1790739603.495497345] [exploration]: v=+0.00 w=+0.50 | 转向中 front=0.38 目标>0.8
[INFO] [1790739603.596083665] [exploration]: v=+0.00 w=+0.50 | 转向中 front=0.41 目标>0.8
[INFO] [1790739603.696385577] [exploration]: v=+0.00 w=+0.00 | 转向完成，停稳 front=1.27
[INFO] [1790739603.795942401] [exploration]: v=+0.20 w=+0.00 | 直行 d=1.27
[INFO] [1790739604.096036594] [exploration]: v=+0.20 w=+0.00 | 直行 d=1.26
[INFO] [1790739604.196618011] [exploration]: v=+0.00 w=+0.50 | 转向，由于危险 d=0.40
[INFO] [1790739604.296150226] [exploration]: v=+0.00 w=+0.50 | 转向中 front=0.32 目标>0.8
[INFO] [1790739604.396768289] [exploration]: v=+0.00 w=+0.50 | 转向中 front=0.30 目标>0.8
[INFO] [1790739604.496677144] [exploration]: v=+0.00 w=+0.50 | 转向中 front=0.27 目标>0.8
[INFO] [1790739604.597018277] [exploration]: v=+0.00 w=+0.50 | 转向中 front=0.29 目标>0.8
[INFO] [1790739604.697016854] [exploration]: v=+0.00 w=+0.50 | 转向中 front=0.31 目标>0.8
[INFO] [1790739604.797694259] [exploration]: v=+0.00 w=+0.50 | 转向中 front=0.35 目标>0.8
[INFO] [1790739604.896736746] [exploration]: v=+0.00 w=+0.50 | 转向中 front=0.36 目标>0.8
[INFO] [1790739604.997142129] [exploration]: v=+0.00 w=+0.50 | 转向中 front=0.39 目标>0.8
[INFO] [1790739605.096990453] [exploration]: v=+0.00 w=+0.50 | 转向中 front=0.41 目标>0.8
[INFO] [1790739605.197089134] [exploration]: v=+0.00 w=+0.00 | 转向完成，停稳 front=1.27
[INFO] [1790739605.297293114] [exploration]: v=+0.20 w=+0.00 | 直行 d=1.27
[INFO] [1790739605.598838512] [exploration]: v=+0.20 w=+0.00 | 直行 d=1.26
[INFO] [1790739605.698845793] [exploration]: v=+0.00 w=+0.50 | 转向，由于危险 d=0.40
[INFO] [1790739605.800607716] [exploration]: v=+0.00 w=+0.50 | 转向中 front=0.36 目标>0.8
[INFO] [1790739605.901042827] [exploration]: v=+0.00 w=+0.50 | 转向中 front=0.33 目标>0.8
[INFO] [1790739606.198994268] [exploration]: v=+0.00 w=+0.50 | 转向中 front=0.36 目标>0.8
[INFO] [1790739606.399987561] [exploration]: v=+0.00 w=+0.50 | 转向中 front=0.39 目标>0.8
[INFO] [1790739606.499415531] [exploration]: v=+0.00 w=+0.50 | 转向中 front=0.44 目标>0.8
[INFO] [1790739606.599020741] [exploration]: v=+0.00 w=+0.00 | 转向完成，停稳 front=1.25
[INFO] [1790739606.700052661] [exploration]: v=+0.20 w=+0.00 | 直行 d=1.26
[INFO] [1790739606.999877417] [exploration]: v=+0.00 w=+0.50 | 转向，由于危险 d=0.40
[INFO] [1790739607.100471184] [exploration]: v=+0.00 w=+0.50 | 转向中 front=0.37 目标>0.8
[INFO] [1790739607.200933604] [exploration]: v=+0.00 w=+0.50 | 转向中 front=0.34 目标>0.8
[INFO] [1790739607.400453396] [exploration]: v=+0.00 w=+0.50 | 转向中 front=0.35 目标>0.8
[INFO] [1790739607.500069456] [exploration]: v=+0.00 w=+0.50 | 转向中 front=0.37 目标>0.8
[INFO] [1790739607.600150050] [exploration]: v=+0.00 w=+0.50 | 转向中 front=0.38 目标>0.8
[INFO] [1790739607.701359665] [exploration]: v=+0.00 w=+0.50 | 转向中 front=0.43 目标>0.8
[INFO] [1790739607.800220556] [exploration]: v=+0.00 w=+0.00 | 转向完成，停稳 front=1.26
[INFO] [1790739607.901999059] [exploration]: v=+0.20 w=+0.00 | 直行 d=1.26
[INFO] [1790739608.102592799] [exploration]: v=+0.20 w=+0.00 | 直行 d=1.25
[INFO] [1790739608.202498514] [exploration]: v=+0.00 w=+0.50 | 转向，由于危险 d=0.40
[INFO] [1790739608.302736002] [exploration]: v=+0.00 w=+0.50 | 转向中 front=0.37 目标>0.8
[INFO] [1790739608.403148550] [exploration]: v=+0.00 w=+0.50 | 转向中 front=0.36 目标>0.8
[INFO] [1790739608.502018840] [exploration]: v=+0.00 w=+0.50 | 转向中 front=0.35 目标>0.8
[INFO] [1790739608.602861125] [exploration]: v=+0.00 w=+0.50 | 转向中 front=0.34 目标>0.8
[INFO] [1790739608.702911333] [exploration]: v=+0.00 w=+0.50 | 转向中 front=0.36 目标>0.8
[INFO] [1790739608.804314460] [exploration]: v=+0.00 w=+0.50 | 转向中 front=0.39 目标>0.8
[INFO] [1790739608.904775171] [exploration]: v=+0.00 w=+0.50 | 转向中 front=0.41 目标>0.8
[INFO] [1790739609.005157813] [exploration]: v=+0.00 w=+0.00 | 转向完成，停稳 front=1.25
[INFO] [1790739609.103781281] [exploration]: v=+0.20 w=+0.00 | 直行 d=1.25
[INFO] [1790739609.303223163] [exploration]: v=+0.20 w=+0.00 | 直行 d=1.26
[INFO] [1790739609.403503047] [exploration]: v=+0.00 w=+0.50 | 转向，由于危险 d=0.40
[INFO] [1790739609.504231524] [exploration]: v=+0.00 w=+0.50 | 转向中 front=0.37 目标>0.8
[INFO] [1790739609.603189402] [exploration]: v=+0.00 w=+0.50 | 转向中 front=0.34 目标>0.8
[INFO] [1790739609.704438217] [exploration]: v=+0.00 w=+0.50 | 转向中 front=0.32 目标>0.8
[INFO] [1790739609.805172506] [exploration]: v=+0.00 w=+0.50 | 转向中 front=0.33 目标>0.8
[INFO] [1790739609.905305757] [exploration]: v=+0.00 w=+0.50 | 转向中 front=0.35 目标>0.8
[INFO] [1790739610.004571872] [exploration]: v=+0.00 w=+0.50 | 转向中 front=0.38 目标>0.8
[INFO] [1790739610.105462145] [exploration]: v=+0.00 w=+0.50 | 转向中 front=0.41 目标>0.8
[INFO] [1790739610.205430888] [exploration]: v=+0.00 w=+0.50 | 转向中 front=0.42 目标>0.8
[INFO] [1790739610.305027652] [exploration]: v=+0.00 w=+0.50 | 转向中 front=0.45 目标>0.8
[INFO] [1790739610.404926933] [exploration]: v=+0.00 w=+0.00 | 转向完成，停稳 front=1.25
[INFO] [1790739610.506201960] [exploration]: v=+0.20 w=+0.00 | 直行 d=1.25
[INFO] [1790739610.606074728] [exploration]: v=+0.20 w=+0.00 | 直行 d=1.26
[INFO] [1790739610.807176657] [exploration]: v=+0.00 w=+0.50 | 转向，由于危险 d=0.40
[INFO] [1790739610.906492874] [exploration]: v=+0.00 w=+0.50 | 转向中 front=0.37 目标>0.8
[INFO] [1790739611.006749193] [exploration]: v=+0.00 w=+0.50 | 转向中 front=0.35 目标>0.8
[INFO] [1790739611.106745698] [exploration]: v=+0.00 w=+0.50 | 转向中 front=0.36 目标>0.8
[INFO] [1790739611.206369732] [exploration]: v=+0.00 w=+0.50 | 转向中 front=0.37 目标>0.8
[INFO] [1790739611.306636989] [exploration]: v=+0.00 w=+0.50 | 转向中 front=0.36 目标>0.8
[INFO] [1790739611.406159164] [exploration]: v=+0.00 w=+0.50 | 转向中 front=0.39 目标>0.8
[INFO] [1790739611.507141341] [exploration]: v=+0.00 w=+0.50 | 转向中 front=0.41 目标>0.8
[INFO] [1790739611.607594851] [exploration]: v=+0.00 w=+0.00 | 转向完成，停稳 front=1.24
[INFO] [1790739611.708728690] [exploration]: v=+0.20 w=+0.00 | 直行 d=1.25
[INFO] [1790739611.807424542] [exploration]: v=+0.20 w=+0.00 | 直行 d=1.24
[INFO] [1790739611.909675887] [exploration]: v=+0.20 w=+0.00 | 直行 d=1.25
[INFO] [1790739612.008697864] [exploration]: v=+0.00 w=+0.50 | 转向，由于危险 d=0.40
[INFO] [1790739612.108283502] [exploration]: v=+0.00 w=+0.50 | 转向中 front=0.38 目标>0.8
[INFO] [1790739612.210873199] [exploration]: v=+0.00 w=+0.50 | 转向中 front=0.34 目标>0.8
[INFO] [1790739612.310036031] [exploration]: v=+0.00 w=+0.50 | 转向中 front=0.36 目标>0.8
[INFO] [1790739612.410023121] [exploration]: v=+0.00 w=+0.50 | 转向中 front=0.35 目标>0.8
[INFO] [1790739612.509874950] [exploration]: v=+0.00 w=+0.50 | 转向中 front=0.37 目标>0.8
[INFO] [1790739612.610267591] [exploration]: v=+0.00 w=+0.50 | 转向中 front=0.38 目标>0.8
[INFO] [1790739612.709976659] [exploration]: v=+0.00 w=+0.50 | 转向中 front=0.40 目标>0.8
[INFO] [1790739612.810773275] [exploration]: v=+0.00 w=+0.50 | 转向中 front=0.42 目标>0.8
[INFO] [1790739612.909555635] [exploration]: v=+0.00 w=+0.50 | 转向中 front=0.45 目标>0.8
[INFO] [1790739613.010196270] [exploration]: v=+0.00 w=+0.00 | 转向完成，停稳 front=1.24
[INFO] [1790739613.110125271] [exploration]: v=+0.20 w=+0.00 | 直行 d=1.24
[INFO] [1790739613.210627719] [exploration]: v=+0.20 w=+0.00 | 直行 d=1.25
[INFO] [1790739613.409718333] [exploration]: v=+0.20 w=+0.00 | 直行 d=1.23
[INFO] [1790739613.510418732] [exploration]: v=+0.20 w=+0.00 | 直行 d=1.21
[INFO] [1790739613.611420354] [exploration]: v=+0.20 w=+0.00 | 直行 d=1.19
[INFO] [1790739613.711695647] [exploration]: v=+0.20 w=+0.00 | 直行 d=1.17
[INFO] [1790739613.811693735] [exploration]: v=+0.20 w=+0.00 | 直行 d=1.15
[INFO] [1790739614.011224081] [exploration]: v=+0.20 w=+0.00 | 直行 d=1.14
[INFO] [1790739614.111425387] [exploration]: v=+0.20 w=+0.00 | 直行 d=1.12
[INFO] [1790739614.311522451] [exploration]: v=+0.00 w=+0.50 | 转向，由于危险 d=0.40
[INFO] [1790739614.411539679] [exploration]: v=+0.00 w=+0.50 | 转向中 front=0.31 目标>0.8
[INFO] [1790739614.513871835] [exploration]: v=+0.00 w=+0.50 | 转向中 front=0.28 目标>0.8
[INFO] [1790739614.613162629] [exploration]: v=+0.00 w=+0.50 | 转向中 front=0.30 目标>0.8
[INFO] [1790739614.712355112] [exploration]: v=+0.00 w=+0.50 | 转向中 front=0.13 目标>0.8
[INFO] [1790739614.813815940] [exploration]: v=+0.00 w=+0.50 | 转向中 front=0.14 目标>0.8
[INFO] [1790739615.013845430] [exploration]: v=+0.00 w=+0.00 | 转向完成，停稳 front=1.10
[INFO] [1790739615.114172258] [exploration]: v=+0.20 w=+0.00 | 直行 d=1.09
[INFO] [1790739615.315035705] [exploration]: v=+0.20 w=+0.00 | 直行 d=1.08
[INFO] [1790739615.414564079] [exploration]: v=+0.20 w=+0.00 | 直行 d=1.06
[INFO] [1790739615.514315282] [exploration]: v=+0.20 w=+0.00 | 直行 d=1.05
[INFO] [1790739615.614816901] [exploration]: v=+0.20 w=+0.00 | 直行 d=1.03
[INFO] [1790739615.715290414] [exploration]: v=+0.20 w=+0.00 | 直行 d=1.02
[INFO] [1790739615.815945871] [exploration]: v=+0.20 w=+0.00 | 直行 d=1.01
[INFO] [1790739616.115416123] [exploration]: v=+0.20 w=+0.00 | 直行 d=1.00
[INFO] [1790739616.215621545] [exploration]: v=+0.20 w=+0.00 | 直行 d=1.02
[INFO] [1790739616.316253081] [exploration]: v=+0.20 w=+0.00 | 直行 d=1.03
[INFO] [1790739616.516215230] [exploration]: v=+0.20 w=+0.00 | 直行 d=1.06
[INFO] [1790739616.616850489] [exploration]: v=+0.20 w=+0.00 | 直行 d=1.07
[INFO] [1790739616.717547730] [exploration]: v=+0.20 w=+0.00 | 直行 d=1.10
[INFO] [1790739616.816838954] [exploration]: v=+0.20 w=+0.00 | 直行 d=1.11
[INFO] [1790739616.916635646] [exploration]: v=+0.20 w=+0.00 | 直行 d=1.15
[INFO] [1790739617.017414911] [exploration]: v=+0.20 w=+0.00 | 直行 d=1.13
[INFO] [1790739617.117008151] [exploration]: v=+0.20 w=+0.00 | 直行 d=1.14
[INFO] [1790739617.218119121] [exploration]: v=+0.20 w=+0.00 | 直行 d=1.12
[INFO] [1790739617.318654496] [exploration]: v=+0.20 w=+0.00 | 直行 d=1.11
[INFO] [1790739617.417758106] [exploration]: v=+0.20 w=+0.00 | 直行 d=1.09
[INFO] [1790739617.517554769] [exploration]: v=+0.20 w=+0.00 | 直行 d=1.08
[INFO] [1790739617.618261252] [exploration]: v=+0.20 w=+0.00 | 直行 d=1.05
[INFO] [1790739617.818198989] [exploration]: v=+0.20 w=+0.00 | 直行 d=1.03
[INFO] [1790739618.018042744] [exploration]: v=+0.20 w=+0.00 | 直行 d=1.01
[INFO] [1790739618.418106255] [exploration]: v=+0.20 w=+0.00 | 直行 d=1.00
[INFO] [1790739618.518332594] [exploration]: v=+0.20 w=+0.00 | 直行 d=0.99
[INFO] [1790739618.618949783] [exploration]: v=+0.20 w=+0.00 | 直行 d=1.00
[INFO] [1790739618.720815671] [exploration]: v=+0.00 w=+0.50 | 转向，由于危险 d=0.40
[INFO] [1790739618.820766937] [exploration]: v=+0.00 w=+0.50 | 转向中 front=0.33 目标>0.8
[INFO] [1790739619.020330459] [exploration]: v=+0.00 w=+0.50 | 转向中 front=0.34 目标>0.8
[INFO] [1790739619.120824423] [exploration]: v=+0.00 w=+0.50 | 转向中 front=0.38 目标>0.8
